sourceDataset,year,areaName,industryMediumClassName,currencyUnitName,averageSalesAmountRaw,averageSalesAmountKrwAssumed,areaUnitAverageSalesAmountRaw,areaUnitAverageSalesAmountKrwAssumed,amountUnitAssumption
area_industry_average_out,2017,서울,한식,(단위 :천원),17421,17421000,233,233000,FTC franchise API raw amount values are assumed to be in KRW thousand units based on franchise disclosure conventions.
area_industry_average_out,2017,부산,한식,(단위 :천원),23146,23146000,206,206000,FTC franchise API raw amount values are assumed to be in KRW thousand units based on franchise disclosure conventions.
area_industry_average_out,2017,대구,한식,(단위 :천원),21759,21759000,231,231000,FTC franchise API raw amount values are assumed to be in KRW thousand units based on franchise disclosure conventions.
area_industry_average_out,2017,인천,한식,(단위 :천원),25073,25073000,276,276000,FTC franchise API raw amount values are assumed to be in KRW thousand units based on franchise disclosure conventions.
area_industry_average_out,2017,광주,한식,(단위 :천원),16157,16157000,182,182000,FTC franchise API raw amount values are assumed to be in KRW thousand units based on franchise disclosure conventions.
area_industry_average_out,2017,대전,한식,(단위 :천원),17723,17723000,202,202000,FTC franchise API raw amount values are assumed to be in KRW thousand units based on franchise disclosure conventions.
area_industry_average_out,2017,울산,한식,(단위 :천원),26839,26839000,239,239000,FTC franchise API raw amount values are assumed to be in KRW thousand units based on franchise disclosure conventions.
area_industry_average_out,2017,경기,한식,(단위 :천원),15419,15419000,169,169000,FTC franchise API raw amount values are assumed to be in KRW thousand units based on franchise disclosure conventions.
area_industry_average_out,2017,강원,한식,(단위 :천원),13630,13630000,240,240000,FTC franchise API raw amount values are assumed to be in KRW thousand units based on franchise disclosure conventions.
area_industry_average_out,2017,충북,한식,(단위 :천원),16531,16531000,221,221000,FTC franchise API raw amount values are assumed to be in KRW thousand units based on franchise disclosure conventions.
area_industry_average_out,2017,충남,한식,(단위 :천원),17128,17128000,231,231000,FTC franchise API raw amount values are assumed to be in KRW thousand units based on franchise disclosure conventions.
area_industry_average_out,2017,전북,한식,(단위 :천원),19112,19112000,193,193000,FTC franchise API raw amount values are assumed to be in KRW thousand units based on franchise disclosure conventions.
area_industry_average_out,2017,전남,한식,(단위 :천원),17670,17670000,230,230000,FTC franchise API raw amount values are assumed to be in KRW thousand units based on franchise disclosure conventions.
area_industry_average_out,2017,경북,한식,(단위 :천원),18382,18382000,192,192000,FTC franchise API raw amount values are assumed to be in KRW thousand units based on franchise disclosure conventions.
area_industry_average_out,2017,경남,한식,(단위 :천원),16610,16610000,172,172000,FTC franchise API raw amount values are assumed to be in KRW thousand units based on franchise disclosure conventions.
area_industry_average_out,2017,제주,한식,(단위 :천원),11706,11706000,181,181000,FTC franchise API raw amount values are assumed to be in KRW thousand units based on franchise disclosure conventions.
area_industry_average_out,2017,세종,한식,(단위 :천원),4755,4755000,349,349000,FTC franchise API raw amount values are assumed to be in KRW thousand units based on franchise disclosure conventions.
area_industry_average_out,2017,서울,분식,(단위 :천원),7892,7892000,226,226000,FTC franchise API raw amount values are assumed to be in KRW thousand units based on franchise disclosure conventions.
area_industry_average_out,2017,부산,분식,(단위 :천원),11153,11153000,349,349000,FTC franchise API raw amount values are assumed to be in KRW thousand units based on franchise disclosure conventions.
area_industry_average_out,2017,대구,분식,(단위 :천원),7152,7152000,279,279000,FTC franchise API raw amount values are assumed to be in KRW thousand units based on franchise disclosure conventions.
area_industry_average_out,2017,인천,분식,(단위 :천원),13024,13024000,487,487000,FTC franchise API raw amount values are assumed to be in KRW thousand units based on franchise disclosure conventions.
area_industry_average_out,2017,광주,분식,(단위 :천원),6899,6899000,261,261000,FTC franchise API raw amount values are assumed to be in KRW thousand units based on franchise disclosure conventions.
area_industry_average_out,2017,대전,분식,(단위 :천원),11212,11212000,355,355000,FTC franchise API raw amount values are assumed to be in KRW thousand units based on franchise disclosure conventions.
area_industry_average_out,2017,울산,분식,(단위 :천원),11785,11785000,372,372000,FTC franchise API raw amount values are assumed to be in KRW thousand units based on franchise disclosure conventions.
area_industry_average_out,2017,경기,분식,(단위 :천원),7410,7410000,241,241000,FTC franchise API raw amount values are assumed to be in KRW thousand units based on franchise disclosure conventions.
area_industry_average_out,2017,강원,분식,(단위 :천원),10691,10691000,400,400000,FTC franchise API raw amount values are assumed to be in KRW thousand units based on franchise disclosure conventions.
area_industry_average_out,2017,충북,분식,(단위 :천원),7272,7272000,226,226000,FTC franchise API raw amount values are assumed to be in KRW thousand units based on franchise disclosure conventions.
area_industry_average_out,2017,충남,분식,(단위 :천원),8327,8327000,254,254000,FTC franchise API raw amount values are assumed to be in KRW thousand units based on franchise disclosure conventions.
area_industry_average_out,2017,전북,분식,(단위 :천원),7433,7433000,210,210000,FTC franchise API raw amount values are assumed to be in KRW thousand units based on franchise disclosure conventions.
area_industry_average_out,2017,전남,분식,(단위 :천원),7437,7437000,200,200000,FTC franchise API raw amount values are assumed to be in KRW thousand units based on franchise disclosure conventions.
area_industry_average_out,2017,경북,분식,(단위 :천원),9925,9925000,342,342000,FTC franchise API raw amount values are assumed to be in KRW thousand units based on franchise disclosure conventions.
area_industry_average_out,2017,경남,분식,(단위 :천원),7310,7310000,209,209000,FTC franchise API raw amount values are assumed to be in KRW thousand units based on franchise disclosure conventions.
area_industry_average_out,2017,제주,분식,(단위 :천원),11165,11165000,594,594000,FTC franchise API raw amount values are assumed to be in KRW thousand units based on franchise disclosure conventions.
area_industry_average_out,2017,세종,분식,(단위 :천원),5593,5593000,451,451000,FTC franchise API raw amount values are assumed to be in KRW thousand units based on franchise disclosure conventions.
area_industry_average_out,2017,제주,아이스크림/빙수 ,(단위 :천원),21825,21825000,324,324000,FTC franchise API raw amount values are assumed to be in KRW thousand units based on franchise disclosure conventions.
area_industry_average_out,2017,세종,아이스크림/빙수 ,(단위 :천원),31412,31412000,1661,1661000,FTC franchise API raw amount values are assumed to be in KRW thousand units based on franchise disclosure conventions.
area_industry_average_out,2017,서울,커피,(단위 :천원),3871,3871000,101,101000,FTC franchise API raw amount values are assumed to be in KRW thousand units based on franchise disclosure conventions.
area_industry_average_out,2017,부산,커피,(단위 :천원),6914,6914000,113,113000,FTC franchise API raw amount values are assumed to be in KRW thousand units based on franchise disclosure conventions.
area_industry_average_out,2017,대구,커피,(단위 :천원),9352,9352000,133,133000,FTC franchise API raw amount values are assumed to be in KRW thousand units based on franchise disclosure conventions.
area_industry_average_out,2017,인천,커피,(단위 :천원),6912,6912000,130,130000,FTC franchise API raw amount values are assumed to be in KRW thousand units based on franchise disclosure conventions.
area_industry_average_out,2017,광주,커피,(단위 :천원),11835,11835000,124,124000,FTC franchise API raw amount values are assumed to be in KRW thousand units based on franchise disclosure conventions.
area_industry_average_out,2017,대전,커피,(단위 :천원),8943,8943000,116,116000,FTC franchise API raw amount values are assumed to be in KRW thousand units based on franchise disclosure conventions.
area_industry_average_out,2017,울산,커피,(단위 :천원),12051,12051000,184,184000,FTC franchise API raw amount values are assumed to be in KRW thousand units based on franchise disclosure conventions.
area_industry_average_out,2017,경기,커피,(단위 :천원),3971,3971000,79,79000,FTC franchise API raw amount values are assumed to be in KRW thousand units based on franchise disclosure conventions.
area_industry_average_out,2017,강원,커피,(단위 :천원),13311,13311000,205,205000,FTC franchise API raw amount values are assumed to be in KRW thousand units based on franchise disclosure conventions.
area_industry_average_out,2017,경북,음료 (커피 외),(단위 :천원),7659,7659000,640,640000,FTC franchise API raw amount values are assumed to be in KRW thousand units based on franchise disclosure conventions.
area_industry_average_out,2017,경남,음료 (커피 외),(단위 :천원),7331,7331000,351,351000,FTC franchise API raw amount values are assumed to be in KRW thousand units based on franchise disclosure conventions.
area_industry_average_out,2017,제주,음료 (커피 외),(단위 :천원),26609,26609000,780,780000,FTC franchise API raw amount values are assumed to be in KRW thousand units based on franchise disclosure conventions.
area_industry_average_out,2017,세종,음료 (커피 외),(단위 :천원),0,0,0,0,FTC franchise API raw amount values are assumed to be in KRW thousand units based on franchise disclosure conventions.
area_industry_average_out,2017,서울,주점,(단위 :천원),13825,13825000,199,199000,FTC franchise API raw amount values are assumed to be in KRW thousand units based on franchise disclosure conventions.
area_industry_average_out,2017,부산,주점,(단위 :천원),7709,7709000,114,114000,FTC franchise API raw amount values are assumed to be in KRW thousand units based on franchise disclosure conventions.
area_industry_average_out,2017,대구,주점,(단위 :천원),9975,9975000,126,126000,FTC franchise API raw amount values are assumed to be in KRW thousand units based on franchise disclosure conventions.
area_industry_average_out,2017,인천,주점,(단위 :천원),16783,16783000,175,175000,FTC franchise API raw amount values are assumed to be in KRW thousand units based on franchise disclosure conventions.
area_industry_average_out,2017,광주,주점,(단위 :천원),4407,4407000,37,37000,FTC franchise API raw amount values are assumed to be in KRW thousand units based on franchise disclosure conventions.
area_industry_average_out,2017,대전,주점,(단위 :천원),6918,6918000,58,58000,FTC franchise API raw amount values are assumed to be in KRW thousand units based on franchise disclosure conventions.
area_industry_average_out,2017,울산,주점,(단위 :천원),6692,6692000,65,65000,FTC franchise API raw amount values are assumed to be in KRW thousand units based on franchise disclosure conventions.
area_industry_average_out,2017,경기,주점,(단위 :천원),8551,8551000,117,117000,FTC franchise API raw amount values are assumed to be in KRW thousand units based on franchise disclosure conventions.
area_industry_average_out,2017,강원,주점,(단위 :천원),8143,8143000,66,66000,FTC franchise API raw amount values are assumed to be in KRW thousand units based on franchise disclosure conventions.
area_industry_average_out,2017,충북,주점,(단위 :천원),5806,5806000,54,54000,FTC franchise API raw amount values are assumed to be in KRW thousand units based on franchise disclosure conventions.
area_industry_average_out,2017,충남,주점,(단위 :천원),7607,7607000,84,84000,FTC franchise API raw amount values are assumed to be in KRW thousand units based on franchise disclosure conventions.
area_industry_average_out,2017,전북,주점,(단위 :천원),7999,7999000,88,88000,FTC franchise API raw amount values are assumed to be in KRW thousand units based on franchise disclosure conventions.
area_industry_average_out,2017,전남,주점,(단위 :천원),6101,6101000,70,70000,FTC franchise API raw amount values are assumed to be in KRW thousand units based on franchise disclosure conventions.
area_industry_average_out,2017,경북,주점,(단위 :천원),4875,4875000,67,67000,FTC franchise API raw amount values are assumed to be in KRW thousand units based on franchise disclosure conventions.
area_industry_average_out,2017,경남,주점,(단위 :천원),5529,5529000,69,69000,FTC franchise API raw amount values are assumed to be in KRW thousand units based on franchise disclosure conventions.
area_industry_average_out,2017,제주,주점,(단위 :천원),10968,10968000,89,89000,FTC franchise API raw amount values are assumed to be in KRW thousand units based on franchise disclosure conventions.
area_industry_average_out,2017,서울,패스트푸드,(단위 :천원),17191,17191000,255,255000,FTC franchise API raw amount values are assumed to be in KRW thousand units based on franchise disclosure conventions.
area_industry_average_out,2017,부산,패스트푸드,(단위 :천원),14596,14596000,171,171000,FTC franchise API raw amount values are assumed to be in KRW thousand units based on franchise disclosure conventions.
area_industry_average_out,2017,대구,패스트푸드,(단위 :천원),32775,32775000,227,227000,FTC franchise API raw amount values are assumed to be in KRW thousand units based on franchise disclosure conventions.
area_industry_average_out,2017,인천,패스트푸드,(단위 :천원),25868,25868000,289,289000,FTC franchise API raw amount values are assumed to be in KRW thousand units based on franchise disclosure conventions.
area_industry_average_out,2017,광주,패스트푸드,(단위 :천원),28054,28054000,325,325000,FTC franchise API raw amount values are assumed to be in KRW thousand units based on franchise disclosure conventions.
area_industry_average_out,2017,대전,패스트푸드,(단위 :천원),30646,30646000,309,309000,FTC franchise API raw amount values are assumed to be in KRW thousand units based on franchise disclosure conventions.
area_industry_average_out,2017,울산,패스트푸드,(단위 :천원),11421,11421000,182,182000,FTC franchise API raw amount values are assumed to be in KRW thousand units based on franchise disclosure conventions.
area_industry_average_out,2017,경기,패스트푸드,(단위 :천원),9437,9437000,128,128000,FTC franchise API raw amount values are assumed to be in KRW thousand units based on franchise disclosure conventions.
area_industry_average_out,2017,강원,패스트푸드,(단위 :천원),9344,9344000,187,187000,FTC franchise API raw amount values are assumed to be in KRW thousand units based on franchise disclosure conventions.
area_industry_average_out,2017,충북,패스트푸드,(단위 :천원),18213,18213000,191,191000,FTC franchise API raw amount values are assumed to be in KRW thousand units based on franchise disclosure conventions.
area_industry_average_out,2017,서울,중식,(단위 :천원),27330,27330000,179,179000,FTC franchise API raw amount values are assumed to be in KRW thousand units based on franchise disclosure conventions.
area_industry_average_out,2017,부산,중식,(단위 :천원),32351,32351000,253,253000,FTC franchise API raw amount values are assumed to be in KRW thousand units based on franchise disclosure conventions.
area_industry_average_out,2017,대구,중식,(단위 :천원),6101,6101000,71,71000,FTC franchise API raw amount values are assumed to be in KRW thousand units based on franchise disclosure conventions.
area_industry_average_out,2017,인천,중식,(단위 :천원),55264,55264000,539,539000,FTC franchise API raw amount values are assumed to be in KRW thousand units based on franchise disclosure conventions.
area_industry_average_out,2017,광주,중식,(단위 :천원),19887,19887000,178,178000,FTC franchise API raw amount values are assumed to be in KRW thousand units based on franchise disclosure conventions.
area_industry_average_out,2017,대전,중식,(단위 :천원),28507,28507000,306,306000,FTC franchise API raw amount values are assumed to be in KRW thousand units based on franchise disclosure conventions.
area_industry_average_out,2017,울산,중식,(단위 :천원),39255,39255000,501,501000,FTC franchise API raw amount values are assumed to be in KRW thousand units based on franchise disclosure conventions.
area_industry_average_out,2017,경기,중식,(단위 :천원),19764,19764000,183,183000,FTC franchise API raw amount values are assumed to be in KRW thousand units based on franchise disclosure conventions.
area_industry_average_out,2017,강원,중식,(단위 :천원),3490,3490000,0,0,FTC franchise API raw amount values are assumed to be in KRW thousand units based on franchise disclosure conventions.
area_industry_average_out,2017,충북,중식,(단위 :천원),15495,15495000,164,164000,FTC franchise API raw amount values are assumed to be in KRW thousand units based on franchise disclosure conventions.
area_industry_average_out,2017,충남,중식,(단위 :천원),33949,33949000,346,346000,FTC franchise API raw amount values are assumed to be in KRW thousand units based on franchise disclosure conventions.
area_industry_average_out,2017,전북,중식,(단위 :천원),24550,24550000,150,150000,FTC franchise API raw amount values are assumed to be in KRW thousand units based on franchise disclosure conventions.
area_industry_average_out,2017,전남,중식,(단위 :천원),0,0,0,0,FTC franchise API raw amount values are assumed to be in KRW thousand units based on franchise disclosure conventions.
area_industry_average_out,2017,경북,중식,(단위 :천원),6254,6254000,0,0,FTC franchise API raw amount values are assumed to be in KRW thousand units based on franchise disclosure conventions.
area_industry_average_out,2017,경남,중식,(단위 :천원),26226,26226000,371,371000,FTC franchise API raw amount values are assumed to be in KRW thousand units based on franchise disclosure conventions.
area_industry_average_out,2017,제주,중식,(단위 :천원),0,0,0,0,FTC franchise API raw amount values are assumed to be in KRW thousand units based on franchise disclosure conventions.
area_industry_average_out,2017,세종,중식,(단위 :천원),0,0,0,0,FTC franchise API raw amount values are assumed to be in KRW thousand units based on franchise disclosure conventions.
area_industry_average_out,2017,경기,제과제빵,(단위 :천원),4182,4182000,125,125000,FTC franchise API raw amount values are assumed to be in KRW thousand units based on franchise disclosure conventions.
area_industry_average_out,2017,강원,제과제빵,(단위 :천원),6280,6280000,205,205000,FTC franchise API raw amount values are assumed to be in KRW thousand units based on franchise disclosure conventions.
area_industry_average_out,2017,충북,제과제빵,(단위 :천원),5392,5392000,153,153000,FTC franchise API raw amount values are assumed to be in KRW thousand units based on franchise disclosure conventions.
area_industry_average_out,2017,충남,제과제빵,(단위 :천원),5953,5953000,136,136000,FTC franchise API raw amount values are assumed to be in KRW thousand units based on franchise disclosure conventions.
area_industry_average_out,2017,전북,제과제빵,(단위 :천원),7350,7350000,1039,1039000,FTC franchise API raw amount values are assumed to be in KRW thousand units based on franchise disclosure conventions.
area_industry_average_out,2017,전남,제과제빵,(단위 :천원),7185,7185000,193,193000,FTC franchise API raw amount values are assumed to be in KRW thousand units based on franchise disclosure conventions.
area_industry_average_out,2017,경북,제과제빵,(단위 :천원),5749,5749000,170,170000,FTC franchise API raw amount values are assumed to be in KRW thousand units based on franchise disclosure conventions.
area_industry_average_out,2017,경남,제과제빵,(단위 :천원),6585,6585000,172,172000,FTC franchise API raw amount values are assumed to be in KRW thousand units based on franchise disclosure conventions.
area_industry_average_out,2017,제주,제과제빵,(단위 :천원),18636,18636000,420,420000,FTC franchise API raw amount values are assumed to be in KRW thousand units based on franchise disclosure conventions.
area_industry_average_out,2017,세종,제과제빵,(단위 :천원),42127,42127000,1501,1501000,FTC franchise API raw amount values are assumed to be in KRW thousand units based on franchise disclosure conventions.
area_industry_average_out,2017,서울,아이스크림/빙수 ,(단위 :천원),4900,4900000,111,111000,FTC franchise API raw amount values are assumed to be in KRW thousand units based on franchise disclosure conventions.
area_industry_average_out,2017,부산,아이스크림/빙수 ,(단위 :천원),6450,6450000,121,121000,FTC franchise API raw amount values are assumed to be in KRW thousand units based on franchise disclosure conventions.
area_industry_average_out,2017,대구,치킨,(단위 :천원),5840,5840000,153,153000,FTC franchise API raw amount values are assumed to be in KRW thousand units based on franchise disclosure conventions.
area_industry_average_out,2017,인천,치킨,(단위 :천원),6771,6771000,184,184000,FTC franchise API raw amount values are assumed to be in KRW thousand units based on franchise disclosure conventions.
area_industry_average_out,2017,광주,치킨,(단위 :천원),10467,10467000,275,275000,FTC franchise API raw amount values are assumed to be in KRW thousand units based on franchise disclosure conventions.
area_industry_average_out,2017,대전,치킨,(단위 :천원),9389,9389000,226,226000,FTC franchise API raw amount values are assumed to be in KRW thousand units based on franchise disclosure conventions.
area_industry_average_out,2017,울산,치킨,(단위 :천원),9194,9194000,244,244000,FTC franchise API raw amount values are assumed to be in KRW thousand units based on franchise disclosure conventions.
area_industry_average_out,2017,경기,치킨,(단위 :천원),3395,3395000,84,84000,FTC franchise API raw amount values are assumed to be in KRW thousand units based on franchise disclosure conventions.
area_industry_average_out,2017,강원,치킨,(단위 :천원),6799,6799000,171,171000,FTC franchise API raw amount values are assumed to be in KRW thousand units based on franchise disclosure conventions.
area_industry_average_out,2017,충북,치킨,(단위 :천원),7743,7743000,215,215000,FTC franchise API raw amount values are assumed to be in KRW thousand units based on franchise disclosure conventions.
area_industry_average_out,2017,충남,치킨,(단위 :천원),7771,7771000,192,192000,FTC franchise API raw amount values are assumed to be in KRW thousand units based on franchise disclosure conventions.
area_industry_average_out,2017,전북,치킨,(단위 :천원),9207,9207000,177,177000,FTC franchise API raw amount values are assumed to be in KRW thousand units based on franchise disclosure conventions.
area_industry_average_out,2017,전남,치킨,(단위 :천원),7934,7934000,201,201000,FTC franchise API raw amount values are assumed to be in KRW thousand units based on franchise disclosure conventions.
area_industry_average_out,2017,경북,치킨,(단위 :천원),5257,5257000,125,125000,FTC franchise API raw amount values are assumed to be in KRW thousand units based on franchise disclosure conventions.
area_industry_average_out,2017,경남,치킨,(단위 :천원),5198,5198000,124,124000,FTC franchise API raw amount values are assumed to be in KRW thousand units based on franchise disclosure conventions.
area_industry_average_out,2017,제주,치킨,(단위 :천원),14831,14831000,448,448000,FTC franchise API raw amount values are assumed to be in KRW thousand units based on franchise disclosure conventions.
area_industry_average_out,2017,세종,치킨,(단위 :천원),21486,21486000,1402,1402000,FTC franchise API raw amount values are assumed to be in KRW thousand units based on franchise disclosure conventions.
area_industry_average_out,2017,서울,피자,(단위 :천원),7112,7112000,204,204000,FTC franchise API raw amount values are assumed to be in KRW thousand units based on franchise disclosure conventions.
area_industry_average_out,2017,부산,피자,(단위 :천원),12586,12586000,271,271000,FTC franchise API raw amount values are assumed to be in KRW thousand units based on franchise disclosure conventions.
area_industry_average_out,2017,대구,피자,(단위 :천원),16214,16214000,392,392000,FTC franchise API raw amount values are assumed to be in KRW thousand units based on franchise disclosure conventions.
area_industry_average_out,2017,인천,피자,(단위 :천원),11498,11498000,287,287000,FTC franchise API raw amount values are assumed to be in KRW thousand units based on franchise disclosure conventions.
area_industry_average_out,2017,광주,피자,(단위 :천원),16506,16506000,253,253000,FTC franchise API raw amount values are assumed to be in KRW thousand units based on franchise disclosure conventions.
area_industry_average_out,2017,대전,피자,(단위 :천원),14670,14670000,319,319000,FTC franchise API raw amount values are assumed to be in KRW thousand units based on franchise disclosure conventions.
area_industry_average_out,2017,울산,피자,(단위 :천원),16002,16002000,332,332000,FTC franchise API raw amount values are assumed to be in KRW thousand units based on franchise disclosure conventions.
area_industry_average_out,2017,경기,피자,(단위 :천원),4485,4485000,119,119000,FTC franchise API raw amount values are assumed to be in KRW thousand units based on franchise disclosure conventions.
area_industry_average_out,2017,강원,피자,(단위 :천원),15540,15540000,290,290000,FTC franchise API raw amount values are assumed to be in KRW thousand units based on franchise disclosure conventions.
area_industry_average_out,2017,충북,피자,(단위 :천원),15433,15433000,284,284000,FTC franchise API raw amount values are assumed to be in KRW thousand units based on franchise disclosure conventions.
area_industry_average_out,2017,충남,피자,(단위 :천원),11625,11625000,235,235000,FTC franchise API raw amount values are assumed to be in KRW thousand units based on franchise disclosure conventions.
area_industry_average_out,2017,전북,피자,(단위 :천원),16449,16449000,303,303000,FTC franchise API raw amount values are assumed to be in KRW thousand units based on franchise disclosure conventions.
area_industry_average_out,2017,전남,피자,(단위 :천원),14664,14664000,303,303000,FTC franchise API raw amount values are assumed to be in KRW thousand units based on franchise disclosure conventions.
area_industry_average_out,2017,경북,피자,(단위 :천원),12577,12577000,274,274000,FTC franchise API raw amount values are assumed to be in KRW thousand units based on franchise disclosure conventions.
area_industry_average_out,2017,경남,피자,(단위 :천원),10913,10913000,230,230000,FTC franchise API raw amount values are assumed to be in KRW thousand units based on franchise disclosure conventions.
area_industry_average_out,2017,제주,피자,(단위 :천원),21156,21156000,405,405000,FTC franchise API raw amount values are assumed to be in KRW thousand units based on franchise disclosure conventions.
area_industry_average_out,2017,세종,피자,(단위 :천원),0,0,0,0,FTC franchise API raw amount values are assumed to be in KRW thousand units based on franchise disclosure conventions.
area_industry_average_out,2017,서울,제과제빵,(단위 :천원),4862,4862000,177,177000,FTC franchise API raw amount values are assumed to be in KRW thousand units based on franchise disclosure conventions.
area_industry_average_out,2017,부산,제과제빵,(단위 :천원),6982,6982000,408,408000,FTC franchise API raw amount values are assumed to be in KRW thousand units based on franchise disclosure conventions.
area_industry_average_out,2017,대구,제과제빵,(단위 :천원),6529,6529000,264,264000,FTC franchise API raw amount values are assumed to be in KRW thousand units based on franchise disclosure conventions.
area_industry_average_out,2017,인천,제과제빵,(단위 :천원),6370,6370000,197,197000,FTC franchise API raw amount values are assumed to be in KRW thousand units based on franchise disclosure conventions.
area_industry_average_out,2017,광주,제과제빵,(단위 :천원),10228,10228000,269,269000,FTC franchise API raw amount values are assumed to be in KRW thousand units based on franchise disclosure conventions.
area_industry_average_out,2017,대전,제과제빵,(단위 :천원),6545,6545000,146,146000,FTC franchise API raw amount values are assumed to be in KRW thousand units based on franchise disclosure conventions.
area_industry_average_out,2017,울산,제과제빵,(단위 :천원),11833,11833000,322,322000,FTC franchise API raw amount values are assumed to be in KRW thousand units based on franchise disclosure conventions.
area_industry_average_out,2017,충북,커피,(단위 :천원),9903,9903000,173,173000,FTC franchise API raw amount values are assumed to be in KRW thousand units based on franchise disclosure conventions.
area_industry_average_out,2017,충남,커피,(단위 :천원),9354,9354000,159,159000,FTC franchise API raw amount values are assumed to be in KRW thousand units based on franchise disclosure conventions.
area_industry_average_out,2017,전북,커피,(단위 :천원),9664,9664000,113,113000,FTC franchise API raw amount values are assumed to be in KRW thousand units based on franchise disclosure conventions.
area_industry_average_out,2017,전남,커피,(단위 :천원),10309,10309000,148,148000,FTC franchise API raw amount values are assumed to be in KRW thousand units based on franchise disclosure conventions.
area_industry_average_out,2017,경북,커피,(단위 :천원),9182,9182000,138,138000,FTC franchise API raw amount values are assumed to be in KRW thousand units based on franchise disclosure conventions.
area_industry_average_out,2017,경남,커피,(단위 :천원),6650,6650000,124,124000,FTC franchise API raw amount values are assumed to be in KRW thousand units based on franchise disclosure conventions.
area_industry_average_out,2017,제주,커피,(단위 :천원),18715,18715000,231,231000,FTC franchise API raw amount values are assumed to be in KRW thousand units based on franchise disclosure conventions.
area_industry_average_out,2017,세종,커피,(단위 :천원),30911,30911000,707,707000,FTC franchise API raw amount values are assumed to be in KRW thousand units based on franchise disclosure conventions.
area_industry_average_out,2017,서울,음료 (커피 외),(단위 :천원),5250,5250000,216,216000,FTC franchise API raw amount values are assumed to be in KRW thousand units based on franchise disclosure conventions.
area_industry_average_out,2017,부산,음료 (커피 외),(단위 :천원),13133,13133000,427,427000,FTC franchise API raw amount values are assumed to be in KRW thousand units based on franchise disclosure conventions.
area_industry_average_out,2017,대구,음료 (커피 외),(단위 :천원),10324,10324000,440,440000,FTC franchise API raw amount values are assumed to be in KRW thousand units based on franchise disclosure conventions.
area_industry_average_out,2017,인천,음료 (커피 외),(단위 :천원),14134,14134000,350,350000,FTC franchise API raw amount values are assumed to be in KRW thousand units based on franchise disclosure conventions.
area_industry_average_out,2017,광주,음료 (커피 외),(단위 :천원),18004,18004000,442,442000,FTC franchise API raw amount values are assumed to be in KRW thousand units based on franchise disclosure conventions.
area_industry_average_out,2017,대전,음료 (커피 외),(단위 :천원),16033,16033000,419,419000,FTC franchise API raw amount values are assumed to be in KRW thousand units based on franchise disclosure conventions.
area_industry_average_out,2017,울산,음료 (커피 외),(단위 :천원),4566,4566000,476,476000,FTC franchise API raw amount values are assumed to be in KRW thousand units based on franchise disclosure conventions.
area_industry_average_out,2017,경기,음료 (커피 외),(단위 :천원),4639,4639000,195,195000,FTC franchise API raw amount values are assumed to be in KRW thousand units based on franchise disclosure conventions.
area_industry_average_out,2017,강원,음료 (커피 외),(단위 :천원),10955,10955000,530,530000,FTC franchise API raw amount values are assumed to be in KRW thousand units based on franchise disclosure conventions.
area_industry_average_out,2017,충북,음료 (커피 외),(단위 :천원),3668,3668000,328,328000,FTC franchise API raw amount values are assumed to be in KRW thousand units based on franchise disclosure conventions.
area_industry_average_out,2017,충남,음료 (커피 외),(단위 :천원),15610,15610000,717,717000,FTC franchise API raw amount values are assumed to be in KRW thousand units based on franchise disclosure conventions.
area_industry_average_out,2017,전북,음료 (커피 외),(단위 :천원),13577,13577000,620,620000,FTC franchise API raw amount values are assumed to be in KRW thousand units based on franchise disclosure conventions.
area_industry_average_out,2017,전남,음료 (커피 외),(단위 :천원),9681,9681000,728,728000,FTC franchise API raw amount values are assumed to be in KRW thousand units based on franchise disclosure conventions.
area_industry_average_out,2017,충남,패스트푸드,(단위 :천원),18580,18580000,203,203000,FTC franchise API raw amount values are assumed to be in KRW thousand units based on franchise disclosure conventions.
area_industry_average_out,2017,전북,패스트푸드,(단위 :천원),15487,15487000,255,255000,FTC franchise API raw amount values are assumed to be in KRW thousand units based on franchise disclosure conventions.
area_industry_average_out,2017,전남,패스트푸드,(단위 :천원),13158,13158000,162,162000,FTC franchise API raw amount values are assumed to be in KRW thousand units based on franchise disclosure conventions.
area_industry_average_out,2017,경북,패스트푸드,(단위 :천원),15197,15197000,144,144000,FTC franchise API raw amount values are assumed to be in KRW thousand units based on franchise disclosure conventions.
area_industry_average_out,2017,경남,패스트푸드,(단위 :천원),9261,9261000,149,149000,FTC franchise API raw amount values are assumed to be in KRW thousand units based on franchise disclosure conventions.
area_industry_average_out,2017,제주,패스트푸드,(단위 :천원),25585,25585000,417,417000,FTC franchise API raw amount values are assumed to be in KRW thousand units based on franchise disclosure conventions.
area_industry_average_out,2017,세종,패스트푸드,(단위 :천원),34659,34659000,1323,1323000,FTC franchise API raw amount values are assumed to be in KRW thousand units based on franchise disclosure conventions.
area_industry_average_out,2017,서울,치킨,(단위 :천원),4659,4659000,115,115000,FTC franchise API raw amount values are assumed to be in KRW thousand units based on franchise disclosure conventions.
area_industry_average_out,2017,부산,치킨,(단위 :천원),6360,6360000,156,156000,FTC franchise API raw amount values are assumed to be in KRW thousand units based on franchise disclosure conventions.
area_industry_average_out,2017,대구,아이스크림/빙수 ,(단위 :천원),9300,9300000,186,186000,FTC franchise API raw amount values are assumed to be in KRW thousand units based on franchise disclosure conventions.
area_industry_average_out,2017,인천,아이스크림/빙수 ,(단위 :천원),8133,8133000,130,130000,FTC franchise API raw amount values are assumed to be in KRW thousand units based on franchise disclosure conventions.
area_industry_average_out,2017,광주,아이스크림/빙수 ,(단위 :천원),14340,14340000,203,203000,FTC franchise API raw amount values are assumed to be in KRW thousand units based on franchise disclosure conventions.
area_industry_average_out,2017,대전,아이스크림/빙수 ,(단위 :천원),15116,15116000,217,217000,FTC franchise API raw amount values are assumed to be in KRW thousand units based on franchise disclosure conventions.
area_industry_average_out,2017,울산,아이스크림/빙수 ,(단위 :천원),14620,14620000,206,206000,FTC franchise API raw amount values are assumed to be in KRW thousand units based on franchise disclosure conventions.
area_industry_average_out,2017,경기,아이스크림/빙수 ,(단위 :천원),2762,2762000,65,65000,FTC franchise API raw amount values are assumed to be in KRW thousand units based on franchise disclosure conventions.
area_industry_average_out,2017,강원,아이스크림/빙수 ,(단위 :천원),9779,9779000,263,263000,FTC franchise API raw amount values are assumed to be in KRW thousand units based on franchise disclosure conventions.
area_industry_average_out,2017,충북,아이스크림/빙수 ,(단위 :천원),14636,14636000,232,232000,FTC franchise API raw amount values are assumed to be in KRW thousand units based on franchise disclosure conventions.
area_industry_average_out,2017,충남,아이스크림/빙수 ,(단위 :천원),12109,12109000,246,246000,FTC franchise API raw amount values are assumed to be in KRW thousand units based on franchise disclosure conventions.
area_industry_average_out,2017,전북,아이스크림/빙수 ,(단위 :천원),12099,12099000,198,198000,FTC franchise API raw amount values are assumed to be in KRW thousand units based on franchise disclosure conventions.
area_industry_average_out,2017,전남,아이스크림/빙수 ,(단위 :천원),12706,12706000,186,186000,FTC franchise API raw amount values are assumed to be in KRW thousand units based on franchise disclosure conventions.
area_industry_average_out,2017,경북,아이스크림/빙수 ,(단위 :천원),8783,8783000,111,111000,FTC franchise API raw amount values are assumed to be in KRW thousand units based on franchise disclosure conventions.
area_industry_average_out,2017,경남,아이스크림/빙수 ,(단위 :천원),5495,5495000,99,99000,FTC franchise API raw amount values are assumed to be in KRW thousand units based on franchise disclosure conventions.
area_industry_average_out,2017,서울,서양식,(단위 :천원),37986,37986000,476,476000,FTC franchise API raw amount values are assumed to be in KRW thousand units based on franchise disclosure conventions.
area_industry_average_out,2017,부산,서양식,(단위 :천원),26390,26390000,264,264000,FTC franchise API raw amount values are assumed to be in KRW thousand units based on franchise disclosure conventions.
area_industry_average_out,2017,대구,서양식,(단위 :천원),34917,34917000,495,495000,FTC franchise API raw amount values are assumed to be in KRW thousand units based on franchise disclosure conventions.
area_industry_average_out,2017,인천,서양식,(단위 :천원),53109,53109000,0,0,FTC franchise API raw amount values are assumed to be in KRW thousand units based on franchise disclosure conventions.
area_industry_average_out,2017,광주,서양식,(단위 :천원),41578,41578000,0,0,FTC franchise API raw amount values are assumed to be in KRW thousand units based on franchise disclosure conventions.
area_industry_average_out,2017,대전,서양식,(단위 :천원),27654,27654000,0,0,FTC franchise API raw amount values are assumed to be in KRW thousand units based on franchise disclosure conventions.
area_industry_average_out,2017,울산,서양식,(단위 :천원),15516,15516000,0,0,FTC franchise API raw amount values are assumed to be in KRW thousand units based on franchise disclosure conventions.
area_industry_average_out,2017,경기,서양식,(단위 :천원),31121,31121000,362,362000,FTC franchise API raw amount values are assumed to be in KRW thousand units based on franchise disclosure conventions.
area_industry_average_out,2017,강원,서양식,(단위 :천원),0,0,0,0,FTC franchise API raw amount values are assumed to be in KRW thousand units based on franchise disclosure conventions.
area_industry_average_out,2017,충북,서양식,(단위 :천원),33060,33060000,0,0,FTC franchise API raw amount values are assumed to be in KRW thousand units based on franchise disclosure conventions.
area_industry_average_out,2017,충남,서양식,(단위 :천원),48626,48626000,163,163000,FTC franchise API raw amount values are assumed to be in KRW thousand units based on franchise disclosure conventions.
area_industry_average_out,2017,전북,서양식,(단위 :천원),47134,47134000,247,247000,FTC franchise API raw amount values are assumed to be in KRW thousand units based on franchise disclosure conventions.
area_industry_average_out,2017,세종,주점,(단위 :천원),11509,11509000,408,408000,FTC franchise API raw amount values are assumed to be in KRW thousand units based on franchise disclosure conventions.
area_industry_average_out,2017,서울,기타 외식,(단위 :천원),20350,20350000,288,288000,FTC franchise API raw amount values are assumed to be in KRW thousand units based on franchise disclosure conventions.
area_industry_average_out,2017,부산,기타 외식,(단위 :천원),17753,17753000,319,319000,FTC franchise API raw amount values are assumed to be in KRW thousand units based on franchise disclosure conventions.
area_industry_average_out,2017,대구,기타 외식,(단위 :천원),18337,18337000,365,365000,FTC franchise API raw amount values are assumed to be in KRW thousand units based on franchise disclosure conventions.
area_industry_average_out,2017,인천,기타 외식,(단위 :천원),22648,22648000,332,332000,FTC franchise API raw amount values are assumed to be in KRW thousand units based on franchise disclosure conventions.
area_industry_average_out,2017,광주,기타 외식,(단위 :천원),19035,19035000,366,366000,FTC franchise API raw amount values are assumed to be in KRW thousand units based on franchise disclosure conventions.
area_industry_average_out,2017,대전,기타 외식,(단위 :천원),16904,16904000,514,514000,FTC franchise API raw amount values are assumed to be in KRW thousand units based on franchise disclosure conventions.
area_industry_average_out,2017,울산,기타 외식,(단위 :천원),13592,13592000,222,222000,FTC franchise API raw amount values are assumed to be in KRW thousand units based on franchise disclosure conventions.
area_industry_average_out,2017,경기,기타 외식,(단위 :천원),15311,15311000,231,231000,FTC franchise API raw amount values are assumed to be in KRW thousand units based on franchise disclosure conventions.
area_industry_average_out,2017,강원,기타 외식,(단위 :천원),15027,15027000,228,228000,FTC franchise API raw amount values are assumed to be in KRW thousand units based on franchise disclosure conventions.
area_industry_average_out,2017,충북,기타 외식,(단위 :천원),24083,24083000,279,279000,FTC franchise API raw amount values are assumed to be in KRW thousand units based on franchise disclosure conventions.
area_industry_average_out,2017,충남,기타 외식,(단위 :천원),20037,20037000,263,263000,FTC franchise API raw amount values are assumed to be in KRW thousand units based on franchise disclosure conventions.
area_industry_average_out,2017,전북,기타 외식,(단위 :천원),19835,19835000,313,313000,FTC franchise API raw amount values are assumed to be in KRW thousand units based on franchise disclosure conventions.
area_industry_average_out,2017,전남,기타 외식,(단위 :천원),12470,12470000,187,187000,FTC franchise API raw amount values are assumed to be in KRW thousand units based on franchise disclosure conventions.
area_industry_average_out,2017,경북,기타 외식,(단위 :천원),15112,15112000,224,224000,FTC franchise API raw amount values are assumed to be in KRW thousand units based on franchise disclosure conventions.
area_industry_average_out,2017,경남,기타 외식,(단위 :천원),15439,15439000,262,262000,FTC franchise API raw amount values are assumed to be in KRW thousand units based on franchise disclosure conventions.
area_industry_average_out,2017,제주,기타 외식,(단위 :천원),11466,11466000,239,239000,FTC franchise API raw amount values are assumed to be in KRW thousand units based on franchise disclosure conventions.
area_industry_average_out,2017,세종,기타 외식,(단위 :천원),4572,4572000,354,354000,FTC franchise API raw amount values are assumed to be in KRW thousand units based on franchise disclosure conventions.
area_industry_average_out,2017,전남,서양식,(단위 :천원),57419,57419000,0,0,FTC franchise API raw amount values are assumed to be in KRW thousand units based on franchise disclosure conventions.
area_industry_average_out,2017,경북,서양식,(단위 :천원),28850,28850000,116,116000,FTC franchise API raw amount values are assumed to be in KRW thousand units based on franchise disclosure conventions.
area_industry_average_out,2017,경남,서양식,(단위 :천원),23111,23111000,221,221000,FTC franchise API raw amount values are assumed to be in KRW thousand units based on franchise disclosure conventions.
area_industry_average_out,2017,제주,서양식,(단위 :천원),79553,79553000,407,407000,FTC franchise API raw amount values are assumed to be in KRW thousand units based on franchise disclosure conventions.
area_industry_average_out,2017,세종,서양식,(단위 :천원),0,0,0,0,FTC franchise API raw amount values are assumed to be in KRW thousand units based on franchise disclosure conventions.
area_industry_average_out,2017,서울,기타 외국식,(단위 :천원),33292,33292000,427,427000,FTC franchise API raw amount values are assumed to be in KRW thousand units based on franchise disclosure conventions.
area_industry_average_out,2017,부산,기타 외국식,(단위 :천원),21693,21693000,457,457000,FTC franchise API raw amount values are assumed to be in KRW thousand units based on franchise disclosure conventions.
area_industry_average_out,2017,대구,기타 외국식,(단위 :천원),30516,30516000,0,0,FTC franchise API raw amount values are assumed to be in KRW thousand units based on franchise disclosure conventions.
area_industry_average_out,2017,인천,기타 외국식,(단위 :천원),37725,37725000,973,973000,FTC franchise API raw amount values are assumed to be in KRW thousand units based on franchise disclosure conventions.
area_industry_average_out,2017,광주,기타 외국식,(단위 :천원),41686,41686000,265,265000,FTC franchise API raw amount values are assumed to be in KRW thousand units based on franchise disclosure conventions.
area_industry_average_out,2017,대전,기타 외국식,(단위 :천원),0,0,0,0,FTC franchise API raw amount values are assumed to be in KRW thousand units based on franchise disclosure conventions.
area_industry_average_out,2017,울산,기타 외국식,(단위 :천원),33849,33849000,0,0,FTC franchise API raw amount values are assumed to be in KRW thousand units based on franchise disclosure conventions.
area_industry_average_out,2017,경기,기타 외국식,(단위 :천원),24447,24447000,442,442000,FTC franchise API raw amount values are assumed to be in KRW thousand units based on franchise disclosure conventions.
area_industry_average_out,2017,강원,기타 외국식,(단위 :천원),12489,12489000,749,749000,FTC franchise API raw amount values are assumed to be in KRW thousand units based on franchise disclosure conventions.
area_industry_average_out,2017,충북,기타 외국식,(단위 :천원),0,0,0,0,FTC franchise API raw amount values are assumed to be in KRW thousand units based on franchise disclosure conventions.
area_industry_average_out,2017,충남,기타 외국식,(단위 :천원),50296,50296000,519,519000,FTC franchise API raw amount values are assumed to be in KRW thousand units based on franchise disclosure conventions.
area_industry_average_out,2017,전북,기타 외국식,(단위 :천원),0,0,0,0,FTC franchise API raw amount values are assumed to be in KRW thousand units based on franchise disclosure conventions.
area_industry_average_out,2017,전남,기타 외국식,(단위 :천원),61825,61825000,719,719000,FTC franchise API raw amount values are assumed to be in KRW thousand units based on franchise disclosure conventions.
area_industry_average_out,2017,경북,기타 외국식,(단위 :천원),0,0,0,0,FTC franchise API raw amount values are assumed to be in KRW thousand units based on franchise disclosure conventions.
area_industry_average_out,2017,경남,기타 외국식,(단위 :천원),33248,33248000,477,477000,FTC franchise API raw amount values are assumed to be in KRW thousand units based on franchise disclosure conventions.
area_industry_average_out,2017,제주,기타 외국식,(단위 :천원),0,0,0,0,FTC franchise API raw amount values are assumed to be in KRW thousand units based on franchise disclosure conventions.
area_industry_average_out,2017,세종,기타 외국식,(단위 :천원),0,0,0,0,FTC franchise API raw amount values are assumed to be in KRW thousand units based on franchise disclosure conventions.
area_industry_average_out,2017,서울,일식,(단위 :천원),33766,33766000,502,502000,FTC franchise API raw amount values are assumed to be in KRW thousand units based on franchise disclosure conventions.
area_industry_average_out,2017,부산,일식,(단위 :천원),21984,21984000,157,157000,FTC franchise API raw amount values are assumed to be in KRW thousand units based on franchise disclosure conventions.
area_industry_average_out,2017,대구,일식,(단위 :천원),36915,36915000,563,563000,FTC franchise API raw amount values are assumed to be in KRW thousand units based on franchise disclosure conventions.
area_industry_average_out,2017,인천,일식,(단위 :천원),25880,25880000,345,345000,FTC franchise API raw amount values are assumed to be in KRW thousand units based on franchise disclosure conventions.
area_industry_average_out,2017,광주,일식,(단위 :천원),0,0,0,0,FTC franchise API raw amount values are assumed to be in KRW thousand units based on franchise disclosure conventions.
area_industry_average_out,2017,대전,일식,(단위 :천원),9045,9045000,181,181000,FTC franchise API raw amount values are assumed to be in KRW thousand units based on franchise disclosure conventions.
area_industry_average_out,2017,울산,일식,(단위 :천원),5405,5405000,55,55000,FTC franchise API raw amount values are assumed to be in KRW thousand units based on franchise disclosure conventions.
area_industry_average_out,2017,경기,일식,(단위 :천원),21952,21952000,432,432000,FTC franchise API raw amount values are assumed to be in KRW thousand units based on franchise disclosure conventions.
area_industry_average_out,2017,강원,일식,(단위 :천원),0,0,0,0,FTC franchise API raw amount values are assumed to be in KRW thousand units based on franchise disclosure conventions.
area_industry_average_out,2017,충북,일식,(단위 :천원),0,0,0,0,FTC franchise API raw amount values are assumed to be in KRW thousand units based on franchise disclosure conventions.
area_industry_average_out,2017,충남,일식,(단위 :천원),4359,4359000,103,103000,FTC franchise API raw amount values are assumed to be in KRW thousand units based on franchise disclosure conventions.
area_industry_average_out,2017,전북,일식,(단위 :천원),3081,3081000,33,33000,FTC franchise API raw amount values are assumed to be in KRW thousand units based on franchise disclosure conventions.
area_industry_average_out,2017,전남,일식,(단위 :천원),0,0,0,0,FTC franchise API raw amount values are assumed to be in KRW thousand units based on franchise disclosure conventions.
area_industry_average_out,2017,경북,일식,(단위 :천원),2434,2434000,159,159000,FTC franchise API raw amount values are assumed to be in KRW thousand units based on franchise disclosure conventions.
area_industry_average_out,2017,경남,일식,(단위 :천원),11160,11160000,172,172000,FTC franchise API raw amount values are assumed to be in KRW thousand units based on franchise disclosure conventions.
area_industry_average_out,2017,제주,일식,(단위 :천원),12770,12770000,413,413000,FTC franchise API raw amount values are assumed to be in KRW thousand units based on franchise disclosure conventions.
area_industry_average_out,2017,세종,일식,(단위 :천원),0,0,0,0,FTC franchise API raw amount values are assumed to be in KRW thousand units based on franchise disclosure conventions.
area_industry_average_out,2018,서울,패스트푸드,(단위 :천원),10959,10959000,343,343000,FTC franchise API raw amount values are assumed to be in KRW thousand units based on franchise disclosure conventions.
area_industry_average_out,2018,부산,패스트푸드,(단위 :천원),6126,6126000,162,162000,FTC franchise API raw amount values are assumed to be in KRW thousand units based on franchise disclosure conventions.
area_industry_average_out,2018,대구,패스트푸드,(단위 :천원),18791,18791000,233,233000,FTC franchise API raw amount values are assumed to be in KRW thousand units based on franchise disclosure conventions.
area_industry_average_out,2018,인천,패스트푸드,(단위 :천원),9636,9636000,285,285000,FTC franchise API raw amount values are assumed to be in KRW thousand units based on franchise disclosure conventions.
area_industry_average_out,2018,광주,패스트푸드,(단위 :천원),24479,24479000,462,462000,FTC franchise API raw amount values are assumed to be in KRW thousand units based on franchise disclosure conventions.
area_industry_average_out,2018,대전,패스트푸드,(단위 :천원),11375,11375000,264,264000,FTC franchise API raw amount values are assumed to be in KRW thousand units based on franchise disclosure conventions.
area_industry_average_out,2018,울산,패스트푸드,(단위 :천원),10486,10486000,270,270000,FTC franchise API raw amount values are assumed to be in KRW thousand units based on franchise disclosure conventions.
area_industry_average_out,2018,경기,패스트푸드,(단위 :천원),5856,5856000,183,183000,FTC franchise API raw amount values are assumed to be in KRW thousand units based on franchise disclosure conventions.
area_industry_average_out,2018,강원,패스트푸드,(단위 :천원),9663,9663000,324,324000,FTC franchise API raw amount values are assumed to be in KRW thousand units based on franchise disclosure conventions.
area_industry_average_out,2018,충북,패스트푸드,(단위 :천원),14734,14734000,250,250000,FTC franchise API raw amount values are assumed to be in KRW thousand units based on franchise disclosure conventions.
area_industry_average_out,2018,충남,패스트푸드,(단위 :천원),10392,10392000,188,188000,FTC franchise API raw amount values are assumed to be in KRW thousand units based on franchise disclosure conventions.
area_industry_average_out,2018,전북,패스트푸드,(단위 :천원),17228,17228000,367,367000,FTC franchise API raw amount values are assumed to be in KRW thousand units based on franchise disclosure conventions.
area_industry_average_out,2018,전남,패스트푸드,(단위 :천원),13747,13747000,231,231000,FTC franchise API raw amount values are assumed to be in KRW thousand units based on franchise disclosure conventions.
area_industry_average_out,2018,경북,패스트푸드,(단위 :천원),16413,16413000,222,222000,FTC franchise API raw amount values are assumed to be in KRW thousand units based on franchise disclosure conventions.
area_industry_average_out,2018,경남,패스트푸드,(단위 :천원),9579,9579000,202,202000,FTC franchise API raw amount values are assumed to be in KRW thousand units based on franchise disclosure conventions.
area_industry_average_out,2018,제주,패스트푸드,(단위 :천원),23414,23414000,525,525000,FTC franchise API raw amount values are assumed to be in KRW thousand units based on franchise disclosure conventions.
area_industry_average_out,2018,세종,패스트푸드,(단위 :천원),40062,40062000,1311,1311000,FTC franchise API raw amount values are assumed to be in KRW thousand units based on franchise disclosure conventions.
area_industry_average_out,2018,경남,기타 외식,(단위 :천원),14048,14048000,405,405000,FTC franchise API raw amount values are assumed to be in KRW thousand units based on franchise disclosure conventions.
area_industry_average_out,2018,제주,기타 외식,(단위 :천원),12909,12909000,471,471000,FTC franchise API raw amount values are assumed to be in KRW thousand units based on franchise disclosure conventions.
area_industry_average_out,2018,세종,기타 외식,(단위 :천원),5514,5514000,506,506000,FTC franchise API raw amount values are assumed to be in KRW thousand units based on franchise disclosure conventions.
area_industry_average_out,2018,강원,치킨,(단위 :천원),6348,6348000,291,291000,FTC franchise API raw amount values are assumed to be in KRW thousand units based on franchise disclosure conventions.
area_industry_average_out,2018,충북,치킨,(단위 :천원),7931,7931000,386,386000,FTC franchise API raw amount values are assumed to be in KRW thousand units based on franchise disclosure conventions.
area_industry_average_out,2018,충남,치킨,(단위 :천원),7781,7781000,336,336000,FTC franchise API raw amount values are assumed to be in KRW thousand units based on franchise disclosure conventions.
area_industry_average_out,2018,전북,치킨,(단위 :천원),8301,8301000,330,330000,FTC franchise API raw amount values are assumed to be in KRW thousand units based on franchise disclosure conventions.
area_industry_average_out,2018,전남,치킨,(단위 :천원),8205,8205000,400,400000,FTC franchise API raw amount values are assumed to be in KRW thousand units based on franchise disclosure conventions.
area_industry_average_out,2018,경북,치킨,(단위 :천원),4995,4995000,222,222000,FTC franchise API raw amount values are assumed to be in KRW thousand units based on franchise disclosure conventions.
area_industry_average_out,2018,경남,치킨,(단위 :천원),5084,5084000,221,221000,FTC franchise API raw amount values are assumed to be in KRW thousand units based on franchise disclosure conventions.
area_industry_average_out,2018,제주,치킨,(단위 :천원),15301,15301000,733,733000,FTC franchise API raw amount values are assumed to be in KRW thousand units based on franchise disclosure conventions.
area_industry_average_out,2018,세종,치킨,(단위 :천원),25360,25360000,1564,1564000,FTC franchise API raw amount values are assumed to be in KRW thousand units based on franchise disclosure conventions.
area_industry_average_out,2018,서울,피자,(단위 :천원),7625,7625000,359,359000,FTC franchise API raw amount values are assumed to be in KRW thousand units based on franchise disclosure conventions.
area_industry_average_out,2018,부산,피자,(단위 :천원),12282,12282000,472,472000,FTC franchise API raw amount values are assumed to be in KRW thousand units based on franchise disclosure conventions.
area_industry_average_out,2018,대구,피자,(단위 :천원),17100,17100000,628,628000,FTC franchise API raw amount values are assumed to be in KRW thousand units based on franchise disclosure conventions.
area_industry_average_out,2018,인천,피자,(단위 :천원),11479,11479000,456,456000,FTC franchise API raw amount values are assumed to be in KRW thousand units based on franchise disclosure conventions.
area_industry_average_out,2018,광주,피자,(단위 :천원),16417,16417000,500,500000,FTC franchise API raw amount values are assumed to be in KRW thousand units based on franchise disclosure conventions.
area_industry_average_out,2018,대전,피자,(단위 :천원),15317,15317000,576,576000,FTC franchise API raw amount values are assumed to be in KRW thousand units based on franchise disclosure conventions.
area_industry_average_out,2018,울산,피자,(단위 :천원),16021,16021000,532,532000,FTC franchise API raw amount values are assumed to be in KRW thousand units based on franchise disclosure conventions.
area_industry_average_out,2018,경기,피자,(단위 :천원),4543,4543000,202,202000,FTC franchise API raw amount values are assumed to be in KRW thousand units based on franchise disclosure conventions.
area_industry_average_out,2018,강원,피자,(단위 :천원),14342,14342000,466,466000,FTC franchise API raw amount values are assumed to be in KRW thousand units based on franchise disclosure conventions.
area_industry_average_out,2018,충북,피자,(단위 :천원),16458,16458000,512,512000,FTC franchise API raw amount values are assumed to be in KRW thousand units based on franchise disclosure conventions.
area_industry_average_out,2018,충남,피자,(단위 :천원),11922,11922000,410,410000,FTC franchise API raw amount values are assumed to be in KRW thousand units based on franchise disclosure conventions.
area_industry_average_out,2018,전북,피자,(단위 :천원),15780,15780000,499,499000,FTC franchise API raw amount values are assumed to be in KRW thousand units based on franchise disclosure conventions.
area_industry_average_out,2018,전남,피자,(단위 :천원),15821,15821000,524,524000,FTC franchise API raw amount values are assumed to be in KRW thousand units based on franchise disclosure conventions.
area_industry_average_out,2018,경북,피자,(단위 :천원),12511,12511000,441,441000,FTC franchise API raw amount values are assumed to be in KRW thousand units based on franchise disclosure conventions.
area_industry_average_out,2018,경남,피자,(단위 :천원),10811,10811000,395,395000,FTC franchise API raw amount values are assumed to be in KRW thousand units based on franchise disclosure conventions.
area_industry_average_out,2018,제주,피자,(단위 :천원),24063,24063000,899,899000,FTC franchise API raw amount values are assumed to be in KRW thousand units based on franchise disclosure conventions.
area_industry_average_out,2018,세종,피자,(단위 :천원),17818,17818000,713,713000,FTC franchise API raw amount values are assumed to be in KRW thousand units based on franchise disclosure conventions.
area_industry_average_out,2018,세종,분식,(단위 :천원),8487,8487000,677,677000,FTC franchise API raw amount values are assumed to be in KRW thousand units based on franchise disclosure conventions.
area_industry_average_out,2018,광주,기타 외국식,(단위 :천원),32100,32100000,483,483000,FTC franchise API raw amount values are assumed to be in KRW thousand units based on franchise disclosure conventions.
area_industry_average_out,2018,대전,기타 외국식,(단위 :천원),0,0,0,0,FTC franchise API raw amount values are assumed to be in KRW thousand units based on franchise disclosure conventions.
area_industry_average_out,2018,울산,기타 외국식,(단위 :천원),0,0,0,0,FTC franchise API raw amount values are assumed to be in KRW thousand units based on franchise disclosure conventions.
area_industry_average_out,2018,경기,기타 외국식,(단위 :천원),29058,29058000,985,985000,FTC franchise API raw amount values are assumed to be in KRW thousand units based on franchise disclosure conventions.
area_industry_average_out,2018,강원,기타 외국식,(단위 :천원),25707,25707000,966,966000,FTC franchise API raw amount values are assumed to be in KRW thousand units based on franchise disclosure conventions.
area_industry_average_out,2018,충북,기타 외국식,(단위 :천원),0,0,0,0,FTC franchise API raw amount values are assumed to be in KRW thousand units based on franchise disclosure conventions.
area_industry_average_out,2018,충남,기타 외국식,(단위 :천원),39145,39145000,745,745000,FTC franchise API raw amount values are assumed to be in KRW thousand units based on franchise disclosure conventions.
area_industry_average_out,2018,전북,기타 외국식,(단위 :천원),0,0,0,0,FTC franchise API raw amount values are assumed to be in KRW thousand units based on franchise disclosure conventions.
area_industry_average_out,2018,전남,기타 외국식,(단위 :천원),42431,42431000,1015,1015000,FTC franchise API raw amount values are assumed to be in KRW thousand units based on franchise disclosure conventions.
area_industry_average_out,2018,경북,기타 외국식,(단위 :천원),0,0,0,0,FTC franchise API raw amount values are assumed to be in KRW thousand units based on franchise disclosure conventions.
area_industry_average_out,2018,경남,기타 외국식,(단위 :천원),24937,24937000,947,947000,FTC franchise API raw amount values are assumed to be in KRW thousand units based on franchise disclosure conventions.
area_industry_average_out,2018,제주,기타 외국식,(단위 :천원),0,0,0,0,FTC franchise API raw amount values are assumed to be in KRW thousand units based on franchise disclosure conventions.
area_industry_average_out,2018,세종,기타 외국식,(단위 :천원),0,0,0,0,FTC franchise API raw amount values are assumed to be in KRW thousand units based on franchise disclosure conventions.
area_industry_average_out,2018,서울,한식,(단위 :천원),19612,19612000,468,468000,FTC franchise API raw amount values are assumed to be in KRW thousand units based on franchise disclosure conventions.
area_industry_average_out,2018,부산,한식,(단위 :천원),23134,23134000,404,404000,FTC franchise API raw amount values are assumed to be in KRW thousand units based on franchise disclosure conventions.
area_industry_average_out,2018,대구,한식,(단위 :천원),20648,20648000,409,409000,FTC franchise API raw amount values are assumed to be in KRW thousand units based on franchise disclosure conventions.
area_industry_average_out,2018,인천,한식,(단위 :천원),25735,25735000,561,561000,FTC franchise API raw amount values are assumed to be in KRW thousand units based on franchise disclosure conventions.
area_industry_average_out,2018,광주,한식,(단위 :천원),17358,17358000,371,371000,FTC franchise API raw amount values are assumed to be in KRW thousand units based on franchise disclosure conventions.
area_industry_average_out,2018,대전,한식,(단위 :천원),16290,16290000,460,460000,FTC franchise API raw amount values are assumed to be in KRW thousand units based on franchise disclosure conventions.
area_industry_average_out,2018,울산,한식,(단위 :천원),29158,29158000,495,495000,FTC franchise API raw amount values are assumed to be in KRW thousand units based on franchise disclosure conventions.
area_industry_average_out,2018,경기,한식,(단위 :천원),16325,16325000,383,383000,FTC franchise API raw amount values are assumed to be in KRW thousand units based on franchise disclosure conventions.
area_industry_average_out,2018,강원,한식,(단위 :천원),14874,14874000,440,440000,FTC franchise API raw amount values are assumed to be in KRW thousand units based on franchise disclosure conventions.
area_industry_average_out,2018,충북,한식,(단위 :천원),20388,20388000,470,470000,FTC franchise API raw amount values are assumed to be in KRW thousand units based on franchise disclosure conventions.
area_industry_average_out,2018,충남,한식,(단위 :천원),17989,17989000,399,399000,FTC franchise API raw amount values are assumed to be in KRW thousand units based on franchise disclosure conventions.
area_industry_average_out,2018,전북,한식,(단위 :천원),18552,18552000,363,363000,FTC franchise API raw amount values are assumed to be in KRW thousand units based on franchise disclosure conventions.
area_industry_average_out,2018,전남,한식,(단위 :천원),19078,19078000,426,426000,FTC franchise API raw amount values are assumed to be in KRW thousand units based on franchise disclosure conventions.
area_industry_average_out,2018,경북,한식,(단위 :천원),20934,20934000,373,373000,FTC franchise API raw amount values are assumed to be in KRW thousand units based on franchise disclosure conventions.
area_industry_average_out,2018,경남,한식,(단위 :천원),17074,17074000,336,336000,FTC franchise API raw amount values are assumed to be in KRW thousand units based on franchise disclosure conventions.
area_industry_average_out,2018,제주,한식,(단위 :천원),13322,13322000,473,473000,FTC franchise API raw amount values are assumed to be in KRW thousand units based on franchise disclosure conventions.
area_industry_average_out,2018,세종,한식,(단위 :천원),4311,4311000,326,326000,FTC franchise API raw amount values are assumed to be in KRW thousand units based on franchise disclosure conventions.
area_industry_average_out,2018,서울,분식,(단위 :천원),8158,8158000,438,438000,FTC franchise API raw amount values are assumed to be in KRW thousand units based on franchise disclosure conventions.
area_industry_average_out,2018,부산,분식,(단위 :천원),11374,11374000,496,496000,FTC franchise API raw amount values are assumed to be in KRW thousand units based on franchise disclosure conventions.
area_industry_average_out,2018,대구,분식,(단위 :천원),6892,6892000,382,382000,FTC franchise API raw amount values are assumed to be in KRW thousand units based on franchise disclosure conventions.
area_industry_average_out,2018,인천,분식,(단위 :천원),13652,13652000,705,705000,FTC franchise API raw amount values are assumed to be in KRW thousand units based on franchise disclosure conventions.
area_industry_average_out,2018,광주,분식,(단위 :천원),8126,8126000,430,430000,FTC franchise API raw amount values are assumed to be in KRW thousand units based on franchise disclosure conventions.
area_industry_average_out,2018,대전,분식,(단위 :천원),11095,11095000,598,598000,FTC franchise API raw amount values are assumed to be in KRW thousand units based on franchise disclosure conventions.
area_industry_average_out,2018,울산,분식,(단위 :천원),8234,8234000,380,380000,FTC franchise API raw amount values are assumed to be in KRW thousand units based on franchise disclosure conventions.
area_industry_average_out,2018,경기,분식,(단위 :천원),7842,7842000,424,424000,FTC franchise API raw amount values are assumed to be in KRW thousand units based on franchise disclosure conventions.
area_industry_average_out,2018,강원,분식,(단위 :천원),9289,9289000,441,441000,FTC franchise API raw amount values are assumed to be in KRW thousand units based on franchise disclosure conventions.
area_industry_average_out,2018,충북,분식,(단위 :천원),7315,7315000,289,289000,FTC franchise API raw amount values are assumed to be in KRW thousand units based on franchise disclosure conventions.
area_industry_average_out,2018,충남,분식,(단위 :천원),7958,7958000,365,365000,FTC franchise API raw amount values are assumed to be in KRW thousand units based on franchise disclosure conventions.
area_industry_average_out,2018,전북,분식,(단위 :천원),9388,9388000,354,354000,FTC franchise API raw amount values are assumed to be in KRW thousand units based on franchise disclosure conventions.
area_industry_average_out,2018,전남,분식,(단위 :천원),8513,8513000,341,341000,FTC franchise API raw amount values are assumed to be in KRW thousand units based on franchise disclosure conventions.
area_industry_average_out,2018,경북,분식,(단위 :천원),9142,9142000,513,513000,FTC franchise API raw amount values are assumed to be in KRW thousand units based on franchise disclosure conventions.
area_industry_average_out,2018,경남,분식,(단위 :천원),6896,6896000,339,339000,FTC franchise API raw amount values are assumed to be in KRW thousand units based on franchise disclosure conventions.
area_industry_average_out,2018,제주,분식,(단위 :천원),9724,9724000,790,790000,FTC franchise API raw amount values are assumed to be in KRW thousand units based on franchise disclosure conventions.
area_industry_average_out,2018,부산,커피,(단위 :천원),5978,5978000,176,176000,FTC franchise API raw amount values are assumed to be in KRW thousand units based on franchise disclosure conventions.
area_industry_average_out,2018,대구,커피,(단위 :천원),8933,8933000,249,249000,FTC franchise API raw amount values are assumed to be in KRW thousand units based on franchise disclosure conventions.
area_industry_average_out,2018,인천,커피,(단위 :천원),6899,6899000,227,227000,FTC franchise API raw amount values are assumed to be in KRW thousand units based on franchise disclosure conventions.
area_industry_average_out,2018,광주,커피,(단위 :천원),10492,10492000,209,209000,FTC franchise API raw amount values are assumed to be in KRW thousand units based on franchise disclosure conventions.
area_industry_average_out,2018,대전,커피,(단위 :천원),9158,9158000,208,208000,FTC franchise API raw amount values are assumed to be in KRW thousand units based on franchise disclosure conventions.
area_industry_average_out,2018,울산,커피,(단위 :천원),11167,11167000,288,288000,FTC franchise API raw amount values are assumed to be in KRW thousand units based on franchise disclosure conventions.
area_industry_average_out,2018,경기,커피,(단위 :천원),3783,3783000,141,141000,FTC franchise API raw amount values are assumed to be in KRW thousand units based on franchise disclosure conventions.
area_industry_average_out,2018,강원,커피,(단위 :천원),12058,12058000,328,328000,FTC franchise API raw amount values are assumed to be in KRW thousand units based on franchise disclosure conventions.
area_industry_average_out,2018,충북,커피,(단위 :천원),9606,9606000,339,339000,FTC franchise API raw amount values are assumed to be in KRW thousand units based on franchise disclosure conventions.
area_industry_average_out,2018,충남,커피,(단위 :천원),9027,9027000,262,262000,FTC franchise API raw amount values are assumed to be in KRW thousand units based on franchise disclosure conventions.
area_industry_average_out,2018,전북,커피,(단위 :천원),9157,9157000,193,193000,FTC franchise API raw amount values are assumed to be in KRW thousand units based on franchise disclosure conventions.
area_industry_average_out,2018,전남,커피,(단위 :천원),10191,10191000,260,260000,FTC franchise API raw amount values are assumed to be in KRW thousand units based on franchise disclosure conventions.
area_industry_average_out,2018,경북,커피,(단위 :천원),8838,8838000,238,238000,FTC franchise API raw amount values are assumed to be in KRW thousand units based on franchise disclosure conventions.
area_industry_average_out,2018,경남,커피,(단위 :천원),6482,6482000,206,206000,FTC franchise API raw amount values are assumed to be in KRW thousand units based on franchise disclosure conventions.
area_industry_average_out,2018,제주,커피,(단위 :천원),18101,18101000,351,351000,FTC franchise API raw amount values are assumed to be in KRW thousand units based on franchise disclosure conventions.
area_industry_average_out,2018,세종,커피,(단위 :천원),22091,22091000,588,588000,FTC franchise API raw amount values are assumed to be in KRW thousand units based on franchise disclosure conventions.
area_industry_average_out,2018,서울,일식,(단위 :천원),32979,32979000,822,822000,FTC franchise API raw amount values are assumed to be in KRW thousand units based on franchise disclosure conventions.
area_industry_average_out,2018,부산,일식,(단위 :천원),27649,27649000,547,547000,FTC franchise API raw amount values are assumed to be in KRW thousand units based on franchise disclosure conventions.
area_industry_average_out,2018,대구,일식,(단위 :천원),44214,44214000,697,697000,FTC franchise API raw amount values are assumed to be in KRW thousand units based on franchise disclosure conventions.
area_industry_average_out,2018,인천,일식,(단위 :천원),34149,34149000,565,565000,FTC franchise API raw amount values are assumed to be in KRW thousand units based on franchise disclosure conventions.
area_industry_average_out,2018,광주,일식,(단위 :천원),0,0,0,0,FTC franchise API raw amount values are assumed to be in KRW thousand units based on franchise disclosure conventions.
area_industry_average_out,2018,대전,일식,(단위 :천원),4595,4595000,188,188000,FTC franchise API raw amount values are assumed to be in KRW thousand units based on franchise disclosure conventions.
area_industry_average_out,2018,울산,일식,(단위 :천원),41203,41203000,364,364000,FTC franchise API raw amount values are assumed to be in KRW thousand units based on franchise disclosure conventions.
area_industry_average_out,2018,경기,일식,(단위 :천원),24840,24840000,612,612000,FTC franchise API raw amount values are assumed to be in KRW thousand units based on franchise disclosure conventions.
area_industry_average_out,2018,강원,일식,(단위 :천원),0,0,0,0,FTC franchise API raw amount values are assumed to be in KRW thousand units based on franchise disclosure conventions.
area_industry_average_out,2018,충북,일식,(단위 :천원),4699,4699000,236,236000,FTC franchise API raw amount values are assumed to be in KRW thousand units based on franchise disclosure conventions.
area_industry_average_out,2018,충남,일식,(단위 :천원),6572,6572000,309,309000,FTC franchise API raw amount values are assumed to be in KRW thousand units based on franchise disclosure conventions.
area_industry_average_out,2018,전북,일식,(단위 :천원),18051,18051000,538,538000,FTC franchise API raw amount values are assumed to be in KRW thousand units based on franchise disclosure conventions.
area_industry_average_out,2018,전남,일식,(단위 :천원),0,0,0,0,FTC franchise API raw amount values are assumed to be in KRW thousand units based on franchise disclosure conventions.
area_industry_average_out,2018,경북,일식,(단위 :천원),7771,7771000,306,306000,FTC franchise API raw amount values are assumed to be in KRW thousand units based on franchise disclosure conventions.
area_industry_average_out,2018,경남,일식,(단위 :천원),21411,21411000,385,385000,FTC franchise API raw amount values are assumed to be in KRW thousand units based on franchise disclosure conventions.
area_industry_average_out,2018,서울,치킨,(단위 :천원),4940,4940000,227,227000,FTC franchise API raw amount values are assumed to be in KRW thousand units based on franchise disclosure conventions.
area_industry_average_out,2018,부산,치킨,(단위 :천원),6465,6465000,314,314000,FTC franchise API raw amount values are assumed to be in KRW thousand units based on franchise disclosure conventions.
area_industry_average_out,2018,대구,치킨,(단위 :천원),5855,5855000,289,289000,FTC franchise API raw amount values are assumed to be in KRW thousand units based on franchise disclosure conventions.
area_industry_average_out,2018,인천,치킨,(단위 :천원),7137,7137000,366,366000,FTC franchise API raw amount values are assumed to be in KRW thousand units based on franchise disclosure conventions.
area_industry_average_out,2018,광주,치킨,(단위 :천원),10789,10789000,515,515000,FTC franchise API raw amount values are assumed to be in KRW thousand units based on franchise disclosure conventions.
area_industry_average_out,2018,대전,치킨,(단위 :천원),9284,9284000,408,408000,FTC franchise API raw amount values are assumed to be in KRW thousand units based on franchise disclosure conventions.
area_industry_average_out,2018,울산,치킨,(단위 :천원),9045,9045000,446,446000,FTC franchise API raw amount values are assumed to be in KRW thousand units based on franchise disclosure conventions.
area_industry_average_out,2018,경기,치킨,(단위 :천원),3393,3393000,158,158000,FTC franchise API raw amount values are assumed to be in KRW thousand units based on franchise disclosure conventions.
area_industry_average_out,2018,광주,서양식,(단위 :천원),0,0,0,0,FTC franchise API raw amount values are assumed to be in KRW thousand units based on franchise disclosure conventions.
area_industry_average_out,2018,대전,서양식,(단위 :천원),0,0,0,0,FTC franchise API raw amount values are assumed to be in KRW thousand units based on franchise disclosure conventions.
area_industry_average_out,2018,서울,중식,(단위 :천원),20597,20597000,411,411000,FTC franchise API raw amount values are assumed to be in KRW thousand units based on franchise disclosure conventions.
area_industry_average_out,2018,부산,중식,(단위 :천원),26993,26993000,435,435000,FTC franchise API raw amount values are assumed to be in KRW thousand units based on franchise disclosure conventions.
area_industry_average_out,2018,대구,중식,(단위 :천원),10382,10382000,272,272000,FTC franchise API raw amount values are assumed to be in KRW thousand units based on franchise disclosure conventions.
area_industry_average_out,2018,인천,중식,(단위 :천원),56979,56979000,910,910000,FTC franchise API raw amount values are assumed to be in KRW thousand units based on franchise disclosure conventions.
area_industry_average_out,2018,광주,중식,(단위 :천원),27858,27858000,355,355000,FTC franchise API raw amount values are assumed to be in KRW thousand units based on franchise disclosure conventions.
area_industry_average_out,2018,대전,중식,(단위 :천원),26897,26897000,464,464000,FTC franchise API raw amount values are assumed to be in KRW thousand units based on franchise disclosure conventions.
area_industry_average_out,2018,울산,중식,(단위 :천원),33113,33113000,332,332000,FTC franchise API raw amount values are assumed to be in KRW thousand units based on franchise disclosure conventions.
area_industry_average_out,2018,경기,중식,(단위 :천원),16607,16607000,366,366000,FTC franchise API raw amount values are assumed to be in KRW thousand units based on franchise disclosure conventions.
area_industry_average_out,2018,강원,중식,(단위 :천원),1500,1500000,0,0,FTC franchise API raw amount values are assumed to be in KRW thousand units based on franchise disclosure conventions.
area_industry_average_out,2018,충북,중식,(단위 :천원),13151,13151000,238,238000,FTC franchise API raw amount values are assumed to be in KRW thousand units based on franchise disclosure conventions.
area_industry_average_out,2018,충남,중식,(단위 :천원),39080,39080000,570,570000,FTC franchise API raw amount values are assumed to be in KRW thousand units based on franchise disclosure conventions.
area_industry_average_out,2018,전북,중식,(단위 :천원),22030,22030000,287,287000,FTC franchise API raw amount values are assumed to be in KRW thousand units based on franchise disclosure conventions.
area_industry_average_out,2018,전남,중식,(단위 :천원),0,0,0,0,FTC franchise API raw amount values are assumed to be in KRW thousand units based on franchise disclosure conventions.
area_industry_average_out,2018,경북,중식,(단위 :천원),3803,3803000,0,0,FTC franchise API raw amount values are assumed to be in KRW thousand units based on franchise disclosure conventions.
area_industry_average_out,2018,경남,중식,(단위 :천원),29479,29479000,421,421000,FTC franchise API raw amount values are assumed to be in KRW thousand units based on franchise disclosure conventions.
area_industry_average_out,2018,제주,중식,(단위 :천원),26392,26392000,688,688000,FTC franchise API raw amount values are assumed to be in KRW thousand units based on franchise disclosure conventions.
area_industry_average_out,2018,세종,중식,(단위 :천원),0,0,0,0,FTC franchise API raw amount values are assumed to be in KRW thousand units based on franchise disclosure conventions.
area_industry_average_out,2018,울산,서양식,(단위 :천원),0,0,0,0,FTC franchise API raw amount values are assumed to be in KRW thousand units based on franchise disclosure conventions.
area_industry_average_out,2018,경기,서양식,(단위 :천원),27735,27735000,648,648000,FTC franchise API raw amount values are assumed to be in KRW thousand units based on franchise disclosure conventions.
area_industry_average_out,2018,강원,서양식,(단위 :천원),0,0,0,0,FTC franchise API raw amount values are assumed to be in KRW thousand units based on franchise disclosure conventions.
area_industry_average_out,2018,충북,서양식,(단위 :천원),1675,1675000,0,0,FTC franchise API raw amount values are assumed to be in KRW thousand units based on franchise disclosure conventions.
area_industry_average_out,2018,충남,서양식,(단위 :천원),24430,24430000,331,331000,FTC franchise API raw amount values are assumed to be in KRW thousand units based on franchise disclosure conventions.
area_industry_average_out,2018,전북,서양식,(단위 :천원),37091,37091000,502,502000,FTC franchise API raw amount values are assumed to be in KRW thousand units based on franchise disclosure conventions.
area_industry_average_out,2018,전남,서양식,(단위 :천원),0,0,0,0,FTC franchise API raw amount values are assumed to be in KRW thousand units based on franchise disclosure conventions.
area_industry_average_out,2018,경북,서양식,(단위 :천원),28140,28140000,263,263000,FTC franchise API raw amount values are assumed to be in KRW thousand units based on franchise disclosure conventions.
area_industry_average_out,2018,경남,서양식,(단위 :천원),20314,20314000,306,306000,FTC franchise API raw amount values are assumed to be in KRW thousand units based on franchise disclosure conventions.
area_industry_average_out,2018,제주,서양식,(단위 :천원),90815,90815000,586,586000,FTC franchise API raw amount values are assumed to be in KRW thousand units based on franchise disclosure conventions.
area_industry_average_out,2018,세종,서양식,(단위 :천원),0,0,0,0,FTC franchise API raw amount values are assumed to be in KRW thousand units based on franchise disclosure conventions.
area_industry_average_out,2018,제주,일식,(단위 :천원),5658,5658000,327,327000,FTC franchise API raw amount values are assumed to be in KRW thousand units based on franchise disclosure conventions.
area_industry_average_out,2018,세종,일식,(단위 :천원),0,0,0,0,FTC franchise API raw amount values are assumed to be in KRW thousand units based on franchise disclosure conventions.
area_industry_average_out,2018,서울,서양식,(단위 :천원),38134,38134000,1026,1026000,FTC franchise API raw amount values are assumed to be in KRW thousand units based on franchise disclosure conventions.
area_industry_average_out,2018,부산,서양식,(단위 :천원),27602,27602000,422,422000,FTC franchise API raw amount values are assumed to be in KRW thousand units based on franchise disclosure conventions.
area_industry_average_out,2018,대구,서양식,(단위 :천원),33083,33083000,682,682000,FTC franchise API raw amount values are assumed to be in KRW thousand units based on franchise disclosure conventions.
area_industry_average_out,2018,인천,서양식,(단위 :천원),0,0,0,0,FTC franchise API raw amount values are assumed to be in KRW thousand units based on franchise disclosure conventions.
area_industry_average_out,2018,강원,주점,(단위 :천원),7177,7177000,160,160000,FTC franchise API raw amount values are assumed to be in KRW thousand units based on franchise disclosure conventions.
area_industry_average_out,2018,충북,주점,(단위 :천원),4424,4424000,140,140000,FTC franchise API raw amount values are assumed to be in KRW thousand units based on franchise disclosure conventions.
area_industry_average_out,2018,충남,주점,(단위 :천원),6755,6755000,161,161000,FTC franchise API raw amount values are assumed to be in KRW thousand units based on franchise disclosure conventions.
area_industry_average_out,2018,전북,주점,(단위 :천원),9508,9508000,219,219000,FTC franchise API raw amount values are assumed to be in KRW thousand units based on franchise disclosure conventions.
area_industry_average_out,2018,전남,주점,(단위 :천원),5746,5746000,151,151000,FTC franchise API raw amount values are assumed to be in KRW thousand units based on franchise disclosure conventions.
area_industry_average_out,2018,경북,주점,(단위 :천원),5097,5097000,141,141000,FTC franchise API raw amount values are assumed to be in KRW thousand units based on franchise disclosure conventions.
area_industry_average_out,2018,경남,주점,(단위 :천원),6037,6037000,172,172000,FTC franchise API raw amount values are assumed to be in KRW thousand units based on franchise disclosure conventions.
area_industry_average_out,2018,제주,주점,(단위 :천원),7761,7761000,191,191000,FTC franchise API raw amount values are assumed to be in KRW thousand units based on franchise disclosure conventions.
area_industry_average_out,2018,세종,주점,(단위 :천원),9567,9567000,576,576000,FTC franchise API raw amount values are assumed to be in KRW thousand units based on franchise disclosure conventions.
area_industry_average_out,2018,서울,기타 외식,(단위 :천원),18684,18684000,501,501000,FTC franchise API raw amount values are assumed to be in KRW thousand units based on franchise disclosure conventions.
area_industry_average_out,2018,부산,기타 외식,(단위 :천원),15526,15526000,604,604000,FTC franchise API raw amount values are assumed to be in KRW thousand units based on franchise disclosure conventions.
area_industry_average_out,2018,대구,기타 외식,(단위 :천원),21077,21077000,518,518000,FTC franchise API raw amount values are assumed to be in KRW thousand units based on franchise disclosure conventions.
area_industry_average_out,2018,서울,제과제빵,(단위 :천원),5168,5168000,276,276000,FTC franchise API raw amount values are assumed to be in KRW thousand units based on franchise disclosure conventions.
area_industry_average_out,2018,부산,제과제빵,(단위 :천원),7874,7874000,581,581000,FTC franchise API raw amount values are assumed to be in KRW thousand units based on franchise disclosure conventions.
area_industry_average_out,2018,대구,제과제빵,(단위 :천원),7501,7501000,422,422000,FTC franchise API raw amount values are assumed to be in KRW thousand units based on franchise disclosure conventions.
area_industry_average_out,2018,인천,제과제빵,(단위 :천원),5953,5953000,319,319000,FTC franchise API raw amount values are assumed to be in KRW thousand units based on franchise disclosure conventions.
area_industry_average_out,2018,광주,제과제빵,(단위 :천원),10473,10473000,427,427000,FTC franchise API raw amount values are assumed to be in KRW thousand units based on franchise disclosure conventions.
area_industry_average_out,2018,대전,제과제빵,(단위 :천원),6583,6583000,236,236000,FTC franchise API raw amount values are assumed to be in KRW thousand units based on franchise disclosure conventions.
area_industry_average_out,2018,울산,제과제빵,(단위 :천원),11992,11992000,484,484000,FTC franchise API raw amount values are assumed to be in KRW thousand units based on franchise disclosure conventions.
area_industry_average_out,2018,경기,제과제빵,(단위 :천원),4397,4397000,208,208000,FTC franchise API raw amount values are assumed to be in KRW thousand units based on franchise disclosure conventions.
area_industry_average_out,2018,강원,제과제빵,(단위 :천원),6880,6880000,332,332000,FTC franchise API raw amount values are assumed to be in KRW thousand units based on franchise disclosure conventions.
area_industry_average_out,2018,충북,제과제빵,(단위 :천원),6457,6457000,289,289000,FTC franchise API raw amount values are assumed to be in KRW thousand units based on franchise disclosure conventions.
area_industry_average_out,2018,충남,제과제빵,(단위 :천원),6232,6232000,315,315000,FTC franchise API raw amount values are assumed to be in KRW thousand units based on franchise disclosure conventions.
area_industry_average_out,2018,전북,제과제빵,(단위 :천원),8143,8143000,1133,1133000,FTC franchise API raw amount values are assumed to be in KRW thousand units based on franchise disclosure conventions.
area_industry_average_out,2018,전남,제과제빵,(단위 :천원),8269,8269000,327,327000,FTC franchise API raw amount values are assumed to be in KRW thousand units based on franchise disclosure conventions.
area_industry_average_out,2018,경북,제과제빵,(단위 :천원),6282,6282000,326,326000,FTC franchise API raw amount values are assumed to be in KRW thousand units based on franchise disclosure conventions.
area_industry_average_out,2018,경남,제과제빵,(단위 :천원),6331,6331000,283,283000,FTC franchise API raw amount values are assumed to be in KRW thousand units based on franchise disclosure conventions.
area_industry_average_out,2018,제주,제과제빵,(단위 :천원),18851,18851000,646,646000,FTC franchise API raw amount values are assumed to be in KRW thousand units based on franchise disclosure conventions.
area_industry_average_out,2018,세종,제과제빵,(단위 :천원),46104,46104000,1761,1761000,FTC franchise API raw amount values are assumed to be in KRW thousand units based on franchise disclosure conventions.
area_industry_average_out,2018,서울,아이스크림/빙수 ,(단위 :천원),4060,4060000,153,153000,FTC franchise API raw amount values are assumed to be in KRW thousand units based on franchise disclosure conventions.
area_industry_average_out,2018,부산,아이스크림/빙수 ,(단위 :천원),5520,5520000,209,209000,FTC franchise API raw amount values are assumed to be in KRW thousand units based on franchise disclosure conventions.
area_industry_average_out,2018,대구,아이스크림/빙수 ,(단위 :천원),7414,7414000,281,281000,FTC franchise API raw amount values are assumed to be in KRW thousand units based on franchise disclosure conventions.
area_industry_average_out,2018,인천,아이스크림/빙수 ,(단위 :천원),6768,6768000,226,226000,FTC franchise API raw amount values are assumed to be in KRW thousand units based on franchise disclosure conventions.
area_industry_average_out,2018,광주,아이스크림/빙수 ,(단위 :천원),12595,12595000,407,407000,FTC franchise API raw amount values are assumed to be in KRW thousand units based on franchise disclosure conventions.
area_industry_average_out,2018,대전,아이스크림/빙수 ,(단위 :천원),13485,13485000,421,421000,FTC franchise API raw amount values are assumed to be in KRW thousand units based on franchise disclosure conventions.
area_industry_average_out,2018,울산,아이스크림/빙수 ,(단위 :천원),10592,10592000,352,352000,FTC franchise API raw amount values are assumed to be in KRW thousand units based on franchise disclosure conventions.
area_industry_average_out,2018,경기,아이스크림/빙수 ,(단위 :천원),2654,2654000,108,108000,FTC franchise API raw amount values are assumed to be in KRW thousand units based on franchise disclosure conventions.
area_industry_average_out,2018,강원,아이스크림/빙수 ,(단위 :천원),8885,8885000,468,468000,FTC franchise API raw amount values are assumed to be in KRW thousand units based on franchise disclosure conventions.
area_industry_average_out,2018,충북,아이스크림/빙수 ,(단위 :천원),12166,12166000,391,391000,FTC franchise API raw amount values are assumed to be in KRW thousand units based on franchise disclosure conventions.
area_industry_average_out,2018,충남,아이스크림/빙수 ,(단위 :천원),11499,11499000,418,418000,FTC franchise API raw amount values are assumed to be in KRW thousand units based on franchise disclosure conventions.
area_industry_average_out,2018,전북,아이스크림/빙수 ,(단위 :천원),10052,10052000,323,323000,FTC franchise API raw amount values are assumed to be in KRW thousand units based on franchise disclosure conventions.
area_industry_average_out,2018,전남,아이스크림/빙수 ,(단위 :천원),9447,9447000,286,286000,FTC franchise API raw amount values are assumed to be in KRW thousand units based on franchise disclosure conventions.
area_industry_average_out,2018,경북,아이스크림/빙수 ,(단위 :천원),6586,6586000,195,195000,FTC franchise API raw amount values are assumed to be in KRW thousand units based on franchise disclosure conventions.
area_industry_average_out,2018,경남,아이스크림/빙수 ,(단위 :천원),4728,4728000,165,165000,FTC franchise API raw amount values are assumed to be in KRW thousand units based on franchise disclosure conventions.
area_industry_average_out,2018,제주,아이스크림/빙수 ,(단위 :천원),20838,20838000,580,580000,FTC franchise API raw amount values are assumed to be in KRW thousand units based on franchise disclosure conventions.
area_industry_average_out,2018,세종,아이스크림/빙수 ,(단위 :천원),50148,50148000,2707,2707000,FTC franchise API raw amount values are assumed to be in KRW thousand units based on franchise disclosure conventions.
area_industry_average_out,2018,서울,커피,(단위 :천원),3965,3965000,188,188000,FTC franchise API raw amount values are assumed to be in KRW thousand units based on franchise disclosure conventions.
area_industry_average_out,2018,서울,기타 외국식,(단위 :천원),35047,35047000,987,987000,FTC franchise API raw amount values are assumed to be in KRW thousand units based on franchise disclosure conventions.
area_industry_average_out,2018,부산,기타 외국식,(단위 :천원),26347,26347000,1023,1023000,FTC franchise API raw amount values are assumed to be in KRW thousand units based on franchise disclosure conventions.
area_industry_average_out,2018,대구,기타 외국식,(단위 :천원),21126,21126000,0,0,FTC franchise API raw amount values are assumed to be in KRW thousand units based on franchise disclosure conventions.
area_industry_average_out,2018,인천,기타 외국식,(단위 :천원),42510,42510000,1983,1983000,FTC franchise API raw amount values are assumed to be in KRW thousand units based on franchise disclosure conventions.
area_industry_average_out,2018,인천,기타 외식,(단위 :천원),19924,19924000,566,566000,FTC franchise API raw amount values are assumed to be in KRW thousand units based on franchise disclosure conventions.
area_industry_average_out,2018,광주,기타 외식,(단위 :천원),14377,14377000,447,447000,FTC franchise API raw amount values are assumed to be in KRW thousand units based on franchise disclosure conventions.
area_industry_average_out,2018,대전,기타 외식,(단위 :천원),15240,15240000,452,452000,FTC franchise API raw amount values are assumed to be in KRW thousand units based on franchise disclosure conventions.
area_industry_average_out,2018,울산,기타 외식,(단위 :천원),14236,14236000,419,419000,FTC franchise API raw amount values are assumed to be in KRW thousand units based on franchise disclosure conventions.
area_industry_average_out,2018,경기,기타 외식,(단위 :천원),14649,14649000,408,408000,FTC franchise API raw amount values are assumed to be in KRW thousand units based on franchise disclosure conventions.
area_industry_average_out,2018,강원,기타 외식,(단위 :천원),12489,12489000,398,398000,FTC franchise API raw amount values are assumed to be in KRW thousand units based on franchise disclosure conventions.
area_industry_average_out,2018,충북,기타 외식,(단위 :천원),18500,18500000,381,381000,FTC franchise API raw amount values are assumed to be in KRW thousand units based on franchise disclosure conventions.
area_industry_average_out,2018,충남,기타 외식,(단위 :천원),16784,16784000,469,469000,FTC franchise API raw amount values are assumed to be in KRW thousand units based on franchise disclosure conventions.
area_industry_average_out,2018,전북,기타 외식,(단위 :천원),17209,17209000,392,392000,FTC franchise API raw amount values are assumed to be in KRW thousand units based on franchise disclosure conventions.
area_industry_average_out,2018,전남,기타 외식,(단위 :천원),10011,10011000,264,264000,FTC franchise API raw amount values are assumed to be in KRW thousand units based on franchise disclosure conventions.
area_industry_average_out,2018,경북,기타 외식,(단위 :천원),14079,14079000,396,396000,FTC franchise API raw amount values are assumed to be in KRW thousand units based on franchise disclosure conventions.
area_industry_average_out,2018,서울,음료 (커피 외),(단위 :천원),4323,4323000,265,265000,FTC franchise API raw amount values are assumed to be in KRW thousand units based on franchise disclosure conventions.
area_industry_average_out,2018,부산,음료 (커피 외),(단위 :천원),13099,13099000,677,677000,FTC franchise API raw amount values are assumed to be in KRW thousand units based on franchise disclosure conventions.
area_industry_average_out,2018,대구,음료 (커피 외),(단위 :천원),13471,13471000,753,753000,FTC franchise API raw amount values are assumed to be in KRW thousand units based on franchise disclosure conventions.
area_industry_average_out,2018,인천,음료 (커피 외),(단위 :천원),8287,8287000,426,426000,FTC franchise API raw amount values are assumed to be in KRW thousand units based on franchise disclosure conventions.
area_industry_average_out,2018,광주,음료 (커피 외),(단위 :천원),14529,14529000,524,524000,FTC franchise API raw amount values are assumed to be in KRW thousand units based on franchise disclosure conventions.
area_industry_average_out,2018,대전,음료 (커피 외),(단위 :천원),15107,15107000,760,760000,FTC franchise API raw amount values are assumed to be in KRW thousand units based on franchise disclosure conventions.
area_industry_average_out,2018,울산,음료 (커피 외),(단위 :천원),7104,7104000,713,713000,FTC franchise API raw amount values are assumed to be in KRW thousand units based on franchise disclosure conventions.
area_industry_average_out,2018,경기,음료 (커피 외),(단위 :천원),3600,3600000,210,210000,FTC franchise API raw amount values are assumed to be in KRW thousand units based on franchise disclosure conventions.
area_industry_average_out,2018,강원,음료 (커피 외),(단위 :천원),10597,10597000,661,661000,FTC franchise API raw amount values are assumed to be in KRW thousand units based on franchise disclosure conventions.
area_industry_average_out,2018,충북,음료 (커피 외),(단위 :천원),9904,9904000,698,698000,FTC franchise API raw amount values are assumed to be in KRW thousand units based on franchise disclosure conventions.
area_industry_average_out,2018,충남,음료 (커피 외),(단위 :천원),15275,15275000,1128,1128000,FTC franchise API raw amount values are assumed to be in KRW thousand units based on franchise disclosure conventions.
area_industry_average_out,2018,전북,음료 (커피 외),(단위 :천원),16659,16659000,905,905000,FTC franchise API raw amount values are assumed to be in KRW thousand units based on franchise disclosure conventions.
area_industry_average_out,2018,전남,음료 (커피 외),(단위 :천원),13711,13711000,892,892000,FTC franchise API raw amount values are assumed to be in KRW thousand units based on franchise disclosure conventions.
area_industry_average_out,2018,경북,음료 (커피 외),(단위 :천원),10853,10853000,881,881000,FTC franchise API raw amount values are assumed to be in KRW thousand units based on franchise disclosure conventions.
area_industry_average_out,2018,경남,음료 (커피 외),(단위 :천원),7687,7687000,464,464000,FTC franchise API raw amount values are assumed to be in KRW thousand units based on franchise disclosure conventions.
area_industry_average_out,2018,제주,음료 (커피 외),(단위 :천원),17757,17757000,668,668000,FTC franchise API raw amount values are assumed to be in KRW thousand units based on franchise disclosure conventions.
area_industry_average_out,2018,세종,음료 (커피 외),(단위 :천원),0,0,0,0,FTC franchise API raw amount values are assumed to be in KRW thousand units based on franchise disclosure conventions.
area_industry_average_out,2018,서울,주점,(단위 :천원),14612,14612000,382,382000,FTC franchise API raw amount values are assumed to be in KRW thousand units based on franchise disclosure conventions.
area_industry_average_out,2018,부산,주점,(단위 :천원),10368,10368000,264,264000,FTC franchise API raw amount values are assumed to be in KRW thousand units based on franchise disclosure conventions.
area_industry_average_out,2018,대구,주점,(단위 :천원),9125,9125000,250,250000,FTC franchise API raw amount values are assumed to be in KRW thousand units based on franchise disclosure conventions.
area_industry_average_out,2018,인천,주점,(단위 :천원),16827,16827000,351,351000,FTC franchise API raw amount values are assumed to be in KRW thousand units based on franchise disclosure conventions.
area_industry_average_out,2018,광주,주점,(단위 :천원),4270,4270000,119,119000,FTC franchise API raw amount values are assumed to be in KRW thousand units based on franchise disclosure conventions.
area_industry_average_out,2018,대전,주점,(단위 :천원),7235,7235000,199,199000,FTC franchise API raw amount values are assumed to be in KRW thousand units based on franchise disclosure conventions.
area_industry_average_out,2018,울산,주점,(단위 :천원),6212,6212000,170,170000,FTC franchise API raw amount values are assumed to be in KRW thousand units based on franchise disclosure conventions.
area_industry_average_out,2018,경기,주점,(단위 :천원),9794,9794000,270,270000,FTC franchise API raw amount values are assumed to be in KRW thousand units based on franchise disclosure conventions.
area_industry_average_out,2019,세종,한식,(단위 :천원),7618,7618000,429,429000,FTC franchise API raw amount values are assumed to be in KRW thousand units based on franchise disclosure conventions.
area_industry_average_out,2019,서울,분식,(단위 :천원),8886,8886000,639,639000,FTC franchise API raw amount values are assumed to be in KRW thousand units based on franchise disclosure conventions.
area_industry_average_out,2019,부산,분식,(단위 :천원),8337,8337000,496,496000,FTC franchise API raw amount values are assumed to be in KRW thousand units based on franchise disclosure conventions.
area_industry_average_out,2019,대구,분식,(단위 :천원),7451,7451000,474,474000,FTC franchise API raw amount values are assumed to be in KRW thousand units based on franchise disclosure conventions.
area_industry_average_out,2019,인천,분식,(단위 :천원),12680,12680000,857,857000,FTC franchise API raw amount values are assumed to be in KRW thousand units based on franchise disclosure conventions.
area_industry_average_out,2019,광주,분식,(단위 :천원),8168,8168000,566,566000,FTC franchise API raw amount values are assumed to be in KRW thousand units based on franchise disclosure conventions.
area_industry_average_out,2019,대전,분식,(단위 :천원),9009,9009000,679,679000,FTC franchise API raw amount values are assumed to be in KRW thousand units based on franchise disclosure conventions.
area_industry_average_out,2019,울산,분식,(단위 :천원),7458,7458000,409,409000,FTC franchise API raw amount values are assumed to be in KRW thousand units based on franchise disclosure conventions.
area_industry_average_out,2019,경기,분식,(단위 :천원),7685,7685000,552,552000,FTC franchise API raw amount values are assumed to be in KRW thousand units based on franchise disclosure conventions.
area_industry_average_out,2019,서울,서양식,(단위 :천원),34222,34222000,1179,1179000,FTC franchise API raw amount values are assumed to be in KRW thousand units based on franchise disclosure conventions.
area_industry_average_out,2019,부산,서양식,(단위 :천원),26248,26248000,597,597000,FTC franchise API raw amount values are assumed to be in KRW thousand units based on franchise disclosure conventions.
area_industry_average_out,2019,대구,서양식,(단위 :천원),34243,34243000,941,941000,FTC franchise API raw amount values are assumed to be in KRW thousand units based on franchise disclosure conventions.
area_industry_average_out,2019,인천,서양식,(단위 :천원),0,0,0,0,FTC franchise API raw amount values are assumed to be in KRW thousand units based on franchise disclosure conventions.
area_industry_average_out,2019,광주,서양식,(단위 :천원),0,0,0,0,FTC franchise API raw amount values are assumed to be in KRW thousand units based on franchise disclosure conventions.
area_industry_average_out,2019,대전,서양식,(단위 :천원),0,0,0,0,FTC franchise API raw amount values are assumed to be in KRW thousand units based on franchise disclosure conventions.
area_industry_average_out,2019,울산,서양식,(단위 :천원),0,0,0,0,FTC franchise API raw amount values are assumed to be in KRW thousand units based on franchise disclosure conventions.
area_industry_average_out,2019,경기,서양식,(단위 :천원),24346,24346000,699,699000,FTC franchise API raw amount values are assumed to be in KRW thousand units based on franchise disclosure conventions.
area_industry_average_out,2019,강원,서양식,(단위 :천원),0,0,0,0,FTC franchise API raw amount values are assumed to be in KRW thousand units based on franchise disclosure conventions.
area_industry_average_out,2019,충북,서양식,(단위 :천원),0,0,0,0,FTC franchise API raw amount values are assumed to be in KRW thousand units based on franchise disclosure conventions.
area_industry_average_out,2019,충남,서양식,(단위 :천원),25320,25320000,499,499000,FTC franchise API raw amount values are assumed to be in KRW thousand units based on franchise disclosure conventions.
area_industry_average_out,2019,전북,서양식,(단위 :천원),49035,49035000,706,706000,FTC franchise API raw amount values are assumed to be in KRW thousand units based on franchise disclosure conventions.
area_industry_average_out,2019,전남,서양식,(단위 :천원),0,0,0,0,FTC franchise API raw amount values are assumed to be in KRW thousand units based on franchise disclosure conventions.
area_industry_average_out,2019,경북,서양식,(단위 :천원),27232,27232000,418,418000,FTC franchise API raw amount values are assumed to be in KRW thousand units based on franchise disclosure conventions.
area_industry_average_out,2019,경남,서양식,(단위 :천원),18475,18475000,465,465000,FTC franchise API raw amount values are assumed to be in KRW thousand units based on franchise disclosure conventions.
area_industry_average_out,2019,제주,서양식,(단위 :천원),76114,76114000,735,735000,FTC franchise API raw amount values are assumed to be in KRW thousand units based on franchise disclosure conventions.
area_industry_average_out,2019,세종,서양식,(단위 :천원),0,0,0,0,FTC franchise API raw amount values are assumed to be in KRW thousand units based on franchise disclosure conventions.
area_industry_average_out,2019,서울,제과제빵,(단위 :천원),5636,5636000,382,382000,FTC franchise API raw amount values are assumed to be in KRW thousand units based on franchise disclosure conventions.
area_industry_average_out,2019,부산,제과제빵,(단위 :천원),8457,8457000,697,697000,FTC franchise API raw amount values are assumed to be in KRW thousand units based on franchise disclosure conventions.
area_industry_average_out,2019,대구,제과제빵,(단위 :천원),8115,8115000,523,523000,FTC franchise API raw amount values are assumed to be in KRW thousand units based on franchise disclosure conventions.
area_industry_average_out,2019,인천,제과제빵,(단위 :천원),6117,6117000,393,393000,FTC franchise API raw amount values are assumed to be in KRW thousand units based on franchise disclosure conventions.
area_industry_average_out,2019,광주,제과제빵,(단위 :천원),9088,9088000,445,445000,FTC franchise API raw amount values are assumed to be in KRW thousand units based on franchise disclosure conventions.
area_industry_average_out,2019,대전,제과제빵,(단위 :천원),6960,6960000,297,297000,FTC franchise API raw amount values are assumed to be in KRW thousand units based on franchise disclosure conventions.
area_industry_average_out,2019,울산,제과제빵,(단위 :천원),11805,11805000,586,586000,FTC franchise API raw amount values are assumed to be in KRW thousand units based on franchise disclosure conventions.
area_industry_average_out,2019,경기,제과제빵,(단위 :천원),4486,4486000,285,285000,FTC franchise API raw amount values are assumed to be in KRW thousand units based on franchise disclosure conventions.
area_industry_average_out,2019,강원,제과제빵,(단위 :천원),7318,7318000,377,377000,FTC franchise API raw amount values are assumed to be in KRW thousand units based on franchise disclosure conventions.
area_industry_average_out,2019,충북,제과제빵,(단위 :천원),6330,6330000,318,318000,FTC franchise API raw amount values are assumed to be in KRW thousand units based on franchise disclosure conventions.
area_industry_average_out,2019,충남,제과제빵,(단위 :천원),6313,6313000,352,352000,FTC franchise API raw amount values are assumed to be in KRW thousand units based on franchise disclosure conventions.
area_industry_average_out,2019,전북,제과제빵,(단위 :천원),8438,8438000,506,506000,FTC franchise API raw amount values are assumed to be in KRW thousand units based on franchise disclosure conventions.
area_industry_average_out,2019,전남,제과제빵,(단위 :천원),8139,8139000,375,375000,FTC franchise API raw amount values are assumed to be in KRW thousand units based on franchise disclosure conventions.
area_industry_average_out,2019,경북,제과제빵,(단위 :천원),6608,6608000,449,449000,FTC franchise API raw amount values are assumed to be in KRW thousand units based on franchise disclosure conventions.
area_industry_average_out,2019,경남,제과제빵,(단위 :천원),6523,6523000,379,379000,FTC franchise API raw amount values are assumed to be in KRW thousand units based on franchise disclosure conventions.
area_industry_average_out,2019,제주,제과제빵,(단위 :천원),15644,15644000,1387,1387000,FTC franchise API raw amount values are assumed to be in KRW thousand units based on franchise disclosure conventions.
area_industry_average_out,2019,세종,제과제빵,(단위 :천원),32991,32991000,1325,1325000,FTC franchise API raw amount values are assumed to be in KRW thousand units based on franchise disclosure conventions.
area_industry_average_out,2019,경북,주점,(단위 :천원),4628,4628000,173,173000,FTC franchise API raw amount values are assumed to be in KRW thousand units based on franchise disclosure conventions.
area_industry_average_out,2019,경남,주점,(단위 :천원),6400,6400000,245,245000,FTC franchise API raw amount values are assumed to be in KRW thousand units based on franchise disclosure conventions.
area_industry_average_out,2019,제주,주점,(단위 :천원),8336,8336000,325,325000,FTC franchise API raw amount values are assumed to be in KRW thousand units based on franchise disclosure conventions.
area_industry_average_out,2019,세종,주점,(단위 :천원),10125,10125000,490,490000,FTC franchise API raw amount values are assumed to be in KRW thousand units based on franchise disclosure conventions.
area_industry_average_out,2019,서울,치킨,(단위 :천원),5540,5540000,322,322000,FTC franchise API raw amount values are assumed to be in KRW thousand units based on franchise disclosure conventions.
area_industry_average_out,2019,부산,치킨,(단위 :천원),6643,6643000,425,425000,FTC franchise API raw amount values are assumed to be in KRW thousand units based on franchise disclosure conventions.
area_industry_average_out,2019,대구,치킨,(단위 :천원),6552,6552000,420,420000,FTC franchise API raw amount values are assumed to be in KRW thousand units based on franchise disclosure conventions.
area_industry_average_out,2019,인천,치킨,(단위 :천원),8041,8041000,511,511000,FTC franchise API raw amount values are assumed to be in KRW thousand units based on franchise disclosure conventions.
area_industry_average_out,2019,광주,치킨,(단위 :천원),11161,11161000,649,649000,FTC franchise API raw amount values are assumed to be in KRW thousand units based on franchise disclosure conventions.
area_industry_average_out,2019,대전,치킨,(단위 :천원),9209,9209000,533,533000,FTC franchise API raw amount values are assumed to be in KRW thousand units based on franchise disclosure conventions.
area_industry_average_out,2019,울산,치킨,(단위 :천원),9175,9175000,586,586000,FTC franchise API raw amount values are assumed to be in KRW thousand units based on franchise disclosure conventions.
area_industry_average_out,2019,경기,치킨,(단위 :천원),3797,3797000,232,232000,FTC franchise API raw amount values are assumed to be in KRW thousand units based on franchise disclosure conventions.
area_industry_average_out,2019,강원,치킨,(단위 :천원),6338,6338000,371,371000,FTC franchise API raw amount values are assumed to be in KRW thousand units based on franchise disclosure conventions.
area_industry_average_out,2019,충북,치킨,(단위 :천원),8467,8467000,506,506000,FTC franchise API raw amount values are assumed to be in KRW thousand units based on franchise disclosure conventions.
area_industry_average_out,2019,충남,치킨,(단위 :천원),7870,7870000,444,444000,FTC franchise API raw amount values are assumed to be in KRW thousand units based on franchise disclosure conventions.
area_industry_average_out,2019,전북,치킨,(단위 :천원),7998,7998000,429,429000,FTC franchise API raw amount values are assumed to be in KRW thousand units based on franchise disclosure conventions.
area_industry_average_out,2019,전남,치킨,(단위 :천원),7849,7849000,481,481000,FTC franchise API raw amount values are assumed to be in KRW thousand units based on franchise disclosure conventions.
area_industry_average_out,2019,경북,치킨,(단위 :천원),5017,5017000,291,291000,FTC franchise API raw amount values are assumed to be in KRW thousand units based on franchise disclosure conventions.
area_industry_average_out,2019,서울,기타 외식,(단위 :천원),19186,19186000,687,687000,FTC franchise API raw amount values are assumed to be in KRW thousand units based on franchise disclosure conventions.
area_industry_average_out,2019,부산,기타 외식,(단위 :천원),16094,16094000,663,663000,FTC franchise API raw amount values are assumed to be in KRW thousand units based on franchise disclosure conventions.
area_industry_average_out,2019,대구,기타 외식,(단위 :천원),18458,18458000,579,579000,FTC franchise API raw amount values are assumed to be in KRW thousand units based on franchise disclosure conventions.
area_industry_average_out,2019,인천,기타 외식,(단위 :천원),18295,18295000,702,702000,FTC franchise API raw amount values are assumed to be in KRW thousand units based on franchise disclosure conventions.
area_industry_average_out,2019,광주,기타 외식,(단위 :천원),16320,16320000,645,645000,FTC franchise API raw amount values are assumed to be in KRW thousand units based on franchise disclosure conventions.
area_industry_average_out,2019,대전,기타 외식,(단위 :천원),14975,14975000,554,554000,FTC franchise API raw amount values are assumed to be in KRW thousand units based on franchise disclosure conventions.
area_industry_average_out,2019,울산,기타 외식,(단위 :천원),12699,12699000,509,509000,FTC franchise API raw amount values are assumed to be in KRW thousand units based on franchise disclosure conventions.
area_industry_average_out,2019,경기,기타 외식,(단위 :천원),14870,14870000,530,530000,FTC franchise API raw amount values are assumed to be in KRW thousand units based on franchise disclosure conventions.
area_industry_average_out,2019,강원,기타 외식,(단위 :천원),12690,12690000,559,559000,FTC franchise API raw amount values are assumed to be in KRW thousand units based on franchise disclosure conventions.
area_industry_average_out,2019,충북,기타 외식,(단위 :천원),14496,14496000,445,445000,FTC franchise API raw amount values are assumed to be in KRW thousand units based on franchise disclosure conventions.
area_industry_average_out,2019,충남,기타 외식,(단위 :천원),17984,17984000,640,640000,FTC franchise API raw amount values are assumed to be in KRW thousand units based on franchise disclosure conventions.
area_industry_average_out,2019,전북,기타 외식,(단위 :천원),15577,15577000,498,498000,FTC franchise API raw amount values are assumed to be in KRW thousand units based on franchise disclosure conventions.
area_industry_average_out,2019,전남,기타 외식,(단위 :천원),9608,9608000,363,363000,FTC franchise API raw amount values are assumed to be in KRW thousand units based on franchise disclosure conventions.
area_industry_average_out,2019,경북,기타 외식,(단위 :천원),14293,14293000,458,458000,FTC franchise API raw amount values are assumed to be in KRW thousand units based on franchise disclosure conventions.
area_industry_average_out,2019,경남,기타 외식,(단위 :천원),13680,13680000,486,486000,FTC franchise API raw amount values are assumed to be in KRW thousand units based on franchise disclosure conventions.
area_industry_average_out,2019,제주,기타 외식,(단위 :천원),13374,13374000,638,638000,FTC franchise API raw amount values are assumed to be in KRW thousand units based on franchise disclosure conventions.
area_industry_average_out,2019,세종,기타 외식,(단위 :천원),11300,11300000,847,847000,FTC franchise API raw amount values are assumed to be in KRW thousand units based on franchise disclosure conventions.
area_industry_average_out,2019,울산,일식,(단위 :천원),36865,36865000,331,331000,FTC franchise API raw amount values are assumed to be in KRW thousand units based on franchise disclosure conventions.
area_industry_average_out,2019,경기,일식,(단위 :천원),30125,30125000,1307,1307000,FTC franchise API raw amount values are assumed to be in KRW thousand units based on franchise disclosure conventions.
area_industry_average_out,2019,강원,일식,(단위 :천원),0,0,0,0,FTC franchise API raw amount values are assumed to be in KRW thousand units based on franchise disclosure conventions.
area_industry_average_out,2019,충북,일식,(단위 :천원),9878,9878000,305,305000,FTC franchise API raw amount values are assumed to be in KRW thousand units based on franchise disclosure conventions.
area_industry_average_out,2019,충남,일식,(단위 :천원),8334,8334000,399,399000,FTC franchise API raw amount values are assumed to be in KRW thousand units based on franchise disclosure conventions.
area_industry_average_out,2019,전북,일식,(단위 :천원),10381,10381000,440,440000,FTC franchise API raw amount values are assumed to be in KRW thousand units based on franchise disclosure conventions.
area_industry_average_out,2019,전남,일식,(단위 :천원),5770,5770000,140,140000,FTC franchise API raw amount values are assumed to be in KRW thousand units based on franchise disclosure conventions.
area_industry_average_out,2019,경북,일식,(단위 :천원),10436,10436000,353,353000,FTC franchise API raw amount values are assumed to be in KRW thousand units based on franchise disclosure conventions.
area_industry_average_out,2019,경남,일식,(단위 :천원),11315,11315000,164,164000,FTC franchise API raw amount values are assumed to be in KRW thousand units based on franchise disclosure conventions.
area_industry_average_out,2019,제주,일식,(단위 :천원),5253,5253000,398,398000,FTC franchise API raw amount values are assumed to be in KRW thousand units based on franchise disclosure conventions.
area_industry_average_out,2019,세종,일식,(단위 :천원),0,0,0,0,FTC franchise API raw amount values are assumed to be in KRW thousand units based on franchise disclosure conventions.
area_industry_average_out,2019,경기,커피,(단위 :천원),3762,3762000,182,182000,FTC franchise API raw amount values are assumed to be in KRW thousand units based on franchise disclosure conventions.
area_industry_average_out,2019,강원,커피,(단위 :천원),10641,10641000,396,396000,FTC franchise API raw amount values are assumed to be in KRW thousand units based on franchise disclosure conventions.
area_industry_average_out,2019,충북,커피,(단위 :천원),9345,9345000,391,391000,FTC franchise API raw amount values are assumed to be in KRW thousand units based on franchise disclosure conventions.
area_industry_average_out,2019,충남,커피,(단위 :천원),9193,9193000,356,356000,FTC franchise API raw amount values are assumed to be in KRW thousand units based on franchise disclosure conventions.
area_industry_average_out,2019,전북,커피,(단위 :천원),9607,9607000,293,293000,FTC franchise API raw amount values are assumed to be in KRW thousand units based on franchise disclosure conventions.
area_industry_average_out,2019,전남,커피,(단위 :천원),10406,10406000,332,332000,FTC franchise API raw amount values are assumed to be in KRW thousand units based on franchise disclosure conventions.
area_industry_average_out,2019,경북,커피,(단위 :천원),7736,7736000,276,276000,FTC franchise API raw amount values are assumed to be in KRW thousand units based on franchise disclosure conventions.
area_industry_average_out,2019,경남,커피,(단위 :천원),6575,6575000,261,261000,FTC franchise API raw amount values are assumed to be in KRW thousand units based on franchise disclosure conventions.
area_industry_average_out,2019,제주,커피,(단위 :천원),18921,18921000,494,494000,FTC franchise API raw amount values are assumed to be in KRW thousand units based on franchise disclosure conventions.
area_industry_average_out,2019,세종,커피,(단위 :천원),19170,19170000,537,537000,FTC franchise API raw amount values are assumed to be in KRW thousand units based on franchise disclosure conventions.
area_industry_average_out,2019,제주,아이스크림/빙수 ,(단위 :천원),25319,25319000,843,843000,FTC franchise API raw amount values are assumed to be in KRW thousand units based on franchise disclosure conventions.
area_industry_average_out,2019,세종,아이스크림/빙수 ,(단위 :천원),52136,52136000,2812,2812000,FTC franchise API raw amount values are assumed to be in KRW thousand units based on franchise disclosure conventions.
area_industry_average_out,2019,서울,일식,(단위 :천원),33745,33745000,1231,1231000,FTC franchise API raw amount values are assumed to be in KRW thousand units based on franchise disclosure conventions.
area_industry_average_out,2019,부산,일식,(단위 :천원),30777,30777000,948,948000,FTC franchise API raw amount values are assumed to be in KRW thousand units based on franchise disclosure conventions.
area_industry_average_out,2019,대구,일식,(단위 :천원),31416,31416000,692,692000,FTC franchise API raw amount values are assumed to be in KRW thousand units based on franchise disclosure conventions.
area_industry_average_out,2019,인천,일식,(단위 :천원),43830,43830000,686,686000,FTC franchise API raw amount values are assumed to be in KRW thousand units based on franchise disclosure conventions.
area_industry_average_out,2019,광주,일식,(단위 :천원),3781,3781000,337,337000,FTC franchise API raw amount values are assumed to be in KRW thousand units based on franchise disclosure conventions.
area_industry_average_out,2019,대전,일식,(단위 :천원),8210,8210000,288,288000,FTC franchise API raw amount values are assumed to be in KRW thousand units based on franchise disclosure conventions.
area_industry_average_out,2019,서울,패스트푸드,(단위 :천원),10563,10563000,511,511000,FTC franchise API raw amount values are assumed to be in KRW thousand units based on franchise disclosure conventions.
area_industry_average_out,2019,부산,패스트푸드,(단위 :천원),6393,6393000,177,177000,FTC franchise API raw amount values are assumed to be in KRW thousand units based on franchise disclosure conventions.
area_industry_average_out,2019,대구,패스트푸드,(단위 :천원),17492,17492000,297,297000,FTC franchise API raw amount values are assumed to be in KRW thousand units based on franchise disclosure conventions.
area_industry_average_out,2019,인천,패스트푸드,(단위 :천원),8564,8564000,287,287000,FTC franchise API raw amount values are assumed to be in KRW thousand units based on franchise disclosure conventions.
area_industry_average_out,2019,광주,패스트푸드,(단위 :천원),21885,21885000,474,474000,FTC franchise API raw amount values are assumed to be in KRW thousand units based on franchise disclosure conventions.
area_industry_average_out,2019,대전,패스트푸드,(단위 :천원),9418,9418000,317,317000,FTC franchise API raw amount values are assumed to be in KRW thousand units based on franchise disclosure conventions.
area_industry_average_out,2019,울산,패스트푸드,(단위 :천원),9704,9704000,293,293000,FTC franchise API raw amount values are assumed to be in KRW thousand units based on franchise disclosure conventions.
area_industry_average_out,2019,경기,패스트푸드,(단위 :천원),5320,5320000,249,249000,FTC franchise API raw amount values are assumed to be in KRW thousand units based on franchise disclosure conventions.
area_industry_average_out,2019,강원,패스트푸드,(단위 :천원),8807,8807000,440,440000,FTC franchise API raw amount values are assumed to be in KRW thousand units based on franchise disclosure conventions.
area_industry_average_out,2019,충북,패스트푸드,(단위 :천원),12183,12183000,240,240000,FTC franchise API raw amount values are assumed to be in KRW thousand units based on franchise disclosure conventions.
area_industry_average_out,2019,충남,패스트푸드,(단위 :천원),9663,9663000,242,242000,FTC franchise API raw amount values are assumed to be in KRW thousand units based on franchise disclosure conventions.
area_industry_average_out,2019,전북,패스트푸드,(단위 :천원),16776,16776000,418,418000,FTC franchise API raw amount values are assumed to be in KRW thousand units based on franchise disclosure conventions.
area_industry_average_out,2019,전남,패스트푸드,(단위 :천원),12427,12427000,299,299000,FTC franchise API raw amount values are assumed to be in KRW thousand units based on franchise disclosure conventions.
area_industry_average_out,2019,경북,패스트푸드,(단위 :천원),14511,14511000,257,257000,FTC franchise API raw amount values are assumed to be in KRW thousand units based on franchise disclosure conventions.
area_industry_average_out,2019,경남,패스트푸드,(단위 :천원),7720,7720000,244,244000,FTC franchise API raw amount values are assumed to be in KRW thousand units based on franchise disclosure conventions.
area_industry_average_out,2019,제주,패스트푸드,(단위 :천원),18032,18032000,517,517000,FTC franchise API raw amount values are assumed to be in KRW thousand units based on franchise disclosure conventions.
area_industry_average_out,2019,세종,패스트푸드,(단위 :천원),44193,44193000,1148,1148000,FTC franchise API raw amount values are assumed to be in KRW thousand units based on franchise disclosure conventions.
area_industry_average_out,2019,서울,한식,(단위 :천원),19477,19477000,594,594000,FTC franchise API raw amount values are assumed to be in KRW thousand units based on franchise disclosure conventions.
area_industry_average_out,2019,부산,한식,(단위 :천원),21334,21334000,512,512000,FTC franchise API raw amount values are assumed to be in KRW thousand units based on franchise disclosure conventions.
area_industry_average_out,2019,대구,한식,(단위 :천원),20188,20188000,544,544000,FTC franchise API raw amount values are assumed to be in KRW thousand units based on franchise disclosure conventions.
area_industry_average_out,2019,인천,한식,(단위 :천원),22851,22851000,734,734000,FTC franchise API raw amount values are assumed to be in KRW thousand units based on franchise disclosure conventions.
area_industry_average_out,2019,광주,한식,(단위 :천원),18823,18823000,562,562000,FTC franchise API raw amount values are assumed to be in KRW thousand units based on franchise disclosure conventions.
area_industry_average_out,2019,대전,한식,(단위 :천원),14785,14785000,458,458000,FTC franchise API raw amount values are assumed to be in KRW thousand units based on franchise disclosure conventions.
area_industry_average_out,2019,울산,한식,(단위 :천원),26814,26814000,665,665000,FTC franchise API raw amount values are assumed to be in KRW thousand units based on franchise disclosure conventions.
area_industry_average_out,2019,경기,한식,(단위 :천원),16805,16805000,1298,1298000,FTC franchise API raw amount values are assumed to be in KRW thousand units based on franchise disclosure conventions.
area_industry_average_out,2019,강원,한식,(단위 :천원),14971,14971000,523,523000,FTC franchise API raw amount values are assumed to be in KRW thousand units based on franchise disclosure conventions.
area_industry_average_out,2019,충북,한식,(단위 :천원),21117,21117000,580,580000,FTC franchise API raw amount values are assumed to be in KRW thousand units based on franchise disclosure conventions.
area_industry_average_out,2019,충남,한식,(단위 :천원),18170,18170000,571,571000,FTC franchise API raw amount values are assumed to be in KRW thousand units based on franchise disclosure conventions.
area_industry_average_out,2019,전북,한식,(단위 :천원),18777,18777000,480,480000,FTC franchise API raw amount values are assumed to be in KRW thousand units based on franchise disclosure conventions.
area_industry_average_out,2019,전남,한식,(단위 :천원),18721,18721000,542,542000,FTC franchise API raw amount values are assumed to be in KRW thousand units based on franchise disclosure conventions.
area_industry_average_out,2019,경북,한식,(단위 :천원),20925,20925000,494,494000,FTC franchise API raw amount values are assumed to be in KRW thousand units based on franchise disclosure conventions.
area_industry_average_out,2019,경남,한식,(단위 :천원),17014,17014000,449,449000,FTC franchise API raw amount values are assumed to be in KRW thousand units based on franchise disclosure conventions.
area_industry_average_out,2019,제주,한식,(단위 :천원),14003,14003000,669,669000,FTC franchise API raw amount values are assumed to be in KRW thousand units based on franchise disclosure conventions.
area_industry_average_out,2019,강원,기타 외국식,(단위 :천원),14362,14362000,862,862000,FTC franchise API raw amount values are assumed to be in KRW thousand units based on franchise disclosure conventions.
area_industry_average_out,2019,충북,기타 외국식,(단위 :천원),0,0,0,0,FTC franchise API raw amount values are assumed to be in KRW thousand units based on franchise disclosure conventions.
area_industry_average_out,2019,충남,기타 외국식,(단위 :천원),34363,34363000,976,976000,FTC franchise API raw amount values are assumed to be in KRW thousand units based on franchise disclosure conventions.
area_industry_average_out,2019,전북,기타 외국식,(단위 :천원),13928,13928000,644,644000,FTC franchise API raw amount values are assumed to be in KRW thousand units based on franchise disclosure conventions.
area_industry_average_out,2019,전남,기타 외국식,(단위 :천원),74424,74424000,1242,1242000,FTC franchise API raw amount values are assumed to be in KRW thousand units based on franchise disclosure conventions.
area_industry_average_out,2019,경북,기타 외국식,(단위 :천원),0,0,0,0,FTC franchise API raw amount values are assumed to be in KRW thousand units based on franchise disclosure conventions.
area_industry_average_out,2019,경남,기타 외국식,(단위 :천원),9713,9713000,246,246000,FTC franchise API raw amount values are assumed to be in KRW thousand units based on franchise disclosure conventions.
area_industry_average_out,2019,제주,기타 외국식,(단위 :천원),0,0,0,0,FTC franchise API raw amount values are assumed to be in KRW thousand units based on franchise disclosure conventions.
area_industry_average_out,2019,서울,주점,(단위 :천원),14555,14555000,501,501000,FTC franchise API raw amount values are assumed to be in KRW thousand units based on franchise disclosure conventions.
area_industry_average_out,2019,부산,주점,(단위 :천원),13126,13126000,422,422000,FTC franchise API raw amount values are assumed to be in KRW thousand units based on franchise disclosure conventions.
area_industry_average_out,2019,대구,주점,(단위 :천원),7088,7088000,288,288000,FTC franchise API raw amount values are assumed to be in KRW thousand units based on franchise disclosure conventions.
area_industry_average_out,2019,인천,주점,(단위 :천원),17489,17489000,497,497000,FTC franchise API raw amount values are assumed to be in KRW thousand units based on franchise disclosure conventions.
area_industry_average_out,2019,광주,주점,(단위 :천원),3952,3952000,172,172000,FTC franchise API raw amount values are assumed to be in KRW thousand units based on franchise disclosure conventions.
area_industry_average_out,2019,대전,주점,(단위 :천원),9677,9677000,317,317000,FTC franchise API raw amount values are assumed to be in KRW thousand units based on franchise disclosure conventions.
area_industry_average_out,2019,울산,주점,(단위 :천원),4252,4252000,218,218000,FTC franchise API raw amount values are assumed to be in KRW thousand units based on franchise disclosure conventions.
area_industry_average_out,2019,경기,주점,(단위 :천원),10107,10107000,356,356000,FTC franchise API raw amount values are assumed to be in KRW thousand units based on franchise disclosure conventions.
area_industry_average_out,2019,강원,주점,(단위 :천원),6902,6902000,252,252000,FTC franchise API raw amount values are assumed to be in KRW thousand units based on franchise disclosure conventions.
area_industry_average_out,2019,충북,주점,(단위 :천원),4704,4704000,225,225000,FTC franchise API raw amount values are assumed to be in KRW thousand units based on franchise disclosure conventions.
area_industry_average_out,2019,충남,주점,(단위 :천원),6646,6646000,234,234000,FTC franchise API raw amount values are assumed to be in KRW thousand units based on franchise disclosure conventions.
area_industry_average_out,2019,전북,주점,(단위 :천원),8791,8791000,243,243000,FTC franchise API raw amount values are assumed to be in KRW thousand units based on franchise disclosure conventions.
area_industry_average_out,2019,전남,주점,(단위 :천원),5608,5608000,227,227000,FTC franchise API raw amount values are assumed to be in KRW thousand units based on franchise disclosure conventions.
area_industry_average_out,2019,경남,치킨,(단위 :천원),5204,5204000,294,294000,FTC franchise API raw amount values are assumed to be in KRW thousand units based on franchise disclosure conventions.
area_industry_average_out,2019,제주,치킨,(단위 :천원),15377,15377000,901,901000,FTC franchise API raw amount values are assumed to be in KRW thousand units based on franchise disclosure conventions.
area_industry_average_out,2019,세종,치킨,(단위 :천원),25385,25385000,1512,1512000,FTC franchise API raw amount values are assumed to be in KRW thousand units based on franchise disclosure conventions.
area_industry_average_out,2019,서울,피자,(단위 :천원),7839,7839000,509,509000,FTC franchise API raw amount values are assumed to be in KRW thousand units based on franchise disclosure conventions.
area_industry_average_out,2019,부산,피자,(단위 :천원),11780,11780000,619,619000,FTC franchise API raw amount values are assumed to be in KRW thousand units based on franchise disclosure conventions.
area_industry_average_out,2019,대구,피자,(단위 :천원),17482,17482000,872,872000,FTC franchise API raw amount values are assumed to be in KRW thousand units based on franchise disclosure conventions.
area_industry_average_out,2019,인천,피자,(단위 :천원),12475,12475000,673,673000,FTC franchise API raw amount values are assumed to be in KRW thousand units based on franchise disclosure conventions.
area_industry_average_out,2019,광주,피자,(단위 :천원),16042,16042000,755,755000,FTC franchise API raw amount values are assumed to be in KRW thousand units based on franchise disclosure conventions.
area_industry_average_out,2019,대전,피자,(단위 :천원),17602,17602000,896,896000,FTC franchise API raw amount values are assumed to be in KRW thousand units based on franchise disclosure conventions.
area_industry_average_out,2019,울산,피자,(단위 :천원),16884,16884000,836,836000,FTC franchise API raw amount values are assumed to be in KRW thousand units based on franchise disclosure conventions.
area_industry_average_out,2019,경기,피자,(단위 :천원),4770,4770000,279,279000,FTC franchise API raw amount values are assumed to be in KRW thousand units based on franchise disclosure conventions.
area_industry_average_out,2019,강원,피자,(단위 :천원),16233,16233000,706,706000,FTC franchise API raw amount values are assumed to be in KRW thousand units based on franchise disclosure conventions.
area_industry_average_out,2019,충북,피자,(단위 :천원),17735,17735000,782,782000,FTC franchise API raw amount values are assumed to be in KRW thousand units based on franchise disclosure conventions.
area_industry_average_out,2019,충남,피자,(단위 :천원),12525,12525000,580,580000,FTC franchise API raw amount values are assumed to be in KRW thousand units based on franchise disclosure conventions.
area_industry_average_out,2019,전북,피자,(단위 :천원),15987,15987000,704,704000,FTC franchise API raw amount values are assumed to be in KRW thousand units based on franchise disclosure conventions.
area_industry_average_out,2019,전남,피자,(단위 :천원),15341,15341000,689,689000,FTC franchise API raw amount values are assumed to be in KRW thousand units based on franchise disclosure conventions.
area_industry_average_out,2019,경북,피자,(단위 :천원),11976,11976000,568,568000,FTC franchise API raw amount values are assumed to be in KRW thousand units based on franchise disclosure conventions.
area_industry_average_out,2019,경남,피자,(단위 :천원),10910,10910000,546,546000,FTC franchise API raw amount values are assumed to be in KRW thousand units based on franchise disclosure conventions.
area_industry_average_out,2019,제주,피자,(단위 :천원),36344,36344000,1346,1346000,FTC franchise API raw amount values are assumed to be in KRW thousand units based on franchise disclosure conventions.
area_industry_average_out,2019,세종,피자,(단위 :천원),25607,25607000,1207,1207000,FTC franchise API raw amount values are assumed to be in KRW thousand units based on franchise disclosure conventions.
area_industry_average_out,2019,서울,아이스크림/빙수 ,(단위 :천원),4244,4244000,211,211000,FTC franchise API raw amount values are assumed to be in KRW thousand units based on franchise disclosure conventions.
area_industry_average_out,2019,부산,아이스크림/빙수 ,(단위 :천원),6100,6100000,300,300000,FTC franchise API raw amount values are assumed to be in KRW thousand units based on franchise disclosure conventions.
area_industry_average_out,2019,대구,아이스크림/빙수 ,(단위 :천원),8601,8601000,371,371000,FTC franchise API raw amount values are assumed to be in KRW thousand units based on franchise disclosure conventions.
area_industry_average_out,2019,인천,아이스크림/빙수 ,(단위 :천원),7876,7876000,310,310000,FTC franchise API raw amount values are assumed to be in KRW thousand units based on franchise disclosure conventions.
area_industry_average_out,2019,광주,아이스크림/빙수 ,(단위 :천원),16470,16470000,633,633000,FTC franchise API raw amount values are assumed to be in KRW thousand units based on franchise disclosure conventions.
area_industry_average_out,2019,대전,아이스크림/빙수 ,(단위 :천원),14948,14948000,568,568000,FTC franchise API raw amount values are assumed to be in KRW thousand units based on franchise disclosure conventions.
area_industry_average_out,2019,울산,아이스크림/빙수 ,(단위 :천원),12785,12785000,532,532000,FTC franchise API raw amount values are assumed to be in KRW thousand units based on franchise disclosure conventions.
area_industry_average_out,2019,경기,아이스크림/빙수 ,(단위 :천원),2741,2741000,145,145000,FTC franchise API raw amount values are assumed to be in KRW thousand units based on franchise disclosure conventions.
area_industry_average_out,2019,강원,아이스크림/빙수 ,(단위 :천원),13786,13786000,708,708000,FTC franchise API raw amount values are assumed to be in KRW thousand units based on franchise disclosure conventions.
area_industry_average_out,2019,충북,아이스크림/빙수 ,(단위 :천원),13056,13056000,542,542000,FTC franchise API raw amount values are assumed to be in KRW thousand units based on franchise disclosure conventions.
area_industry_average_out,2019,충남,아이스크림/빙수 ,(단위 :천원),12291,12291000,542,542000,FTC franchise API raw amount values are assumed to be in KRW thousand units based on franchise disclosure conventions.
area_industry_average_out,2019,전북,아이스크림/빙수 ,(단위 :천원),12755,12755000,485,485000,FTC franchise API raw amount values are assumed to be in KRW thousand units based on franchise disclosure conventions.
area_industry_average_out,2019,전남,아이스크림/빙수 ,(단위 :천원),11874,11874000,456,456000,FTC franchise API raw amount values are assumed to be in KRW thousand units based on franchise disclosure conventions.
area_industry_average_out,2019,경북,아이스크림/빙수 ,(단위 :천원),6905,6905000,267,267000,FTC franchise API raw amount values are assumed to be in KRW thousand units based on franchise disclosure conventions.
area_industry_average_out,2019,경남,아이스크림/빙수 ,(단위 :천원),5365,5365000,241,241000,FTC franchise API raw amount values are assumed to be in KRW thousand units based on franchise disclosure conventions.
area_industry_average_out,2019,강원,분식,(단위 :천원),8208,8208000,531,531000,FTC franchise API raw amount values are assumed to be in KRW thousand units based on franchise disclosure conventions.
area_industry_average_out,2019,충북,분식,(단위 :천원),5921,5921000,391,391000,FTC franchise API raw amount values are assumed to be in KRW thousand units based on franchise disclosure conventions.
area_industry_average_out,2019,충남,분식,(단위 :천원),6490,6490000,429,429000,FTC franchise API raw amount values are assumed to be in KRW thousand units based on franchise disclosure conventions.
area_industry_average_out,2019,전북,분식,(단위 :천원),8812,8812000,398,398000,FTC franchise API raw amount values are assumed to be in KRW thousand units based on franchise disclosure conventions.
area_industry_average_out,2019,전남,분식,(단위 :천원),8037,8037000,428,428000,FTC franchise API raw amount values are assumed to be in KRW thousand units based on franchise disclosure conventions.
area_industry_average_out,2019,경북,분식,(단위 :천원),8286,8286000,636,636000,FTC franchise API raw amount values are assumed to be in KRW thousand units based on franchise disclosure conventions.
area_industry_average_out,2019,경남,분식,(단위 :천원),7485,7485000,433,433000,FTC franchise API raw amount values are assumed to be in KRW thousand units based on franchise disclosure conventions.
area_industry_average_out,2019,제주,분식,(단위 :천원),9780,9780000,861,861000,FTC franchise API raw amount values are assumed to be in KRW thousand units based on franchise disclosure conventions.
area_industry_average_out,2019,세종,분식,(단위 :천원),10396,10396000,819,819000,FTC franchise API raw amount values are assumed to be in KRW thousand units based on franchise disclosure conventions.
area_industry_average_out,2019,서울,중식,(단위 :천원),20138,20138000,657,657000,FTC franchise API raw amount values are assumed to be in KRW thousand units based on franchise disclosure conventions.
area_industry_average_out,2019,부산,중식,(단위 :천원),19185,19185000,498,498000,FTC franchise API raw amount values are assumed to be in KRW thousand units based on franchise disclosure conventions.
area_industry_average_out,2019,대구,중식,(단위 :천원),23889,23889000,791,791000,FTC franchise API raw amount values are assumed to be in KRW thousand units based on franchise disclosure conventions.
area_industry_average_out,2019,인천,중식,(단위 :천원),45252,45252000,1442,1442000,FTC franchise API raw amount values are assumed to be in KRW thousand units based on franchise disclosure conventions.
area_industry_average_out,2019,광주,중식,(단위 :천원),27193,27193000,495,495000,FTC franchise API raw amount values are assumed to be in KRW thousand units based on franchise disclosure conventions.
area_industry_average_out,2019,대전,중식,(단위 :천원),22328,22328000,587,587000,FTC franchise API raw amount values are assumed to be in KRW thousand units based on franchise disclosure conventions.
area_industry_average_out,2019,울산,중식,(단위 :천원),28510,28510000,521,521000,FTC franchise API raw amount values are assumed to be in KRW thousand units based on franchise disclosure conventions.
area_industry_average_out,2019,경기,중식,(단위 :천원),16608,16608000,574,574000,FTC franchise API raw amount values are assumed to be in KRW thousand units based on franchise disclosure conventions.
area_industry_average_out,2019,강원,중식,(단위 :천원),4083,4083000,141,141000,FTC franchise API raw amount values are assumed to be in KRW thousand units based on franchise disclosure conventions.
area_industry_average_out,2019,충북,중식,(단위 :천원),12867,12867000,375,375000,FTC franchise API raw amount values are assumed to be in KRW thousand units based on franchise disclosure conventions.
area_industry_average_out,2019,충남,중식,(단위 :천원),38286,38286000,774,774000,FTC franchise API raw amount values are assumed to be in KRW thousand units based on franchise disclosure conventions.
area_industry_average_out,2019,전북,중식,(단위 :천원),22614,22614000,504,504000,FTC franchise API raw amount values are assumed to be in KRW thousand units based on franchise disclosure conventions.
area_industry_average_out,2019,전남,중식,(단위 :천원),0,0,0,0,FTC franchise API raw amount values are assumed to be in KRW thousand units based on franchise disclosure conventions.
area_industry_average_out,2019,경북,중식,(단위 :천원),5847,5847000,295,295000,FTC franchise API raw amount values are assumed to be in KRW thousand units based on franchise disclosure conventions.
area_industry_average_out,2019,경남,중식,(단위 :천원),27358,27358000,597,597000,FTC franchise API raw amount values are assumed to be in KRW thousand units based on franchise disclosure conventions.
area_industry_average_out,2019,제주,중식,(단위 :천원),38699,38699000,1008,1008000,FTC franchise API raw amount values are assumed to be in KRW thousand units based on franchise disclosure conventions.
area_industry_average_out,2019,세종,중식,(단위 :천원),0,0,0,0,FTC franchise API raw amount values are assumed to be in KRW thousand units based on franchise disclosure conventions.
area_industry_average_out,2019,세종,기타 외국식,(단위 :천원),15391,15391000,493,493000,FTC franchise API raw amount values are assumed to be in KRW thousand units based on franchise disclosure conventions.
area_industry_average_out,2019,서울,음료 (커피 외),(단위 :천원),3320,3320000,264,264000,FTC franchise API raw amount values are assumed to be in KRW thousand units based on franchise disclosure conventions.
area_industry_average_out,2019,부산,음료 (커피 외),(단위 :천원),12937,12937000,1001,1001000,FTC franchise API raw amount values are assumed to be in KRW thousand units based on franchise disclosure conventions.
area_industry_average_out,2019,대구,음료 (커피 외),(단위 :천원),9932,9932000,685,685000,FTC franchise API raw amount values are assumed to be in KRW thousand units based on franchise disclosure conventions.
area_industry_average_out,2019,인천,음료 (커피 외),(단위 :천원),6903,6903000,517,517000,FTC franchise API raw amount values are assumed to be in KRW thousand units based on franchise disclosure conventions.
area_industry_average_out,2019,광주,음료 (커피 외),(단위 :천원),14931,14931000,714,714000,FTC franchise API raw amount values are assumed to be in KRW thousand units based on franchise disclosure conventions.
area_industry_average_out,2019,대전,음료 (커피 외),(단위 :천원),14666,14666000,924,924000,FTC franchise API raw amount values are assumed to be in KRW thousand units based on franchise disclosure conventions.
area_industry_average_out,2019,울산,음료 (커피 외),(단위 :천원),6443,6443000,647,647000,FTC franchise API raw amount values are assumed to be in KRW thousand units based on franchise disclosure conventions.
area_industry_average_out,2019,경기,음료 (커피 외),(단위 :천원),3363,3363000,215,215000,FTC franchise API raw amount values are assumed to be in KRW thousand units based on franchise disclosure conventions.
area_industry_average_out,2019,강원,음료 (커피 외),(단위 :천원),9184,9184000,733,733000,FTC franchise API raw amount values are assumed to be in KRW thousand units based on franchise disclosure conventions.
area_industry_average_out,2019,충북,음료 (커피 외),(단위 :천원),9631,9631000,691,691000,FTC franchise API raw amount values are assumed to be in KRW thousand units based on franchise disclosure conventions.
area_industry_average_out,2019,충남,음료 (커피 외),(단위 :천원),14543,14543000,1321,1321000,FTC franchise API raw amount values are assumed to be in KRW thousand units based on franchise disclosure conventions.
area_industry_average_out,2019,전북,음료 (커피 외),(단위 :천원),14306,14306000,935,935000,FTC franchise API raw amount values are assumed to be in KRW thousand units based on franchise disclosure conventions.
area_industry_average_out,2019,전남,음료 (커피 외),(단위 :천원),16135,16135000,1008,1008000,FTC franchise API raw amount values are assumed to be in KRW thousand units based on franchise disclosure conventions.
area_industry_average_out,2019,경북,음료 (커피 외),(단위 :천원),10510,10510000,812,812000,FTC franchise API raw amount values are assumed to be in KRW thousand units based on franchise disclosure conventions.
area_industry_average_out,2019,경남,음료 (커피 외),(단위 :천원),8472,8472000,555,555000,FTC franchise API raw amount values are assumed to be in KRW thousand units based on franchise disclosure conventions.
area_industry_average_out,2019,제주,음료 (커피 외),(단위 :천원),9172,9172000,783,783000,FTC franchise API raw amount values are assumed to be in KRW thousand units based on franchise disclosure conventions.
area_industry_average_out,2019,세종,음료 (커피 외),(단위 :천원),7652,7652000,402,402000,FTC franchise API raw amount values are assumed to be in KRW thousand units based on franchise disclosure conventions.
area_industry_average_out,2019,서울,커피,(단위 :천원),4428,4428000,260,260000,FTC franchise API raw amount values are assumed to be in KRW thousand units based on franchise disclosure conventions.
area_industry_average_out,2019,부산,커피,(단위 :천원),6165,6165000,258,258000,FTC franchise API raw amount values are assumed to be in KRW thousand units based on franchise disclosure conventions.
area_industry_average_out,2019,대구,커피,(단위 :천원),9005,9005000,324,324000,FTC franchise API raw amount values are assumed to be in KRW thousand units based on franchise disclosure conventions.
area_industry_average_out,2019,인천,커피,(단위 :천원),7442,7442000,339,339000,FTC franchise API raw amount values are assumed to be in KRW thousand units based on franchise disclosure conventions.
area_industry_average_out,2019,광주,커피,(단위 :천원),9637,9637000,304,304000,FTC franchise API raw amount values are assumed to be in KRW thousand units based on franchise disclosure conventions.
area_industry_average_out,2019,대전,커피,(단위 :천원),10538,10538000,350,350000,FTC franchise API raw amount values are assumed to be in KRW thousand units based on franchise disclosure conventions.
area_industry_average_out,2019,울산,커피,(단위 :천원),10065,10065000,329,329000,FTC franchise API raw amount values are assumed to be in KRW thousand units based on franchise disclosure conventions.
area_industry_average_out,2019,서울,기타 외국식,(단위 :천원),30897,30897000,1115,1115000,FTC franchise API raw amount values are assumed to be in KRW thousand units based on franchise disclosure conventions.
area_industry_average_out,2019,부산,기타 외국식,(단위 :천원),22379,22379000,861,861000,FTC franchise API raw amount values are assumed to be in KRW thousand units based on franchise disclosure conventions.
area_industry_average_out,2019,대구,기타 외국식,(단위 :천원),0,0,0,0,FTC franchise API raw amount values are assumed to be in KRW thousand units based on franchise disclosure conventions.
area_industry_average_out,2019,인천,기타 외국식,(단위 :천원),35330,35330000,1524,1524000,FTC franchise API raw amount values are assumed to be in KRW thousand units based on franchise disclosure conventions.
area_industry_average_out,2019,광주,기타 외국식,(단위 :천원),27783,27783000,409,409000,FTC franchise API raw amount values are assumed to be in KRW thousand units based on franchise disclosure conventions.
area_industry_average_out,2019,대전,기타 외국식,(단위 :천원),0,0,0,0,FTC franchise API raw amount values are assumed to be in KRW thousand units based on franchise disclosure conventions.
area_industry_average_out,2019,울산,기타 외국식,(단위 :천원),6337,6337000,196,196000,FTC franchise API raw amount values are assumed to be in KRW thousand units based on franchise disclosure conventions.
area_industry_average_out,2019,경기,기타 외국식,(단위 :천원),24254,24254000,939,939000,FTC franchise API raw amount values are assumed to be in KRW thousand units based on franchise disclosure conventions.
area_industry_average_out,2020,서울,피자,(단위 :천원),8706,8706000,543,543000,FTC franchise API raw amount values are assumed to be in KRW thousand units based on franchise disclosure conventions.
area_industry_average_out,2020,부산,피자,(단위 :천원),12616,12616000,599,599000,FTC franchise API raw amount values are assumed to be in KRW thousand units based on franchise disclosure conventions.
area_industry_average_out,2020,대구,피자,(단위 :천원),17837,17837000,828,828000,FTC franchise API raw amount values are assumed to be in KRW thousand units based on franchise disclosure conventions.
area_industry_average_out,2020,인천,피자,(단위 :천원),13685,13685000,706,706000,FTC franchise API raw amount values are assumed to be in KRW thousand units based on franchise disclosure conventions.
area_industry_average_out,2020,광주,피자,(단위 :천원),17537,17537000,813,813000,FTC franchise API raw amount values are assumed to be in KRW thousand units based on franchise disclosure conventions.
area_industry_average_out,2020,대전,피자,(단위 :천원),20291,20291000,1013,1013000,FTC franchise API raw amount values are assumed to be in KRW thousand units based on franchise disclosure conventions.
area_industry_average_out,2020,울산,피자,(단위 :천원),20145,20145000,978,978000,FTC franchise API raw amount values are assumed to be in KRW thousand units based on franchise disclosure conventions.
area_industry_average_out,2020,경기,피자,(단위 :천원),5222,5222000,359,359000,FTC franchise API raw amount values are assumed to be in KRW thousand units based on franchise disclosure conventions.
area_industry_average_out,2020,강원,피자,(단위 :천원),16109,16109000,648,648000,FTC franchise API raw amount values are assumed to be in KRW thousand units based on franchise disclosure conventions.
area_industry_average_out,2020,충북,피자,(단위 :천원),17910,17910000,790,790000,FTC franchise API raw amount values are assumed to be in KRW thousand units based on franchise disclosure conventions.
area_industry_average_out,2020,충남,피자,(단위 :천원),11727,11727000,521,521000,FTC franchise API raw amount values are assumed to be in KRW thousand units based on franchise disclosure conventions.
area_industry_average_out,2020,전북,피자,(단위 :천원),15280,15280000,641,641000,FTC franchise API raw amount values are assumed to be in KRW thousand units based on franchise disclosure conventions.
area_industry_average_out,2020,전남,피자,(단위 :천원),15466,15466000,649,649000,FTC franchise API raw amount values are assumed to be in KRW thousand units based on franchise disclosure conventions.
area_industry_average_out,2020,경북,피자,(단위 :천원),11647,11647000,535,535000,FTC franchise API raw amount values are assumed to be in KRW thousand units based on franchise disclosure conventions.
area_industry_average_out,2020,경남,피자,(단위 :천원),10537,10537000,498,498000,FTC franchise API raw amount values are assumed to be in KRW thousand units based on franchise disclosure conventions.
area_industry_average_out,2020,제주,피자,(단위 :천원),31586,31586000,1199,1199000,FTC franchise API raw amount values are assumed to be in KRW thousand units based on franchise disclosure conventions.
area_industry_average_out,2020,세종,피자,(단위 :천원),23659,23659000,1180,1180000,FTC franchise API raw amount values are assumed to be in KRW thousand units based on franchise disclosure conventions.
area_industry_average_out,2020,서울,기타 외식,(단위 :천원),20764,20764000,774,774000,FTC franchise API raw amount values are assumed to be in KRW thousand units based on franchise disclosure conventions.
area_industry_average_out,2020,부산,기타 외식,(단위 :천원),15284,15284000,665,665000,FTC franchise API raw amount values are assumed to be in KRW thousand units based on franchise disclosure conventions.
area_industry_average_out,2020,대구,기타 외식,(단위 :천원),17015,17015000,554,554000,FTC franchise API raw amount values are assumed to be in KRW thousand units based on franchise disclosure conventions.
area_industry_average_out,2020,인천,기타 외식,(단위 :천원),21031,21031000,834,834000,FTC franchise API raw amount values are assumed to be in KRW thousand units based on franchise disclosure conventions.
area_industry_average_out,2020,광주,기타 외식,(단위 :천원),18472,18472000,690,690000,FTC franchise API raw amount values are assumed to be in KRW thousand units based on franchise disclosure conventions.
area_industry_average_out,2020,대전,기타 외식,(단위 :천원),16129,16129000,734,734000,FTC franchise API raw amount values are assumed to be in KRW thousand units based on franchise disclosure conventions.
area_industry_average_out,2020,서울,한식,(단위 :천원),18049,18049000,622,622000,FTC franchise API raw amount values are assumed to be in KRW thousand units based on franchise disclosure conventions.
area_industry_average_out,2020,부산,한식,(단위 :천원),19372,19372000,508,508000,FTC franchise API raw amount values are assumed to be in KRW thousand units based on franchise disclosure conventions.
area_industry_average_out,2020,대구,한식,(단위 :천원),19263,19263000,570,570000,FTC franchise API raw amount values are assumed to be in KRW thousand units based on franchise disclosure conventions.
area_industry_average_out,2020,인천,한식,(단위 :천원),21467,21467000,771,771000,FTC franchise API raw amount values are assumed to be in KRW thousand units based on franchise disclosure conventions.
area_industry_average_out,2020,광주,한식,(단위 :천원),18522,18522000,615,615000,FTC franchise API raw amount values are assumed to be in KRW thousand units based on franchise disclosure conventions.
area_industry_average_out,2020,대전,한식,(단위 :천원),13350,13350000,451,451000,FTC franchise API raw amount values are assumed to be in KRW thousand units based on franchise disclosure conventions.
area_industry_average_out,2020,울산,한식,(단위 :천원),23968,23968000,677,677000,FTC franchise API raw amount values are assumed to be in KRW thousand units based on franchise disclosure conventions.
area_industry_average_out,2020,경기,한식,(단위 :천원),15016,15016000,1146,1146000,FTC franchise API raw amount values are assumed to be in KRW thousand units based on franchise disclosure conventions.
area_industry_average_out,2020,강원,한식,(단위 :천원),15096,15096000,546,546000,FTC franchise API raw amount values are assumed to be in KRW thousand units based on franchise disclosure conventions.
area_industry_average_out,2020,충북,한식,(단위 :천원),16145,16145000,524,524000,FTC franchise API raw amount values are assumed to be in KRW thousand units based on franchise disclosure conventions.
area_industry_average_out,2020,충남,한식,(단위 :천원),16818,16818000,632,632000,FTC franchise API raw amount values are assumed to be in KRW thousand units based on franchise disclosure conventions.
area_industry_average_out,2020,전북,한식,(단위 :천원),19477,19477000,494,494000,FTC franchise API raw amount values are assumed to be in KRW thousand units based on franchise disclosure conventions.
area_industry_average_out,2020,전남,한식,(단위 :천원),18045,18045000,529,529000,FTC franchise API raw amount values are assumed to be in KRW thousand units based on franchise disclosure conventions.
area_industry_average_out,2020,경북,한식,(단위 :천원),18852,18852000,468,468000,FTC franchise API raw amount values are assumed to be in KRW thousand units based on franchise disclosure conventions.
area_industry_average_out,2020,경남,한식,(단위 :천원),15228,15228000,429,429000,FTC franchise API raw amount values are assumed to be in KRW thousand units based on franchise disclosure conventions.
area_industry_average_out,2020,제주,한식,(단위 :천원),15882,15882000,730,730000,FTC franchise API raw amount values are assumed to be in KRW thousand units based on franchise disclosure conventions.
area_industry_average_out,2020,세종,한식,(단위 :천원),9421,9421000,549,549000,FTC franchise API raw amount values are assumed to be in KRW thousand units based on franchise disclosure conventions.
area_industry_average_out,2020,인천,중식,(단위 :천원),42583,42583000,1257,1257000,FTC franchise API raw amount values are assumed to be in KRW thousand units based on franchise disclosure conventions.
area_industry_average_out,2020,광주,중식,(단위 :천원),23942,23942000,436,436000,FTC franchise API raw amount values are assumed to be in KRW thousand units based on franchise disclosure conventions.
area_industry_average_out,2020,대전,중식,(단위 :천원),22723,22723000,592,592000,FTC franchise API raw amount values are assumed to be in KRW thousand units based on franchise disclosure conventions.
area_industry_average_out,2020,울산,중식,(단위 :천원),22112,22112000,384,384000,FTC franchise API raw amount values are assumed to be in KRW thousand units based on franchise disclosure conventions.
area_industry_average_out,2020,경기,중식,(단위 :천원),18048,18048000,625,625000,FTC franchise API raw amount values are assumed to be in KRW thousand units based on franchise disclosure conventions.
area_industry_average_out,2020,강원,중식,(단위 :천원),11687,11687000,321,321000,FTC franchise API raw amount values are assumed to be in KRW thousand units based on franchise disclosure conventions.
area_industry_average_out,2020,충북,중식,(단위 :천원),20761,20761000,477,477000,FTC franchise API raw amount values are assumed to be in KRW thousand units based on franchise disclosure conventions.
area_industry_average_out,2020,충남,중식,(단위 :천원),36636,36636000,665,665000,FTC franchise API raw amount values are assumed to be in KRW thousand units based on franchise disclosure conventions.
area_industry_average_out,2020,전북,중식,(단위 :천원),18349,18349000,390,390000,FTC franchise API raw amount values are assumed to be in KRW thousand units based on franchise disclosure conventions.
area_industry_average_out,2020,전남,중식,(단위 :천원),0,0,0,0,FTC franchise API raw amount values are assumed to be in KRW thousand units based on franchise disclosure conventions.
area_industry_average_out,2020,경북,중식,(단위 :천원),0,0,0,0,FTC franchise API raw amount values are assumed to be in KRW thousand units based on franchise disclosure conventions.
area_industry_average_out,2020,경남,중식,(단위 :천원),27644,27644000,573,573000,FTC franchise API raw amount values are assumed to be in KRW thousand units based on franchise disclosure conventions.
area_industry_average_out,2020,제주,중식,(단위 :천원),41527,41527000,1042,1042000,FTC franchise API raw amount values are assumed to be in KRW thousand units based on franchise disclosure conventions.
area_industry_average_out,2020,세종,중식,(단위 :천원),0,0,0,0,FTC franchise API raw amount values are assumed to be in KRW thousand units based on franchise disclosure conventions.
area_industry_average_out,2020,서울,일식,(단위 :천원),35893,35893000,1140,1140000,FTC franchise API raw amount values are assumed to be in KRW thousand units based on franchise disclosure conventions.
area_industry_average_out,2020,부산,일식,(단위 :천원),32233,32233000,898,898000,FTC franchise API raw amount values are assumed to be in KRW thousand units based on franchise disclosure conventions.
area_industry_average_out,2020,대구,일식,(단위 :천원),26327,26327000,555,555000,FTC franchise API raw amount values are assumed to be in KRW thousand units based on franchise disclosure conventions.
area_industry_average_out,2020,인천,일식,(단위 :천원),53928,53928000,692,692000,FTC franchise API raw amount values are assumed to be in KRW thousand units based on franchise disclosure conventions.
area_industry_average_out,2020,광주,일식,(단위 :천원),5791,5791000,454,454000,FTC franchise API raw amount values are assumed to be in KRW thousand units based on franchise disclosure conventions.
area_industry_average_out,2020,대전,일식,(단위 :천원),13004,13004000,494,494000,FTC franchise API raw amount values are assumed to be in KRW thousand units based on franchise disclosure conventions.
area_industry_average_out,2020,울산,일식,(단위 :천원),21899,21899000,391,391000,FTC franchise API raw amount values are assumed to be in KRW thousand units based on franchise disclosure conventions.
area_industry_average_out,2020,경기,일식,(단위 :천원),29005,29005000,1288,1288000,FTC franchise API raw amount values are assumed to be in KRW thousand units based on franchise disclosure conventions.
area_industry_average_out,2020,강원,일식,(단위 :천원),37233,37233000,182,182000,FTC franchise API raw amount values are assumed to be in KRW thousand units based on franchise disclosure conventions.
area_industry_average_out,2020,충북,일식,(단위 :천원),27130,27130000,487,487000,FTC franchise API raw amount values are assumed to be in KRW thousand units based on franchise disclosure conventions.
area_industry_average_out,2020,충남,일식,(단위 :천원),29438,29438000,558,558000,FTC franchise API raw amount values are assumed to be in KRW thousand units based on franchise disclosure conventions.
area_industry_average_out,2020,전북,일식,(단위 :천원),11869,11869000,499,499000,FTC franchise API raw amount values are assumed to be in KRW thousand units based on franchise disclosure conventions.
area_industry_average_out,2020,전남,일식,(단위 :천원),8987,8987000,424,424000,FTC franchise API raw amount values are assumed to be in KRW thousand units based on franchise disclosure conventions.
area_industry_average_out,2020,경북,일식,(단위 :천원),13168,13168000,490,490000,FTC franchise API raw amount values are assumed to be in KRW thousand units based on franchise disclosure conventions.
area_industry_average_out,2020,경남,일식,(단위 :천원),26539,26539000,238,238000,FTC franchise API raw amount values are assumed to be in KRW thousand units based on franchise disclosure conventions.
area_industry_average_out,2020,제주,일식,(단위 :천원),4528,4528000,342,342000,FTC franchise API raw amount values are assumed to be in KRW thousand units based on franchise disclosure conventions.
area_industry_average_out,2020,세종,일식,(단위 :천원),0,0,0,0,FTC franchise API raw amount values are assumed to be in KRW thousand units based on franchise disclosure conventions.
area_industry_average_out,2020,서울,서양식,(단위 :천원),26266,26266000,849,849000,FTC franchise API raw amount values are assumed to be in KRW thousand units based on franchise disclosure conventions.
area_industry_average_out,2020,부산,서양식,(단위 :천원),26131,26131000,651,651000,FTC franchise API raw amount values are assumed to be in KRW thousand units based on franchise disclosure conventions.
area_industry_average_out,2020,대구,서양식,(단위 :천원),39953,39953000,1009,1009000,FTC franchise API raw amount values are assumed to be in KRW thousand units based on franchise disclosure conventions.
area_industry_average_out,2020,인천,서양식,(단위 :천원),2247,2247000,142,142000,FTC franchise API raw amount values are assumed to be in KRW thousand units based on franchise disclosure conventions.
area_industry_average_out,2020,광주,서양식,(단위 :천원),0,0,0,0,FTC franchise API raw amount values are assumed to be in KRW thousand units based on franchise disclosure conventions.
area_industry_average_out,2020,대전,서양식,(단위 :천원),0,0,0,0,FTC franchise API raw amount values are assumed to be in KRW thousand units based on franchise disclosure conventions.
area_industry_average_out,2020,울산,서양식,(단위 :천원),0,0,0,0,FTC franchise API raw amount values are assumed to be in KRW thousand units based on franchise disclosure conventions.
area_industry_average_out,2020,경기,서양식,(단위 :천원),22773,22773000,620,620000,FTC franchise API raw amount values are assumed to be in KRW thousand units based on franchise disclosure conventions.
area_industry_average_out,2020,강원,서양식,(단위 :천원),0,0,0,0,FTC franchise API raw amount values are assumed to be in KRW thousand units based on franchise disclosure conventions.
area_industry_average_out,2020,충북,서양식,(단위 :천원),0,0,0,0,FTC franchise API raw amount values are assumed to be in KRW thousand units based on franchise disclosure conventions.
area_industry_average_out,2020,충남,서양식,(단위 :천원),23637,23637000,468,468000,FTC franchise API raw amount values are assumed to be in KRW thousand units based on franchise disclosure conventions.
area_industry_average_out,2020,전북,서양식,(단위 :천원),51206,51206000,739,739000,FTC franchise API raw amount values are assumed to be in KRW thousand units based on franchise disclosure conventions.
area_industry_average_out,2020,전남,서양식,(단위 :천원),4279,4279000,196,196000,FTC franchise API raw amount values are assumed to be in KRW thousand units based on franchise disclosure conventions.
area_industry_average_out,2020,경북,서양식,(단위 :천원),20633,20633000,320,320000,FTC franchise API raw amount values are assumed to be in KRW thousand units based on franchise disclosure conventions.
area_industry_average_out,2020,경남,서양식,(단위 :천원),19172,19172000,470,470000,FTC franchise API raw amount values are assumed to be in KRW thousand units based on franchise disclosure conventions.
area_industry_average_out,2020,제주,서양식,(단위 :천원),61314,61314000,601,601000,FTC franchise API raw amount values are assumed to be in KRW thousand units based on franchise disclosure conventions.
area_industry_average_out,2020,세종,서양식,(단위 :천원),0,0,0,0,FTC franchise API raw amount values are assumed to be in KRW thousand units based on franchise disclosure conventions.
area_industry_average_out,2020,강원,아이스크림/빙수 ,(단위 :천원),19654,19654000,931,931000,FTC franchise API raw amount values are assumed to be in KRW thousand units based on franchise disclosure conventions.
area_industry_average_out,2020,충북,아이스크림/빙수 ,(단위 :천원),12658,12658000,549,549000,FTC franchise API raw amount values are assumed to be in KRW thousand units based on franchise disclosure conventions.
area_industry_average_out,2020,충남,아이스크림/빙수 ,(단위 :천원),12599,12599000,701,701000,FTC franchise API raw amount values are assumed to be in KRW thousand units based on franchise disclosure conventions.
area_industry_average_out,2020,전북,아이스크림/빙수 ,(단위 :천원),12660,12660000,637,637000,FTC franchise API raw amount values are assumed to be in KRW thousand units based on franchise disclosure conventions.
area_industry_average_out,2020,전남,아이스크림/빙수 ,(단위 :천원),11971,11971000,473,473000,FTC franchise API raw amount values are assumed to be in KRW thousand units based on franchise disclosure conventions.
area_industry_average_out,2020,경북,아이스크림/빙수 ,(단위 :천원),7496,7496000,377,377000,FTC franchise API raw amount values are assumed to be in KRW thousand units based on franchise disclosure conventions.
area_industry_average_out,2020,경남,아이스크림/빙수 ,(단위 :천원),5464,5464000,247,247000,FTC franchise API raw amount values are assumed to be in KRW thousand units based on franchise disclosure conventions.
area_industry_average_out,2020,제주,아이스크림/빙수 ,(단위 :천원),23962,23962000,830,830000,FTC franchise API raw amount values are assumed to be in KRW thousand units based on franchise disclosure conventions.
area_industry_average_out,2020,세종,아이스크림/빙수 ,(단위 :천원),40255,40255000,2155,2155000,FTC franchise API raw amount values are assumed to be in KRW thousand units based on franchise disclosure conventions.
area_industry_average_out,2020,서울,커피,(단위 :천원),4376,4376000,257,257000,FTC franchise API raw amount values are assumed to be in KRW thousand units based on franchise disclosure conventions.
area_industry_average_out,2020,부산,커피,(단위 :천원),5955,5955000,259,259000,FTC franchise API raw amount values are assumed to be in KRW thousand units based on franchise disclosure conventions.
area_industry_average_out,2020,대구,커피,(단위 :천원),8727,8727000,332,332000,FTC franchise API raw amount values are assumed to be in KRW thousand units based on franchise disclosure conventions.
area_industry_average_out,2020,인천,커피,(단위 :천원),6749,6749000,324,324000,FTC franchise API raw amount values are assumed to be in KRW thousand units based on franchise disclosure conventions.
area_industry_average_out,2020,광주,커피,(단위 :천원),8680,8680000,303,303000,FTC franchise API raw amount values are assumed to be in KRW thousand units based on franchise disclosure conventions.
area_industry_average_out,2020,대전,커피,(단위 :천원),9474,9474000,304,304000,FTC franchise API raw amount values are assumed to be in KRW thousand units based on franchise disclosure conventions.
area_industry_average_out,2020,울산,커피,(단위 :천원),9057,9057000,316,316000,FTC franchise API raw amount values are assumed to be in KRW thousand units based on franchise disclosure conventions.
area_industry_average_out,2020,경기,커피,(단위 :천원),3247,3247000,167,167000,FTC franchise API raw amount values are assumed to be in KRW thousand units based on franchise disclosure conventions.
area_industry_average_out,2020,강원,커피,(단위 :천원),10594,10594000,402,402000,FTC franchise API raw amount values are assumed to be in KRW thousand units based on franchise disclosure conventions.
area_industry_average_out,2020,충북,커피,(단위 :천원),9142,9142000,379,379000,FTC franchise API raw amount values are assumed to be in KRW thousand units based on franchise disclosure conventions.
area_industry_average_out,2020,충남,커피,(단위 :천원),8583,8583000,330,330000,FTC franchise API raw amount values are assumed to be in KRW thousand units based on franchise disclosure conventions.
area_industry_average_out,2020,전북,커피,(단위 :천원),8794,8794000,276,276000,FTC franchise API raw amount values are assumed to be in KRW thousand units based on franchise disclosure conventions.
area_industry_average_out,2020,전남,커피,(단위 :천원),9681,9681000,318,318000,FTC franchise API raw amount values are assumed to be in KRW thousand units based on franchise disclosure conventions.
area_industry_average_out,2020,경북,커피,(단위 :천원),7637,7637000,287,287000,FTC franchise API raw amount values are assumed to be in KRW thousand units based on franchise disclosure conventions.
area_industry_average_out,2020,경남,커피,(단위 :천원),6042,6042000,246,246000,FTC franchise API raw amount values are assumed to be in KRW thousand units based on franchise disclosure conventions.
area_industry_average_out,2020,제주,커피,(단위 :천원),20002,20002000,531,531000,FTC franchise API raw amount values are assumed to be in KRW thousand units based on franchise disclosure conventions.
area_industry_average_out,2020,세종,커피,(단위 :천원),15291,15291000,475,475000,FTC franchise API raw amount values are assumed to be in KRW thousand units based on franchise disclosure conventions.
area_industry_average_out,2020,서울,음료 (커피 외),(단위 :천원),4596,4596000,346,346000,FTC franchise API raw amount values are assumed to be in KRW thousand units based on franchise disclosure conventions.
area_industry_average_out,2020,부산,음료 (커피 외),(단위 :천원),12191,12191000,976,976000,FTC franchise API raw amount values are assumed to be in KRW thousand units based on franchise disclosure conventions.
area_industry_average_out,2020,대구,음료 (커피 외),(단위 :천원),10661,10661000,725,725000,FTC franchise API raw amount values are assumed to be in KRW thousand units based on franchise disclosure conventions.
area_industry_average_out,2020,인천,음료 (커피 외),(단위 :천원),8076,8076000,613,613000,FTC franchise API raw amount values are assumed to be in KRW thousand units based on franchise disclosure conventions.
area_industry_average_out,2020,광주,음료 (커피 외),(단위 :천원),12863,12863000,567,567000,FTC franchise API raw amount values are assumed to be in KRW thousand units based on franchise disclosure conventions.
area_industry_average_out,2020,대전,음료 (커피 외),(단위 :천원),15628,15628000,949,949000,FTC franchise API raw amount values are assumed to be in KRW thousand units based on franchise disclosure conventions.
area_industry_average_out,2020,서울,제과제빵,(단위 :천원),5836,5836000,425,425000,FTC franchise API raw amount values are assumed to be in KRW thousand units based on franchise disclosure conventions.
area_industry_average_out,2020,부산,제과제빵,(단위 :천원),7466,7466000,533,533000,FTC franchise API raw amount values are assumed to be in KRW thousand units based on franchise disclosure conventions.
area_industry_average_out,2020,대구,제과제빵,(단위 :천원),8550,8550000,492,492000,FTC franchise API raw amount values are assumed to be in KRW thousand units based on franchise disclosure conventions.
area_industry_average_out,2020,인천,제과제빵,(단위 :천원),6849,6849000,440,440000,FTC franchise API raw amount values are assumed to be in KRW thousand units based on franchise disclosure conventions.
area_industry_average_out,2020,광주,제과제빵,(단위 :천원),8034,8034000,423,423000,FTC franchise API raw amount values are assumed to be in KRW thousand units based on franchise disclosure conventions.
area_industry_average_out,2020,대전,제과제빵,(단위 :천원),7734,7734000,380,380000,FTC franchise API raw amount values are assumed to be in KRW thousand units based on franchise disclosure conventions.
area_industry_average_out,2020,울산,제과제빵,(단위 :천원),11267,11267000,623,623000,FTC franchise API raw amount values are assumed to be in KRW thousand units based on franchise disclosure conventions.
area_industry_average_out,2020,경기,제과제빵,(단위 :천원),4026,4026000,302,302000,FTC franchise API raw amount values are assumed to be in KRW thousand units based on franchise disclosure conventions.
area_industry_average_out,2020,강원,제과제빵,(단위 :천원),7714,7714000,411,411000,FTC franchise API raw amount values are assumed to be in KRW thousand units based on franchise disclosure conventions.
area_industry_average_out,2020,충북,제과제빵,(단위 :천원),6818,6818000,359,359000,FTC franchise API raw amount values are assumed to be in KRW thousand units based on franchise disclosure conventions.
area_industry_average_out,2020,충남,제과제빵,(단위 :천원),6857,6857000,396,396000,FTC franchise API raw amount values are assumed to be in KRW thousand units based on franchise disclosure conventions.
area_industry_average_out,2020,전북,제과제빵,(단위 :천원),9136,9136000,650,650000,FTC franchise API raw amount values are assumed to be in KRW thousand units based on franchise disclosure conventions.
area_industry_average_out,2020,전남,제과제빵,(단위 :천원),7438,7438000,375,375000,FTC franchise API raw amount values are assumed to be in KRW thousand units based on franchise disclosure conventions.
area_industry_average_out,2020,경북,제과제빵,(단위 :천원),6784,6784000,512,512000,FTC franchise API raw amount values are assumed to be in KRW thousand units based on franchise disclosure conventions.
area_industry_average_out,2020,경남,제과제빵,(단위 :천원),6429,6429000,418,418000,FTC franchise API raw amount values are assumed to be in KRW thousand units based on franchise disclosure conventions.
area_industry_average_out,2020,제주,제과제빵,(단위 :천원),14281,14281000,1289,1289000,FTC franchise API raw amount values are assumed to be in KRW thousand units based on franchise disclosure conventions.
area_industry_average_out,2020,세종,제과제빵,(단위 :천원),33494,33494000,1415,1415000,FTC franchise API raw amount values are assumed to be in KRW thousand units based on franchise disclosure conventions.
area_industry_average_out,2020,서울,아이스크림/빙수 ,(단위 :천원),4400,4400000,233,233000,FTC franchise API raw amount values are assumed to be in KRW thousand units based on franchise disclosure conventions.
area_industry_average_out,2020,부산,아이스크림/빙수 ,(단위 :천원),6793,6793000,358,358000,FTC franchise API raw amount values are assumed to be in KRW thousand units based on franchise disclosure conventions.
area_industry_average_out,2020,대구,아이스크림/빙수 ,(단위 :천원),8672,8672000,400,400000,FTC franchise API raw amount values are assumed to be in KRW thousand units based on franchise disclosure conventions.
area_industry_average_out,2020,인천,아이스크림/빙수 ,(단위 :천원),8246,8246000,364,364000,FTC franchise API raw amount values are assumed to be in KRW thousand units based on franchise disclosure conventions.
area_industry_average_out,2020,광주,아이스크림/빙수 ,(단위 :천원),17316,17316000,690,690000,FTC franchise API raw amount values are assumed to be in KRW thousand units based on franchise disclosure conventions.
area_industry_average_out,2020,대전,아이스크림/빙수 ,(단위 :천원),15674,15674000,600,600000,FTC franchise API raw amount values are assumed to be in KRW thousand units based on franchise disclosure conventions.
area_industry_average_out,2020,울산,아이스크림/빙수 ,(단위 :천원),13820,13820000,617,617000,FTC franchise API raw amount values are assumed to be in KRW thousand units based on franchise disclosure conventions.
area_industry_average_out,2020,경기,아이스크림/빙수 ,(단위 :천원),2658,2658000,154,154000,FTC franchise API raw amount values are assumed to be in KRW thousand units based on franchise disclosure conventions.
area_industry_average_out,2020,서울,치킨,(단위 :천원),5854,5854000,343,343000,FTC franchise API raw amount values are assumed to be in KRW thousand units based on franchise disclosure conventions.
area_industry_average_out,2020,부산,치킨,(단위 :천원),7146,7146000,454,454000,FTC franchise API raw amount values are assumed to be in KRW thousand units based on franchise disclosure conventions.
area_industry_average_out,2020,대구,치킨,(단위 :천원),7117,7117000,457,457000,FTC franchise API raw amount values are assumed to be in KRW thousand units based on franchise disclosure conventions.
area_industry_average_out,2020,인천,치킨,(단위 :천원),9230,9230000,566,566000,FTC franchise API raw amount values are assumed to be in KRW thousand units based on franchise disclosure conventions.
area_industry_average_out,2020,광주,치킨,(단위 :천원),11829,11829000,702,702000,FTC franchise API raw amount values are assumed to be in KRW thousand units based on franchise disclosure conventions.
area_industry_average_out,2020,대전,치킨,(단위 :천원),9421,9421000,896704,896704000,FTC franchise API raw amount values are assumed to be in KRW thousand units based on franchise disclosure conventions.
area_industry_average_out,2020,울산,치킨,(단위 :천원),9337,9337000,592,592000,FTC franchise API raw amount values are assumed to be in KRW thousand units based on franchise disclosure conventions.
area_industry_average_out,2020,경기,치킨,(단위 :천원),3942,3942000,257,257000,FTC franchise API raw amount values are assumed to be in KRW thousand units based on franchise disclosure conventions.
area_industry_average_out,2020,강원,치킨,(단위 :천원),6496,6496000,375,375000,FTC franchise API raw amount values are assumed to be in KRW thousand units based on franchise disclosure conventions.
area_industry_average_out,2020,충북,치킨,(단위 :천원),9038,9038000,527,527000,FTC franchise API raw amount values are assumed to be in KRW thousand units based on franchise disclosure conventions.
area_industry_average_out,2020,충남,치킨,(단위 :천원),8326,8326000,468,468000,FTC franchise API raw amount values are assumed to be in KRW thousand units based on franchise disclosure conventions.
area_industry_average_out,2020,전북,치킨,(단위 :천원),7906,7906000,445,445000,FTC franchise API raw amount values are assumed to be in KRW thousand units based on franchise disclosure conventions.
area_industry_average_out,2020,전남,치킨,(단위 :천원),7833,7833000,652,652000,FTC franchise API raw amount values are assumed to be in KRW thousand units based on franchise disclosure conventions.
area_industry_average_out,2020,경북,치킨,(단위 :천원),5368,5368000,305,305000,FTC franchise API raw amount values are assumed to be in KRW thousand units based on franchise disclosure conventions.
area_industry_average_out,2020,경남,치킨,(단위 :천원),5280,5280000,296,296000,FTC franchise API raw amount values are assumed to be in KRW thousand units based on franchise disclosure conventions.
area_industry_average_out,2020,제주,치킨,(단위 :천원),16337,16337000,900,900000,FTC franchise API raw amount values are assumed to be in KRW thousand units based on franchise disclosure conventions.
area_industry_average_out,2020,세종,치킨,(단위 :천원),24952,24952000,1421,1421000,FTC franchise API raw amount values are assumed to be in KRW thousand units based on franchise disclosure conventions.
area_industry_average_out,2020,서울,기타 외국식,(단위 :천원),23004,23004000,1209,1209000,FTC franchise API raw amount values are assumed to be in KRW thousand units based on franchise disclosure conventions.
area_industry_average_out,2020,부산,기타 외국식,(단위 :천원),13001,13001000,649,649000,FTC franchise API raw amount values are assumed to be in KRW thousand units based on franchise disclosure conventions.
area_industry_average_out,2020,대구,기타 외국식,(단위 :천원),8103,8103000,655,655000,FTC franchise API raw amount values are assumed to be in KRW thousand units based on franchise disclosure conventions.
area_industry_average_out,2020,인천,기타 외국식,(단위 :천원),14549,14549000,791,791000,FTC franchise API raw amount values are assumed to be in KRW thousand units based on franchise disclosure conventions.
area_industry_average_out,2020,광주,기타 외국식,(단위 :천원),5845,5845000,732,732000,FTC franchise API raw amount values are assumed to be in KRW thousand units based on franchise disclosure conventions.
area_industry_average_out,2020,대전,기타 외국식,(단위 :천원),13268,13268000,952,952000,FTC franchise API raw amount values are assumed to be in KRW thousand units based on franchise disclosure conventions.
area_industry_average_out,2020,울산,기타 외국식,(단위 :천원),5078,5078000,435,435000,FTC franchise API raw amount values are assumed to be in KRW thousand units based on franchise disclosure conventions.
area_industry_average_out,2020,경기,기타 외국식,(단위 :천원),15181,15181000,752,752000,FTC franchise API raw amount values are assumed to be in KRW thousand units based on franchise disclosure conventions.
area_industry_average_out,2020,강원,기타 외국식,(단위 :천원),10759,10759000,1368,1368000,FTC franchise API raw amount values are assumed to be in KRW thousand units based on franchise disclosure conventions.
area_industry_average_out,2020,충북,기타 외국식,(단위 :천원),7694,7694000,531,531000,FTC franchise API raw amount values are assumed to be in KRW thousand units based on franchise disclosure conventions.
area_industry_average_out,2020,충남,기타 외국식,(단위 :천원),29653,29653000,1239,1239000,FTC franchise API raw amount values are assumed to be in KRW thousand units based on franchise disclosure conventions.
area_industry_average_out,2020,전북,기타 외국식,(단위 :천원),13672,13672000,802,802000,FTC franchise API raw amount values are assumed to be in KRW thousand units based on franchise disclosure conventions.
area_industry_average_out,2020,전남,기타 외국식,(단위 :천원),52529,52529000,959,959000,FTC franchise API raw amount values are assumed to be in KRW thousand units based on franchise disclosure conventions.
area_industry_average_out,2020,경북,기타 외국식,(단위 :천원),4757,4757000,716,716000,FTC franchise API raw amount values are assumed to be in KRW thousand units based on franchise disclosure conventions.
area_industry_average_out,2020,경남,기타 외국식,(단위 :천원),5708,5708000,711,711000,FTC franchise API raw amount values are assumed to be in KRW thousand units based on franchise disclosure conventions.
area_industry_average_out,2020,제주,기타 외국식,(단위 :천원),0,0,0,0,FTC franchise API raw amount values are assumed to be in KRW thousand units based on franchise disclosure conventions.
area_industry_average_out,2020,세종,기타 외국식,(단위 :천원),11062,11062000,354,354000,FTC franchise API raw amount values are assumed to be in KRW thousand units based on franchise disclosure conventions.
area_industry_average_out,2020,서울,패스트푸드,(단위 :천원),9794,9794000,418,418000,FTC franchise API raw amount values are assumed to be in KRW thousand units based on franchise disclosure conventions.
area_industry_average_out,2020,부산,패스트푸드,(단위 :천원),9136,9136000,224,224000,FTC franchise API raw amount values are assumed to be in KRW thousand units based on franchise disclosure conventions.
area_industry_average_out,2020,대구,패스트푸드,(단위 :천원),20062,20062000,363,363000,FTC franchise API raw amount values are assumed to be in KRW thousand units based on franchise disclosure conventions.
area_industry_average_out,2020,인천,패스트푸드,(단위 :천원),7792,7792000,252,252000,FTC franchise API raw amount values are assumed to be in KRW thousand units based on franchise disclosure conventions.
area_industry_average_out,2020,광주,패스트푸드,(단위 :천원),22037,22037000,456,456000,FTC franchise API raw amount values are assumed to be in KRW thousand units based on franchise disclosure conventions.
area_industry_average_out,2020,대전,패스트푸드,(단위 :천원),9079,9079000,290,290000,FTC franchise API raw amount values are assumed to be in KRW thousand units based on franchise disclosure conventions.
area_industry_average_out,2020,울산,패스트푸드,(단위 :천원),9907,9907000,270,270000,FTC franchise API raw amount values are assumed to be in KRW thousand units based on franchise disclosure conventions.
area_industry_average_out,2020,경기,패스트푸드,(단위 :천원),5481,5481000,236,236000,FTC franchise API raw amount values are assumed to be in KRW thousand units based on franchise disclosure conventions.
area_industry_average_out,2020,강원,패스트푸드,(단위 :천원),9387,9387000,394,394000,FTC franchise API raw amount values are assumed to be in KRW thousand units based on franchise disclosure conventions.
area_industry_average_out,2020,충북,패스트푸드,(단위 :천원),15043,15043000,346,346000,FTC franchise API raw amount values are assumed to be in KRW thousand units based on franchise disclosure conventions.
area_industry_average_out,2020,충남,패스트푸드,(단위 :천원),13084,13084000,273,273000,FTC franchise API raw amount values are assumed to be in KRW thousand units based on franchise disclosure conventions.
area_industry_average_out,2020,전북,패스트푸드,(단위 :천원),16907,16907000,417,417000,FTC franchise API raw amount values are assumed to be in KRW thousand units based on franchise disclosure conventions.
area_industry_average_out,2020,전남,패스트푸드,(단위 :천원),12748,12748000,289,289000,FTC franchise API raw amount values are assumed to be in KRW thousand units based on franchise disclosure conventions.
area_industry_average_out,2020,경북,패스트푸드,(단위 :천원),13534,13534000,306,306000,FTC franchise API raw amount values are assumed to be in KRW thousand units based on franchise disclosure conventions.
area_industry_average_out,2020,경남,패스트푸드,(단위 :천원),8020,8020000,189,189000,FTC franchise API raw amount values are assumed to be in KRW thousand units based on franchise disclosure conventions.
area_industry_average_out,2020,제주,패스트푸드,(단위 :천원),23211,23211000,728,728000,FTC franchise API raw amount values are assumed to be in KRW thousand units based on franchise disclosure conventions.
area_industry_average_out,2020,세종,패스트푸드,(단위 :천원),44350,44350000,1070,1070000,FTC franchise API raw amount values are assumed to be in KRW thousand units based on franchise disclosure conventions.
area_industry_average_out,2020,부산,주점,(단위 :천원),15424,15424000,476,476000,FTC franchise API raw amount values are assumed to be in KRW thousand units based on franchise disclosure conventions.
area_industry_average_out,2020,대구,주점,(단위 :천원),7750,7750000,322,322000,FTC franchise API raw amount values are assumed to be in KRW thousand units based on franchise disclosure conventions.
area_industry_average_out,2020,인천,주점,(단위 :천원),16873,16873000,529,529000,FTC franchise API raw amount values are assumed to be in KRW thousand units based on franchise disclosure conventions.
area_industry_average_out,2020,광주,주점,(단위 :천원),4862,4862000,206,206000,FTC franchise API raw amount values are assumed to be in KRW thousand units based on franchise disclosure conventions.
area_industry_average_out,2020,대전,주점,(단위 :천원),12044,12044000,346,346000,FTC franchise API raw amount values are assumed to be in KRW thousand units based on franchise disclosure conventions.
area_industry_average_out,2020,울산,주점,(단위 :천원),6923,6923000,287,287000,FTC franchise API raw amount values are assumed to be in KRW thousand units based on franchise disclosure conventions.
area_industry_average_out,2020,경기,주점,(단위 :천원),10664,10664000,356,356000,FTC franchise API raw amount values are assumed to be in KRW thousand units based on franchise disclosure conventions.
area_industry_average_out,2020,강원,주점,(단위 :천원),7227,7227000,257,257000,FTC franchise API raw amount values are assumed to be in KRW thousand units based on franchise disclosure conventions.
area_industry_average_out,2020,충북,주점,(단위 :천원),6356,6356000,255,255000,FTC franchise API raw amount values are assumed to be in KRW thousand units based on franchise disclosure conventions.
area_industry_average_out,2020,충남,주점,(단위 :천원),8770,8770000,304,304000,FTC franchise API raw amount values are assumed to be in KRW thousand units based on franchise disclosure conventions.
area_industry_average_out,2020,전북,주점,(단위 :천원),7886,7886000,264,264000,FTC franchise API raw amount values are assumed to be in KRW thousand units based on franchise disclosure conventions.
area_industry_average_out,2020,전남,주점,(단위 :천원),6672,6672000,255,255000,FTC franchise API raw amount values are assumed to be in KRW thousand units based on franchise disclosure conventions.
area_industry_average_out,2020,경북,주점,(단위 :천원),4827,4827000,185,185000,FTC franchise API raw amount values are assumed to be in KRW thousand units based on franchise disclosure conventions.
area_industry_average_out,2020,경남,주점,(단위 :천원),6706,6706000,243,243000,FTC franchise API raw amount values are assumed to be in KRW thousand units based on franchise disclosure conventions.
area_industry_average_out,2020,제주,주점,(단위 :천원),9709,9709000,366,366000,FTC franchise API raw amount values are assumed to be in KRW thousand units based on franchise disclosure conventions.
area_industry_average_out,2020,세종,주점,(단위 :천원),8519,8519000,508,508000,FTC franchise API raw amount values are assumed to be in KRW thousand units based on franchise disclosure conventions.
area_industry_average_out,2020,경기,기타 외식,(단위 :천원),15334,15334000,600,600000,FTC franchise API raw amount values are assumed to be in KRW thousand units based on franchise disclosure conventions.
area_industry_average_out,2020,강원,기타 외식,(단위 :천원),11764,11764000,542,542000,FTC franchise API raw amount values are assumed to be in KRW thousand units based on franchise disclosure conventions.
area_industry_average_out,2020,충북,기타 외식,(단위 :천원),13333,13333000,415,415000,FTC franchise API raw amount values are assumed to be in KRW thousand units based on franchise disclosure conventions.
area_industry_average_out,2020,충남,기타 외식,(단위 :천원),17049,17049000,581,581000,FTC franchise API raw amount values are assumed to be in KRW thousand units based on franchise disclosure conventions.
area_industry_average_out,2020,전북,기타 외식,(단위 :천원),15568,15568000,540,540000,FTC franchise API raw amount values are assumed to be in KRW thousand units based on franchise disclosure conventions.
area_industry_average_out,2020,전남,기타 외식,(단위 :천원),10467,10467000,394,394000,FTC franchise API raw amount values are assumed to be in KRW thousand units based on franchise disclosure conventions.
area_industry_average_out,2020,경북,기타 외식,(단위 :천원),14222,14222000,472,472000,FTC franchise API raw amount values are assumed to be in KRW thousand units based on franchise disclosure conventions.
area_industry_average_out,2020,경남,기타 외식,(단위 :천원),13961,13961000,649,649000,FTC franchise API raw amount values are assumed to be in KRW thousand units based on franchise disclosure conventions.
area_industry_average_out,2020,제주,기타 외식,(단위 :천원),13528,13528000,579,579000,FTC franchise API raw amount values are assumed to be in KRW thousand units based on franchise disclosure conventions.
area_industry_average_out,2020,세종,기타 외식,(단위 :천원),9228,9228000,623,623000,FTC franchise API raw amount values are assumed to be in KRW thousand units based on franchise disclosure conventions.
area_industry_average_out,2020,울산,기타 외식,(단위 :천원),10491,10491000,416,416000,FTC franchise API raw amount values are assumed to be in KRW thousand units based on franchise disclosure conventions.
area_industry_average_out,2020,울산,음료 (커피 외),(단위 :천원),14628,14628000,1397,1397000,FTC franchise API raw amount values are assumed to be in KRW thousand units based on franchise disclosure conventions.
area_industry_average_out,2020,경기,음료 (커피 외),(단위 :천원),3537,3537000,254,254000,FTC franchise API raw amount values are assumed to be in KRW thousand units based on franchise disclosure conventions.
area_industry_average_out,2020,강원,음료 (커피 외),(단위 :천원),10832,10832000,862,862000,FTC franchise API raw amount values are assumed to be in KRW thousand units based on franchise disclosure conventions.
area_industry_average_out,2020,충북,음료 (커피 외),(단위 :천원),11677,11677000,719,719000,FTC franchise API raw amount values are assumed to be in KRW thousand units based on franchise disclosure conventions.
area_industry_average_out,2020,충남,음료 (커피 외),(단위 :천원),13140,13140000,1050,1050000,FTC franchise API raw amount values are assumed to be in KRW thousand units based on franchise disclosure conventions.
area_industry_average_out,2020,전북,음료 (커피 외),(단위 :천원),12511,12511000,707,707000,FTC franchise API raw amount values are assumed to be in KRW thousand units based on franchise disclosure conventions.
area_industry_average_out,2020,전남,음료 (커피 외),(단위 :천원),19699,19699000,999,999000,FTC franchise API raw amount values are assumed to be in KRW thousand units based on franchise disclosure conventions.
area_industry_average_out,2020,경북,음료 (커피 외),(단위 :천원),10846,10846000,780,780000,FTC franchise API raw amount values are assumed to be in KRW thousand units based on franchise disclosure conventions.
area_industry_average_out,2020,경남,음료 (커피 외),(단위 :천원),8873,8873000,576,576000,FTC franchise API raw amount values are assumed to be in KRW thousand units based on franchise disclosure conventions.
area_industry_average_out,2020,제주,음료 (커피 외),(단위 :천원),12371,12371000,818,818000,FTC franchise API raw amount values are assumed to be in KRW thousand units based on franchise disclosure conventions.
area_industry_average_out,2020,세종,음료 (커피 외),(단위 :천원),17406,17406000,908,908000,FTC franchise API raw amount values are assumed to be in KRW thousand units based on franchise disclosure conventions.
area_industry_average_out,2020,서울,주점,(단위 :천원),15507,15507000,527,527000,FTC franchise API raw amount values are assumed to be in KRW thousand units based on franchise disclosure conventions.
area_industry_average_out,2020,서울,분식,(단위 :천원),9224,9224000,668,668000,FTC franchise API raw amount values are assumed to be in KRW thousand units based on franchise disclosure conventions.
area_industry_average_out,2020,부산,분식,(단위 :천원),9567,9567000,598,598000,FTC franchise API raw amount values are assumed to be in KRW thousand units based on franchise disclosure conventions.
area_industry_average_out,2020,대구,분식,(단위 :천원),8896,8896000,565,565000,FTC franchise API raw amount values are assumed to be in KRW thousand units based on franchise disclosure conventions.
area_industry_average_out,2020,인천,분식,(단위 :천원),13236,13236000,849,849000,FTC franchise API raw amount values are assumed to be in KRW thousand units based on franchise disclosure conventions.
area_industry_average_out,2020,광주,분식,(단위 :천원),10447,10447000,718,718000,FTC franchise API raw amount values are assumed to be in KRW thousand units based on franchise disclosure conventions.
area_industry_average_out,2020,대전,분식,(단위 :천원),10343,10343000,724,724000,FTC franchise API raw amount values are assumed to be in KRW thousand units based on franchise disclosure conventions.
area_industry_average_out,2020,울산,분식,(단위 :천원),6958,6958000,451,451000,FTC franchise API raw amount values are assumed to be in KRW thousand units based on franchise disclosure conventions.
area_industry_average_out,2020,경기,분식,(단위 :천원),7029,7029000,487,487000,FTC franchise API raw amount values are assumed to be in KRW thousand units based on franchise disclosure conventions.
area_industry_average_out,2020,강원,분식,(단위 :천원),8357,8357000,548,548000,FTC franchise API raw amount values are assumed to be in KRW thousand units based on franchise disclosure conventions.
area_industry_average_out,2020,충북,분식,(단위 :천원),5136,5136000,1048,1048000,FTC franchise API raw amount values are assumed to be in KRW thousand units based on franchise disclosure conventions.
area_industry_average_out,2020,충남,분식,(단위 :천원),7994,7994000,1091,1091000,FTC franchise API raw amount values are assumed to be in KRW thousand units based on franchise disclosure conventions.
area_industry_average_out,2020,전북,분식,(단위 :천원),10309,10309000,1021,1021000,FTC franchise API raw amount values are assumed to be in KRW thousand units based on franchise disclosure conventions.
area_industry_average_out,2020,전남,분식,(단위 :천원),8811,8811000,1095,1095000,FTC franchise API raw amount values are assumed to be in KRW thousand units based on franchise disclosure conventions.
area_industry_average_out,2020,경북,분식,(단위 :천원),8304,8304000,630,630000,FTC franchise API raw amount values are assumed to be in KRW thousand units based on franchise disclosure conventions.
area_industry_average_out,2020,경남,분식,(단위 :천원),8557,8557000,472,472000,FTC franchise API raw amount values are assumed to be in KRW thousand units based on franchise disclosure conventions.
area_industry_average_out,2020,제주,분식,(단위 :천원),9160,9160000,684,684000,FTC franchise API raw amount values are assumed to be in KRW thousand units based on franchise disclosure conventions.
area_industry_average_out,2020,세종,분식,(단위 :천원),11592,11592000,903,903000,FTC franchise API raw amount values are assumed to be in KRW thousand units based on franchise disclosure conventions.
area_industry_average_out,2020,서울,중식,(단위 :천원),25410,25410000,677,677000,FTC franchise API raw amount values are assumed to be in KRW thousand units based on franchise disclosure conventions.
area_industry_average_out,2020,부산,중식,(단위 :천원),19460,19460000,567,567000,FTC franchise API raw amount values are assumed to be in KRW thousand units based on franchise disclosure conventions.
area_industry_average_out,2020,대구,중식,(단위 :천원),28117,28117000,823,823000,FTC franchise API raw amount values are assumed to be in KRW thousand units based on franchise disclosure conventions.
area_industry_average_out,2021,전북,커피,(단위 :천원),7911,7911000,259,259000,FTC franchise API raw amount values are assumed to be in KRW thousand units based on franchise disclosure conventions.
area_industry_average_out,2021,전남,커피,(단위 :천원),8681,8681000,297,297000,FTC franchise API raw amount values are assumed to be in KRW thousand units based on franchise disclosure conventions.
area_industry_average_out,2021,경북,커피,(단위 :천원),6771,6771000,262,262000,FTC franchise API raw amount values are assumed to be in KRW thousand units based on franchise disclosure conventions.
area_industry_average_out,2021,경남,커피,(단위 :천원),5296,5296000,231,231000,FTC franchise API raw amount values are assumed to be in KRW thousand units based on franchise disclosure conventions.
area_industry_average_out,2021,제주,커피,(단위 :천원),17952,17952000,531,531000,FTC franchise API raw amount values are assumed to be in KRW thousand units based on franchise disclosure conventions.
area_industry_average_out,2021,세종,커피,(단위 :천원),16149,16149000,507,507000,FTC franchise API raw amount values are assumed to be in KRW thousand units based on franchise disclosure conventions.
area_industry_average_out,2021,서울,음료 (커피 외),(단위 :천원),4381,4381000,339,339000,FTC franchise API raw amount values are assumed to be in KRW thousand units based on franchise disclosure conventions.
area_industry_average_out,2021,부산,음료 (커피 외),(단위 :천원),9785,9785000,789,789000,FTC franchise API raw amount values are assumed to be in KRW thousand units based on franchise disclosure conventions.
area_industry_average_out,2021,대구,음료 (커피 외),(단위 :천원),8251,8251000,545,545000,FTC franchise API raw amount values are assumed to be in KRW thousand units based on franchise disclosure conventions.
area_industry_average_out,2021,인천,음료 (커피 외),(단위 :천원),8077,8077000,595,595000,FTC franchise API raw amount values are assumed to be in KRW thousand units based on franchise disclosure conventions.
area_industry_average_out,2021,광주,음료 (커피 외),(단위 :천원),10369,10369000,492,492000,FTC franchise API raw amount values are assumed to be in KRW thousand units based on franchise disclosure conventions.
area_industry_average_out,2021,대전,음료 (커피 외),(단위 :천원),13066,13066000,813,813000,FTC franchise API raw amount values are assumed to be in KRW thousand units based on franchise disclosure conventions.
area_industry_average_out,2021,울산,음료 (커피 외),(단위 :천원),15271,15271000,1340,1340000,FTC franchise API raw amount values are assumed to be in KRW thousand units based on franchise disclosure conventions.
area_industry_average_out,2021,경기,음료 (커피 외),(단위 :천원),3096,3096000,238,238000,FTC franchise API raw amount values are assumed to be in KRW thousand units based on franchise disclosure conventions.
area_industry_average_out,2021,강원,음료 (커피 외),(단위 :천원),9368,9368000,712,712000,FTC franchise API raw amount values are assumed to be in KRW thousand units based on franchise disclosure conventions.
area_industry_average_out,2021,충북,음료 (커피 외),(단위 :천원),11116,11116000,639,639000,FTC franchise API raw amount values are assumed to be in KRW thousand units based on franchise disclosure conventions.
area_industry_average_out,2021,충남,음료 (커피 외),(단위 :천원),10040,10040000,701,701000,FTC franchise API raw amount values are assumed to be in KRW thousand units based on franchise disclosure conventions.
area_industry_average_out,2021,전북,음료 (커피 외),(단위 :천원),9026,9026000,478,478000,FTC franchise API raw amount values are assumed to be in KRW thousand units based on franchise disclosure conventions.
area_industry_average_out,2021,전남,음료 (커피 외),(단위 :천원),16203,16203000,809,809000,FTC franchise API raw amount values are assumed to be in KRW thousand units based on franchise disclosure conventions.
area_industry_average_out,2021,경북,음료 (커피 외),(단위 :천원),8716,8716000,619,619000,FTC franchise API raw amount values are assumed to be in KRW thousand units based on franchise disclosure conventions.
area_industry_average_out,2021,경남,음료 (커피 외),(단위 :천원),7644,7644000,538,538000,FTC franchise API raw amount values are assumed to be in KRW thousand units based on franchise disclosure conventions.
area_industry_average_out,2021,제주,음료 (커피 외),(단위 :천원),12730,12730000,739,739000,FTC franchise API raw amount values are assumed to be in KRW thousand units based on franchise disclosure conventions.
area_industry_average_out,2021,세종,음료 (커피 외),(단위 :천원),24214,24214000,1257,1257000,FTC franchise API raw amount values are assumed to be in KRW thousand units based on franchise disclosure conventions.
area_industry_average_out,2021,서울,주점,(단위 :천원),14130,14130000,428,428000,FTC franchise API raw amount values are assumed to be in KRW thousand units based on franchise disclosure conventions.
area_industry_average_out,2021,부산,주점,(단위 :천원),12811,12811000,415,415000,FTC franchise API raw amount values are assumed to be in KRW thousand units based on franchise disclosure conventions.
area_industry_average_out,2021,대구,주점,(단위 :천원),7560,7560000,314,314000,FTC franchise API raw amount values are assumed to be in KRW thousand units based on franchise disclosure conventions.
area_industry_average_out,2021,인천,주점,(단위 :천원),13185,13185000,425,425000,FTC franchise API raw amount values are assumed to be in KRW thousand units based on franchise disclosure conventions.
area_industry_average_out,2021,광주,주점,(단위 :천원),4913,4913000,185,185000,FTC franchise API raw amount values are assumed to be in KRW thousand units based on franchise disclosure conventions.
area_industry_average_out,2021,대전,주점,(단위 :천원),10500,10500000,284,284000,FTC franchise API raw amount values are assumed to be in KRW thousand units based on franchise disclosure conventions.
area_industry_average_out,2021,울산,주점,(단위 :천원),8012,8012000,278,278000,FTC franchise API raw amount values are assumed to be in KRW thousand units based on franchise disclosure conventions.
area_industry_average_out,2021,경기,주점,(단위 :천원),8470,8470000,323,323000,FTC franchise API raw amount values are assumed to be in KRW thousand units based on franchise disclosure conventions.
area_industry_average_out,2021,서울,중식,(단위 :천원),22909,22909000,756,756000,FTC franchise API raw amount values are assumed to be in KRW thousand units based on franchise disclosure conventions.
area_industry_average_out,2021,부산,중식,(단위 :천원),19272,19272000,550,550000,FTC franchise API raw amount values are assumed to be in KRW thousand units based on franchise disclosure conventions.
area_industry_average_out,2021,대구,중식,(단위 :천원),23743,23743000,865,865000,FTC franchise API raw amount values are assumed to be in KRW thousand units based on franchise disclosure conventions.
area_industry_average_out,2021,인천,중식,(단위 :천원),31629,31629000,1095,1095000,FTC franchise API raw amount values are assumed to be in KRW thousand units based on franchise disclosure conventions.
area_industry_average_out,2021,서울,한식,(단위 :천원),16938,16938000,664,664000,FTC franchise API raw amount values are assumed to be in KRW thousand units based on franchise disclosure conventions.
area_industry_average_out,2021,부산,한식,(단위 :천원),17130,17130000,475,475000,FTC franchise API raw amount values are assumed to be in KRW thousand units based on franchise disclosure conventions.
area_industry_average_out,2021,대구,한식,(단위 :천원),17756,17756000,543,543000,FTC franchise API raw amount values are assumed to be in KRW thousand units based on franchise disclosure conventions.
area_industry_average_out,2021,인천,한식,(단위 :천원),18108,18108000,837,837000,FTC franchise API raw amount values are assumed to be in KRW thousand units based on franchise disclosure conventions.
area_industry_average_out,2021,광주,한식,(단위 :천원),14889,14889000,520,520000,FTC franchise API raw amount values are assumed to be in KRW thousand units based on franchise disclosure conventions.
area_industry_average_out,2021,대전,한식,(단위 :천원),13881,13881000,468,468000,FTC franchise API raw amount values are assumed to be in KRW thousand units based on franchise disclosure conventions.
area_industry_average_out,2021,서울,기타 외국식,(단위 :천원),20520,20520000,769,769000,FTC franchise API raw amount values are assumed to be in KRW thousand units based on franchise disclosure conventions.
area_industry_average_out,2021,부산,기타 외국식,(단위 :천원),5556,5556000,382,382000,FTC franchise API raw amount values are assumed to be in KRW thousand units based on franchise disclosure conventions.
area_industry_average_out,2021,대구,기타 외국식,(단위 :천원),2450,2450000,153,153000,FTC franchise API raw amount values are assumed to be in KRW thousand units based on franchise disclosure conventions.
area_industry_average_out,2021,인천,기타 외국식,(단위 :천원),17305,17305000,721,721000,FTC franchise API raw amount values are assumed to be in KRW thousand units based on franchise disclosure conventions.
area_industry_average_out,2021,광주,기타 외국식,(단위 :천원),4178,4178000,692,692000,FTC franchise API raw amount values are assumed to be in KRW thousand units based on franchise disclosure conventions.
area_industry_average_out,2021,대전,기타 외국식,(단위 :천원),9020,9020000,892,892000,FTC franchise API raw amount values are assumed to be in KRW thousand units based on franchise disclosure conventions.
area_industry_average_out,2021,울산,기타 외국식,(단위 :천원),4628,4628000,514,514000,FTC franchise API raw amount values are assumed to be in KRW thousand units based on franchise disclosure conventions.
area_industry_average_out,2021,경기,기타 외국식,(단위 :천원),13745,13745000,563,563000,FTC franchise API raw amount values are assumed to be in KRW thousand units based on franchise disclosure conventions.
area_industry_average_out,2021,강원,기타 외국식,(단위 :천원),11957,11957000,480,480000,FTC franchise API raw amount values are assumed to be in KRW thousand units based on franchise disclosure conventions.
area_industry_average_out,2021,충북,기타 외국식,(단위 :천원),4818,4818000,215,215000,FTC franchise API raw amount values are assumed to be in KRW thousand units based on franchise disclosure conventions.
area_industry_average_out,2021,충남,기타 외국식,(단위 :천원),22540,22540000,607,607000,FTC franchise API raw amount values are assumed to be in KRW thousand units based on franchise disclosure conventions.
area_industry_average_out,2021,전북,기타 외국식,(단위 :천원),7244,7244000,350,350000,FTC franchise API raw amount values are assumed to be in KRW thousand units based on franchise disclosure conventions.
area_industry_average_out,2021,전남,기타 외국식,(단위 :천원),24364,24364000,452,452000,FTC franchise API raw amount values are assumed to be in KRW thousand units based on franchise disclosure conventions.
area_industry_average_out,2021,경북,기타 외국식,(단위 :천원),1371,1371000,53,53000,FTC franchise API raw amount values are assumed to be in KRW thousand units based on franchise disclosure conventions.
area_industry_average_out,2021,경남,기타 외국식,(단위 :천원),8208,8208000,470,470000,FTC franchise API raw amount values are assumed to be in KRW thousand units based on franchise disclosure conventions.
area_industry_average_out,2021,제주,기타 외국식,(단위 :천원),0,0,0,0,FTC franchise API raw amount values are assumed to be in KRW thousand units based on franchise disclosure conventions.
area_industry_average_out,2021,세종,기타 외국식,(단위 :천원),8634,8634000,277,277000,FTC franchise API raw amount values are assumed to be in KRW thousand units based on franchise disclosure conventions.
area_industry_average_out,2021,광주,중식,(단위 :천원),20406,20406000,483,483000,FTC franchise API raw amount values are assumed to be in KRW thousand units based on franchise disclosure conventions.
area_industry_average_out,2021,대전,중식,(단위 :천원),23312,23312000,659,659000,FTC franchise API raw amount values are assumed to be in KRW thousand units based on franchise disclosure conventions.
area_industry_average_out,2021,울산,중식,(단위 :천원),20787,20787000,476,476000,FTC franchise API raw amount values are assumed to be in KRW thousand units based on franchise disclosure conventions.
area_industry_average_out,2021,경기,중식,(단위 :천원),15293,15293000,557,557000,FTC franchise API raw amount values are assumed to be in KRW thousand units based on franchise disclosure conventions.
area_industry_average_out,2021,강원,중식,(단위 :천원),19060,19060000,517,517000,FTC franchise API raw amount values are assumed to be in KRW thousand units based on franchise disclosure conventions.
area_industry_average_out,2021,충북,중식,(단위 :천원),24387,24387000,520,520000,FTC franchise API raw amount values are assumed to be in KRW thousand units based on franchise disclosure conventions.
area_industry_average_out,2021,충남,중식,(단위 :천원),23862,23862000,511,511000,FTC franchise API raw amount values are assumed to be in KRW thousand units based on franchise disclosure conventions.
area_industry_average_out,2021,전북,중식,(단위 :천원),16557,16557000,386,386000,FTC franchise API raw amount values are assumed to be in KRW thousand units based on franchise disclosure conventions.
area_industry_average_out,2021,전남,중식,(단위 :천원),1043,1043000,26,26000,FTC franchise API raw amount values are assumed to be in KRW thousand units based on franchise disclosure conventions.
area_industry_average_out,2021,경북,중식,(단위 :천원),5472,5472000,275,275000,FTC franchise API raw amount values are assumed to be in KRW thousand units based on franchise disclosure conventions.
area_industry_average_out,2021,강원,주점,(단위 :천원),6021,6021000,218,218000,FTC franchise API raw amount values are assumed to be in KRW thousand units based on franchise disclosure conventions.
area_industry_average_out,2021,충북,주점,(단위 :천원),7511,7511000,266,266000,FTC franchise API raw amount values are assumed to be in KRW thousand units based on franchise disclosure conventions.
area_industry_average_out,2021,충남,주점,(단위 :천원),9177,9177000,320,320000,FTC franchise API raw amount values are assumed to be in KRW thousand units based on franchise disclosure conventions.
area_industry_average_out,2021,전북,주점,(단위 :천원),5925,5925000,219,219000,FTC franchise API raw amount values are assumed to be in KRW thousand units based on franchise disclosure conventions.
area_industry_average_out,2021,전남,주점,(단위 :천원),6335,6335000,229,229000,FTC franchise API raw amount values are assumed to be in KRW thousand units based on franchise disclosure conventions.
area_industry_average_out,2021,경북,주점,(단위 :천원),60511,60511000,175,175000,FTC franchise API raw amount values are assumed to be in KRW thousand units based on franchise disclosure conventions.
area_industry_average_out,2021,경남,주점,(단위 :천원),6267,6267000,217,217000,FTC franchise API raw amount values are assumed to be in KRW thousand units based on franchise disclosure conventions.
area_industry_average_out,2021,제주,주점,(단위 :천원),9953,9953000,382,382000,FTC franchise API raw amount values are assumed to be in KRW thousand units based on franchise disclosure conventions.
area_industry_average_out,2021,세종,주점,(단위 :천원),8493,8493000,511,511000,FTC franchise API raw amount values are assumed to be in KRW thousand units based on franchise disclosure conventions.
area_industry_average_out,2021,대전,치킨,(단위 :천원),9462,9462000,887223,887223000,FTC franchise API raw amount values are assumed to be in KRW thousand units based on franchise disclosure conventions.
area_industry_average_out,2021,울산,치킨,(단위 :천원),9695,9695000,604,604000,FTC franchise API raw amount values are assumed to be in KRW thousand units based on franchise disclosure conventions.
area_industry_average_out,2021,경기,치킨,(단위 :천원),3845,3845000,252,252000,FTC franchise API raw amount values are assumed to be in KRW thousand units based on franchise disclosure conventions.
area_industry_average_out,2021,강원,치킨,(단위 :천원),6508,6508000,358,358000,FTC franchise API raw amount values are assumed to be in KRW thousand units based on franchise disclosure conventions.
area_industry_average_out,2021,충북,치킨,(단위 :천원),9256,9256000,488,488000,FTC franchise API raw amount values are assumed to be in KRW thousand units based on franchise disclosure conventions.
area_industry_average_out,2021,충남,치킨,(단위 :천원),8411,8411000,455,455000,FTC franchise API raw amount values are assumed to be in KRW thousand units based on franchise disclosure conventions.
area_industry_average_out,2021,전북,치킨,(단위 :천원),8099,8099000,439,439000,FTC franchise API raw amount values are assumed to be in KRW thousand units based on franchise disclosure conventions.
area_industry_average_out,2021,전남,치킨,(단위 :천원),8207,8207000,610,610000,FTC franchise API raw amount values are assumed to be in KRW thousand units based on franchise disclosure conventions.
area_industry_average_out,2021,경북,치킨,(단위 :천원),5449,5449000,309,309000,FTC franchise API raw amount values are assumed to be in KRW thousand units based on franchise disclosure conventions.
area_industry_average_out,2021,경남,치킨,(단위 :천원),5009,5009000,277,277000,FTC franchise API raw amount values are assumed to be in KRW thousand units based on franchise disclosure conventions.
area_industry_average_out,2021,제주,치킨,(단위 :천원),16807,16807000,874,874000,FTC franchise API raw amount values are assumed to be in KRW thousand units based on franchise disclosure conventions.
area_industry_average_out,2021,세종,치킨,(단위 :천원),25936,25936000,1434,1434000,FTC franchise API raw amount values are assumed to be in KRW thousand units based on franchise disclosure conventions.
area_industry_average_out,2021,서울,피자,(단위 :천원),9001,9001000,607,607000,FTC franchise API raw amount values are assumed to be in KRW thousand units based on franchise disclosure conventions.
area_industry_average_out,2021,부산,피자,(단위 :천원),13309,13309000,650,650000,FTC franchise API raw amount values are assumed to be in KRW thousand units based on franchise disclosure conventions.
area_industry_average_out,2021,대구,피자,(단위 :천원),18821,18821000,968,968000,FTC franchise API raw amount values are assumed to be in KRW thousand units based on franchise disclosure conventions.
area_industry_average_out,2021,인천,피자,(단위 :천원),14469,14469000,828,828000,FTC franchise API raw amount values are assumed to be in KRW thousand units based on franchise disclosure conventions.
area_industry_average_out,2021,광주,피자,(단위 :천원),19327,19327000,934,934000,FTC franchise API raw amount values are assumed to be in KRW thousand units based on franchise disclosure conventions.
area_industry_average_out,2021,대전,피자,(단위 :천원),23461,23461000,1194,1194000,FTC franchise API raw amount values are assumed to be in KRW thousand units based on franchise disclosure conventions.
area_industry_average_out,2021,울산,피자,(단위 :천원),24495,24495000,1303,1303000,FTC franchise API raw amount values are assumed to be in KRW thousand units based on franchise disclosure conventions.
area_industry_average_out,2021,경기,피자,(단위 :천원),5630,5630000,391,391000,FTC franchise API raw amount values are assumed to be in KRW thousand units based on franchise disclosure conventions.
area_industry_average_out,2021,강원,피자,(단위 :천원),15156,15156000,655,655000,FTC franchise API raw amount values are assumed to be in KRW thousand units based on franchise disclosure conventions.
area_industry_average_out,2021,충북,피자,(단위 :천원),21648,21648000,993,993000,FTC franchise API raw amount values are assumed to be in KRW thousand units based on franchise disclosure conventions.
area_industry_average_out,2021,충남,피자,(단위 :천원),14202,14202000,674,674000,FTC franchise API raw amount values are assumed to be in KRW thousand units based on franchise disclosure conventions.
area_industry_average_out,2021,전북,피자,(단위 :천원),16774,16774000,743,743000,FTC franchise API raw amount values are assumed to be in KRW thousand units based on franchise disclosure conventions.
area_industry_average_out,2021,전남,피자,(단위 :천원),18571,18571000,877,877000,FTC franchise API raw amount values are assumed to be in KRW thousand units based on franchise disclosure conventions.
area_industry_average_out,2021,경북,피자,(단위 :천원),12300,12300000,634,634000,FTC franchise API raw amount values are assumed to be in KRW thousand units based on franchise disclosure conventions.
area_industry_average_out,2021,경남,피자,(단위 :천원),11130,11130000,561,561000,FTC franchise API raw amount values are assumed to be in KRW thousand units based on franchise disclosure conventions.
area_industry_average_out,2021,제주,피자,(단위 :천원),27406,27406000,1245,1245000,FTC franchise API raw amount values are assumed to be in KRW thousand units based on franchise disclosure conventions.
area_industry_average_out,2021,세종,피자,(단위 :천원),9349,9349000,403,403000,FTC franchise API raw amount values are assumed to be in KRW thousand units based on franchise disclosure conventions.
area_industry_average_out,2021,서울,제과제빵,(단위 :천원),6201,6201000,453,453000,FTC franchise API raw amount values are assumed to be in KRW thousand units based on franchise disclosure conventions.
area_industry_average_out,2021,부산,제과제빵,(단위 :천원),5671,5671000,440,440000,FTC franchise API raw amount values are assumed to be in KRW thousand units based on franchise disclosure conventions.
area_industry_average_out,2021,대구,제과제빵,(단위 :천원),7378,7378000,408,408000,FTC franchise API raw amount values are assumed to be in KRW thousand units based on franchise disclosure conventions.
area_industry_average_out,2021,인천,제과제빵,(단위 :천원),5072,5072000,350,350000,FTC franchise API raw amount values are assumed to be in KRW thousand units based on franchise disclosure conventions.
area_industry_average_out,2021,광주,제과제빵,(단위 :천원),5568,5568000,339,339000,FTC franchise API raw amount values are assumed to be in KRW thousand units based on franchise disclosure conventions.
area_industry_average_out,2021,대전,제과제빵,(단위 :천원),6352,6352000,366,366000,FTC franchise API raw amount values are assumed to be in KRW thousand units based on franchise disclosure conventions.
area_industry_average_out,2021,울산,제과제빵,(단위 :천원),6836,6836000,440,440000,FTC franchise API raw amount values are assumed to be in KRW thousand units based on franchise disclosure conventions.
area_industry_average_out,2021,경기,제과제빵,(단위 :천원),3913,3913000,299,299000,FTC franchise API raw amount values are assumed to be in KRW thousand units based on franchise disclosure conventions.
area_industry_average_out,2021,강원,제과제빵,(단위 :천원),5979,5979000,365,365000,FTC franchise API raw amount values are assumed to be in KRW thousand units based on franchise disclosure conventions.
area_industry_average_out,2021,충북,한식,(단위 :천원),14585,14585000,428,428000,FTC franchise API raw amount values are assumed to be in KRW thousand units based on franchise disclosure conventions.
area_industry_average_out,2021,충남,한식,(단위 :천원),17114,17114000,651,651000,FTC franchise API raw amount values are assumed to be in KRW thousand units based on franchise disclosure conventions.
area_industry_average_out,2021,전북,한식,(단위 :천원),17677,17677000,461,461000,FTC franchise API raw amount values are assumed to be in KRW thousand units based on franchise disclosure conventions.
area_industry_average_out,2021,전남,한식,(단위 :천원),16806,16806000,471,471000,FTC franchise API raw amount values are assumed to be in KRW thousand units based on franchise disclosure conventions.
area_industry_average_out,2021,경북,한식,(단위 :천원),15713,15713000,380,380000,FTC franchise API raw amount values are assumed to be in KRW thousand units based on franchise disclosure conventions.
area_industry_average_out,2021,경남,한식,(단위 :천원),13380,13380000,631,631000,FTC franchise API raw amount values are assumed to be in KRW thousand units based on franchise disclosure conventions.
area_industry_average_out,2021,제주,한식,(단위 :천원),13368,13368000,592,592000,FTC franchise API raw amount values are assumed to be in KRW thousand units based on franchise disclosure conventions.
area_industry_average_out,2021,세종,한식,(단위 :천원),8892,8892000,369,369000,FTC franchise API raw amount values are assumed to be in KRW thousand units based on franchise disclosure conventions.
area_industry_average_out,2021,서울,분식,(단위 :천원),8236,8236000,587,587000,FTC franchise API raw amount values are assumed to be in KRW thousand units based on franchise disclosure conventions.
area_industry_average_out,2021,부산,분식,(단위 :천원),7752,7752000,554,554000,FTC franchise API raw amount values are assumed to be in KRW thousand units based on franchise disclosure conventions.
area_industry_average_out,2021,대구,분식,(단위 :천원),9150,9150000,599,599000,FTC franchise API raw amount values are assumed to be in KRW thousand units based on franchise disclosure conventions.
area_industry_average_out,2021,인천,분식,(단위 :천원),12093,12093000,764,764000,FTC franchise API raw amount values are assumed to be in KRW thousand units based on franchise disclosure conventions.
area_industry_average_out,2021,광주,분식,(단위 :천원),11646,11646000,870,870000,FTC franchise API raw amount values are assumed to be in KRW thousand units based on franchise disclosure conventions.
area_industry_average_out,2021,대전,분식,(단위 :천원),10925,10925000,672,672000,FTC franchise API raw amount values are assumed to be in KRW thousand units based on franchise disclosure conventions.
area_industry_average_out,2021,울산,분식,(단위 :천원),7154,7154000,454,454000,FTC franchise API raw amount values are assumed to be in KRW thousand units based on franchise disclosure conventions.
area_industry_average_out,2021,경기,분식,(단위 :천원),5999,5999000,414,414000,FTC franchise API raw amount values are assumed to be in KRW thousand units based on franchise disclosure conventions.
area_industry_average_out,2021,강원,분식,(단위 :천원),7810,7810000,517,517000,FTC franchise API raw amount values are assumed to be in KRW thousand units based on franchise disclosure conventions.
area_industry_average_out,2021,충북,분식,(단위 :천원),5772,5772000,692,692000,FTC franchise API raw amount values are assumed to be in KRW thousand units based on franchise disclosure conventions.
area_industry_average_out,2021,충남,분식,(단위 :천원),8634,8634000,537,537000,FTC franchise API raw amount values are assumed to be in KRW thousand units based on franchise disclosure conventions.
area_industry_average_out,2021,전북,분식,(단위 :천원),10580,10580000,499,499000,FTC franchise API raw amount values are assumed to be in KRW thousand units based on franchise disclosure conventions.
area_industry_average_out,2021,전남,분식,(단위 :천원),8791,8791000,418,418000,FTC franchise API raw amount values are assumed to be in KRW thousand units based on franchise disclosure conventions.
area_industry_average_out,2021,경북,분식,(단위 :천원),6734,6734000,969,969000,FTC franchise API raw amount values are assumed to be in KRW thousand units based on franchise disclosure conventions.
area_industry_average_out,2021,경남,분식,(단위 :천원),7162,7162000,412,412000,FTC franchise API raw amount values are assumed to be in KRW thousand units based on franchise disclosure conventions.
area_industry_average_out,2021,제주,분식,(단위 :천원),11125,11125000,689,689000,FTC franchise API raw amount values are assumed to be in KRW thousand units based on franchise disclosure conventions.
area_industry_average_out,2021,세종,분식,(단위 :천원),8238,8238000,666,666000,FTC franchise API raw amount values are assumed to be in KRW thousand units based on franchise disclosure conventions.
area_industry_average_out,2021,울산,한식,(단위 :천원),18835,18835000,521,521000,FTC franchise API raw amount values are assumed to be in KRW thousand units based on franchise disclosure conventions.
area_industry_average_out,2021,경기,한식,(단위 :천원),13672,13672000,465,465000,FTC franchise API raw amount values are assumed to be in KRW thousand units based on franchise disclosure conventions.
area_industry_average_out,2021,강원,한식,(단위 :천원),13480,13480000,475,475000,FTC franchise API raw amount values are assumed to be in KRW thousand units based on franchise disclosure conventions.
area_industry_average_out,2021,서울,패스트푸드,(단위 :천원),9719,9719000,455,455000,FTC franchise API raw amount values are assumed to be in KRW thousand units based on franchise disclosure conventions.
area_industry_average_out,2021,부산,패스트푸드,(단위 :천원),10298,10298000,282,282000,FTC franchise API raw amount values are assumed to be in KRW thousand units based on franchise disclosure conventions.
area_industry_average_out,2021,대구,패스트푸드,(단위 :천원),18127,18127000,413,413000,FTC franchise API raw amount values are assumed to be in KRW thousand units based on franchise disclosure conventions.
area_industry_average_out,2021,인천,패스트푸드,(단위 :천원),7089,7089000,252,252000,FTC franchise API raw amount values are assumed to be in KRW thousand units based on franchise disclosure conventions.
area_industry_average_out,2021,광주,패스트푸드,(단위 :천원),23498,23498000,535,535000,FTC franchise API raw amount values are assumed to be in KRW thousand units based on franchise disclosure conventions.
area_industry_average_out,2021,대전,패스트푸드,(단위 :천원),8713,8713000,328,328000,FTC franchise API raw amount values are assumed to be in KRW thousand units based on franchise disclosure conventions.
area_industry_average_out,2021,울산,패스트푸드,(단위 :천원),6810,6810000,199,199000,FTC franchise API raw amount values are assumed to be in KRW thousand units based on franchise disclosure conventions.
area_industry_average_out,2021,경기,패스트푸드,(단위 :천원),5650,5650000,269,269000,FTC franchise API raw amount values are assumed to be in KRW thousand units based on franchise disclosure conventions.
area_industry_average_out,2021,강원,패스트푸드,(단위 :천원),7848,7848000,348,348000,FTC franchise API raw amount values are assumed to be in KRW thousand units based on franchise disclosure conventions.
area_industry_average_out,2021,충북,패스트푸드,(단위 :천원),14731,14731000,333,333000,FTC franchise API raw amount values are assumed to be in KRW thousand units based on franchise disclosure conventions.
area_industry_average_out,2021,충남,패스트푸드,(단위 :천원),13193,13193000,275,275000,FTC franchise API raw amount values are assumed to be in KRW thousand units based on franchise disclosure conventions.
area_industry_average_out,2021,전북,패스트푸드,(단위 :천원),17305,17305000,498,498000,FTC franchise API raw amount values are assumed to be in KRW thousand units based on franchise disclosure conventions.
area_industry_average_out,2021,전남,패스트푸드,(단위 :천원),12279,12279000,293,293000,FTC franchise API raw amount values are assumed to be in KRW thousand units based on franchise disclosure conventions.
area_industry_average_out,2021,경북,패스트푸드,(단위 :천원),11540,11540000,339,339000,FTC franchise API raw amount values are assumed to be in KRW thousand units based on franchise disclosure conventions.
area_industry_average_out,2021,서울,기타 외식,(단위 :천원),18470,18470000,718,718000,FTC franchise API raw amount values are assumed to be in KRW thousand units based on franchise disclosure conventions.
area_industry_average_out,2021,부산,기타 외식,(단위 :천원),13916,13916000,551,551000,FTC franchise API raw amount values are assumed to be in KRW thousand units based on franchise disclosure conventions.
area_industry_average_out,2021,대구,기타 외식,(단위 :천원),14315,14315000,505,505000,FTC franchise API raw amount values are assumed to be in KRW thousand units based on franchise disclosure conventions.
area_industry_average_out,2021,인천,기타 외식,(단위 :천원),17949,17949000,819,819000,FTC franchise API raw amount values are assumed to be in KRW thousand units based on franchise disclosure conventions.
area_industry_average_out,2021,광주,기타 외식,(단위 :천원),16521,16521000,616,616000,FTC franchise API raw amount values are assumed to be in KRW thousand units based on franchise disclosure conventions.
area_industry_average_out,2021,대전,기타 외식,(단위 :천원),14452,14452000,703,703000,FTC franchise API raw amount values are assumed to be in KRW thousand units based on franchise disclosure conventions.
area_industry_average_out,2021,울산,기타 외식,(단위 :천원),11832,11832000,483,483000,FTC franchise API raw amount values are assumed to be in KRW thousand units based on franchise disclosure conventions.
area_industry_average_out,2021,경기,기타 외식,(단위 :천원),13029,13029000,584,584000,FTC franchise API raw amount values are assumed to be in KRW thousand units based on franchise disclosure conventions.
area_industry_average_out,2021,강원,기타 외식,(단위 :천원),11698,11698000,621,621000,FTC franchise API raw amount values are assumed to be in KRW thousand units based on franchise disclosure conventions.
area_industry_average_out,2021,충북,기타 외식,(단위 :천원),12124,12124000,460,460000,FTC franchise API raw amount values are assumed to be in KRW thousand units based on franchise disclosure conventions.
area_industry_average_out,2021,충남,기타 외식,(단위 :천원),14819,14819000,557,557000,FTC franchise API raw amount values are assumed to be in KRW thousand units based on franchise disclosure conventions.
area_industry_average_out,2021,전북,기타 외식,(단위 :천원),15092,15092000,610,610000,FTC franchise API raw amount values are assumed to be in KRW thousand units based on franchise disclosure conventions.
area_industry_average_out,2021,전남,기타 외식,(단위 :천원),10716,10716000,416,416000,FTC franchise API raw amount values are assumed to be in KRW thousand units based on franchise disclosure conventions.
area_industry_average_out,2021,경북,기타 외식,(단위 :천원),11793,11793000,404,404000,FTC franchise API raw amount values are assumed to be in KRW thousand units based on franchise disclosure conventions.
area_industry_average_out,2021,경남,기타 외식,(단위 :천원),12689,12689000,658,658000,FTC franchise API raw amount values are assumed to be in KRW thousand units based on franchise disclosure conventions.
area_industry_average_out,2021,제주,기타 외식,(단위 :천원),15883,15883000,675,675000,FTC franchise API raw amount values are assumed to be in KRW thousand units based on franchise disclosure conventions.
area_industry_average_out,2021,세종,기타 외식,(단위 :천원),8789,8789000,578,578000,FTC franchise API raw amount values are assumed to be in KRW thousand units based on franchise disclosure conventions.
area_industry_average_out,2021,세종,일식,(단위 :천원),0,0,0,0,FTC franchise API raw amount values are assumed to be in KRW thousand units based on franchise disclosure conventions.
area_industry_average_out,2021,서울,서양식,(단위 :천원),29721,29721000,1290,1290000,FTC franchise API raw amount values are assumed to be in KRW thousand units based on franchise disclosure conventions.
area_industry_average_out,2021,부산,서양식,(단위 :천원),22686,22686000,431,431000,FTC franchise API raw amount values are assumed to be in KRW thousand units based on franchise disclosure conventions.
area_industry_average_out,2021,대구,서양식,(단위 :천원),35901,35901000,741,741000,FTC franchise API raw amount values are assumed to be in KRW thousand units based on franchise disclosure conventions.
area_industry_average_out,2021,인천,서양식,(단위 :천원),11855,11855000,469,469000,FTC franchise API raw amount values are assumed to be in KRW thousand units based on franchise disclosure conventions.
area_industry_average_out,2021,광주,서양식,(단위 :천원),9547,9547000,107,107000,FTC franchise API raw amount values are assumed to be in KRW thousand units based on franchise disclosure conventions.
area_industry_average_out,2021,대전,서양식,(단위 :천원),1397,1397000,145,145000,FTC franchise API raw amount values are assumed to be in KRW thousand units based on franchise disclosure conventions.
area_industry_average_out,2021,울산,서양식,(단위 :천원),0,0,0,0,FTC franchise API raw amount values are assumed to be in KRW thousand units based on franchise disclosure conventions.
area_industry_average_out,2021,경기,서양식,(단위 :천원),16433,16433000,1081,1081000,FTC franchise API raw amount values are assumed to be in KRW thousand units based on franchise disclosure conventions.
area_industry_average_out,2021,강원,서양식,(단위 :천원),8836,8836000,110,110000,FTC franchise API raw amount values are assumed to be in KRW thousand units based on franchise disclosure conventions.
area_industry_average_out,2021,충북,서양식,(단위 :천원),11393,11393000,118,118000,FTC franchise API raw amount values are assumed to be in KRW thousand units based on franchise disclosure conventions.
area_industry_average_out,2021,충남,서양식,(단위 :천원),23720,23720000,463,463000,FTC franchise API raw amount values are assumed to be in KRW thousand units based on franchise disclosure conventions.
area_industry_average_out,2021,전북,서양식,(단위 :천원),32275,32275000,846,846000,FTC franchise API raw amount values are assumed to be in KRW thousand units based on franchise disclosure conventions.
area_industry_average_out,2021,전남,서양식,(단위 :천원),5118,5118000,44,44000,FTC franchise API raw amount values are assumed to be in KRW thousand units based on franchise disclosure conventions.
area_industry_average_out,2021,경북,서양식,(단위 :천원),16756,16756000,301,301000,FTC franchise API raw amount values are assumed to be in KRW thousand units based on franchise disclosure conventions.
area_industry_average_out,2021,경남,서양식,(단위 :천원),13958,13958000,288,288000,FTC franchise API raw amount values are assumed to be in KRW thousand units based on franchise disclosure conventions.
area_industry_average_out,2021,제주,서양식,(단위 :천원),54070,54070000,543,543000,FTC franchise API raw amount values are assumed to be in KRW thousand units based on franchise disclosure conventions.
area_industry_average_out,2021,충북,제과제빵,(단위 :천원),5674,5674000,368,368000,FTC franchise API raw amount values are assumed to be in KRW thousand units based on franchise disclosure conventions.
area_industry_average_out,2021,충남,제과제빵,(단위 :천원),5882,5882000,358,358000,FTC franchise API raw amount values are assumed to be in KRW thousand units based on franchise disclosure conventions.
area_industry_average_out,2021,전북,제과제빵,(단위 :천원),7344,7344000,621,621000,FTC franchise API raw amount values are assumed to be in KRW thousand units based on franchise disclosure conventions.
area_industry_average_out,2021,전남,제과제빵,(단위 :천원),5466,5466000,300,300000,FTC franchise API raw amount values are assumed to be in KRW thousand units based on franchise disclosure conventions.
area_industry_average_out,2021,경북,제과제빵,(단위 :천원),4805,4805000,406,406000,FTC franchise API raw amount values are assumed to be in KRW thousand units based on franchise disclosure conventions.
area_industry_average_out,2021,경남,제과제빵,(단위 :천원),4972,4972000,369,369000,FTC franchise API raw amount values are assumed to be in KRW thousand units based on franchise disclosure conventions.
area_industry_average_out,2021,제주,제과제빵,(단위 :천원),9866,9866000,1230,1230000,FTC franchise API raw amount values are assumed to be in KRW thousand units based on franchise disclosure conventions.
area_industry_average_out,2021,세종,제과제빵,(단위 :천원),24097,24097000,1128,1128000,FTC franchise API raw amount values are assumed to be in KRW thousand units based on franchise disclosure conventions.
area_industry_average_out,2021,경남,패스트푸드,(단위 :천원),7155,7155000,206,206000,FTC franchise API raw amount values are assumed to be in KRW thousand units based on franchise disclosure conventions.
area_industry_average_out,2021,제주,패스트푸드,(단위 :천원),20313,20313000,822,822000,FTC franchise API raw amount values are assumed to be in KRW thousand units based on franchise disclosure conventions.
area_industry_average_out,2021,세종,패스트푸드,(단위 :천원),30894,30894000,863,863000,FTC franchise API raw amount values are assumed to be in KRW thousand units based on franchise disclosure conventions.
area_industry_average_out,2021,서울,치킨,(단위 :천원),5902,5902000,355,355000,FTC franchise API raw amount values are assumed to be in KRW thousand units based on franchise disclosure conventions.
area_industry_average_out,2021,부산,치킨,(단위 :천원),6839,6839000,428,428000,FTC franchise API raw amount values are assumed to be in KRW thousand units based on franchise disclosure conventions.
area_industry_average_out,2021,대구,치킨,(단위 :천원),7148,7148000,447,447000,FTC franchise API raw amount values are assumed to be in KRW thousand units based on franchise disclosure conventions.
area_industry_average_out,2021,인천,치킨,(단위 :천원),9221,9221000,541,541000,FTC franchise API raw amount values are assumed to be in KRW thousand units based on franchise disclosure conventions.
area_industry_average_out,2021,광주,치킨,(단위 :천원),11514,11514000,691,691000,FTC franchise API raw amount values are assumed to be in KRW thousand units based on franchise disclosure conventions.
area_industry_average_out,2021,서울,일식,(단위 :천원),32545,32545000,996,996000,FTC franchise API raw amount values are assumed to be in KRW thousand units based on franchise disclosure conventions.
area_industry_average_out,2021,부산,일식,(단위 :천원),27103,27103000,677,677000,FTC franchise API raw amount values are assumed to be in KRW thousand units based on franchise disclosure conventions.
area_industry_average_out,2021,경남,중식,(단위 :천원),19244,19244000,531,531000,FTC franchise API raw amount values are assumed to be in KRW thousand units based on franchise disclosure conventions.
area_industry_average_out,2021,제주,중식,(단위 :천원),22585,22585000,554,554000,FTC franchise API raw amount values are assumed to be in KRW thousand units based on franchise disclosure conventions.
area_industry_average_out,2021,세종,중식,(단위 :천원),0,0,0,0,FTC franchise API raw amount values are assumed to be in KRW thousand units based on franchise disclosure conventions.
area_industry_average_out,2021,서울,아이스크림/빙수 ,(단위 :천원),4177,4177000,217,217000,FTC franchise API raw amount values are assumed to be in KRW thousand units based on franchise disclosure conventions.
area_industry_average_out,2021,부산,아이스크림/빙수 ,(단위 :천원),7027,7027000,375,375000,FTC franchise API raw amount values are assumed to be in KRW thousand units based on franchise disclosure conventions.
area_industry_average_out,2021,대구,아이스크림/빙수 ,(단위 :천원),9098,9098000,449,449000,FTC franchise API raw amount values are assumed to be in KRW thousand units based on franchise disclosure conventions.
area_industry_average_out,2021,인천,아이스크림/빙수 ,(단위 :천원),7874,7874000,365,365000,FTC franchise API raw amount values are assumed to be in KRW thousand units based on franchise disclosure conventions.
area_industry_average_out,2021,광주,아이스크림/빙수 ,(단위 :천원),17330,17330000,710,710000,FTC franchise API raw amount values are assumed to be in KRW thousand units based on franchise disclosure conventions.
area_industry_average_out,2021,대전,아이스크림/빙수 ,(단위 :천원),15489,15489000,612,612000,FTC franchise API raw amount values are assumed to be in KRW thousand units based on franchise disclosure conventions.
area_industry_average_out,2021,울산,아이스크림/빙수 ,(단위 :천원),14969,14969000,731,731000,FTC franchise API raw amount values are assumed to be in KRW thousand units based on franchise disclosure conventions.
area_industry_average_out,2021,경기,아이스크림/빙수 ,(단위 :천원),2351,2351000,140,140000,FTC franchise API raw amount values are assumed to be in KRW thousand units based on franchise disclosure conventions.
area_industry_average_out,2021,강원,아이스크림/빙수 ,(단위 :천원),17563,17563000,821,821000,FTC franchise API raw amount values are assumed to be in KRW thousand units based on franchise disclosure conventions.
area_industry_average_out,2021,충북,아이스크림/빙수 ,(단위 :천원),12468,12468000,557,557000,FTC franchise API raw amount values are assumed to be in KRW thousand units based on franchise disclosure conventions.
area_industry_average_out,2021,충남,아이스크림/빙수 ,(단위 :천원),11402,11402000,647,647000,FTC franchise API raw amount values are assumed to be in KRW thousand units based on franchise disclosure conventions.
area_industry_average_out,2021,전북,아이스크림/빙수 ,(단위 :천원),12583,12583000,697,697000,FTC franchise API raw amount values are assumed to be in KRW thousand units based on franchise disclosure conventions.
area_industry_average_out,2021,전남,아이스크림/빙수 ,(단위 :천원),11337,11337000,465,465000,FTC franchise API raw amount values are assumed to be in KRW thousand units based on franchise disclosure conventions.
area_industry_average_out,2021,경북,아이스크림/빙수 ,(단위 :천원),7822,7822000,421,421000,FTC franchise API raw amount values are assumed to be in KRW thousand units based on franchise disclosure conventions.
area_industry_average_out,2021,경남,아이스크림/빙수 ,(단위 :천원),5822,5822000,276,276000,FTC franchise API raw amount values are assumed to be in KRW thousand units based on franchise disclosure conventions.
area_industry_average_out,2021,제주,아이스크림/빙수 ,(단위 :천원),21599,21599000,774,774000,FTC franchise API raw amount values are assumed to be in KRW thousand units based on franchise disclosure conventions.
area_industry_average_out,2021,세종,아이스크림/빙수 ,(단위 :천원),28241,28241000,1493,1493000,FTC franchise API raw amount values are assumed to be in KRW thousand units based on franchise disclosure conventions.
area_industry_average_out,2021,서울,커피,(단위 :천원),4020,4020000,239,239000,FTC franchise API raw amount values are assumed to be in KRW thousand units based on franchise disclosure conventions.
area_industry_average_out,2021,부산,커피,(단위 :천원),4982,4982000,234,234000,FTC franchise API raw amount values are assumed to be in KRW thousand units based on franchise disclosure conventions.
area_industry_average_out,2021,대구,커피,(단위 :천원),7624,7624000,332,332000,FTC franchise API raw amount values are assumed to be in KRW thousand units based on franchise disclosure conventions.
area_industry_average_out,2021,인천,커피,(단위 :천원),5780,5780000,307,307000,FTC franchise API raw amount values are assumed to be in KRW thousand units based on franchise disclosure conventions.
area_industry_average_out,2021,광주,커피,(단위 :천원),7288,7288000,391,391000,FTC franchise API raw amount values are assumed to be in KRW thousand units based on franchise disclosure conventions.
area_industry_average_out,2021,대전,커피,(단위 :천원),8386,8386000,316,316000,FTC franchise API raw amount values are assumed to be in KRW thousand units based on franchise disclosure conventions.
area_industry_average_out,2021,울산,커피,(단위 :천원),7767,7767000,311,311000,FTC franchise API raw amount values are assumed to be in KRW thousand units based on franchise disclosure conventions.
area_industry_average_out,2021,경기,커피,(단위 :천원),2832,2832000,150,150000,FTC franchise API raw amount values are assumed to be in KRW thousand units based on franchise disclosure conventions.
area_industry_average_out,2021,강원,커피,(단위 :천원),9494,9494000,365,365000,FTC franchise API raw amount values are assumed to be in KRW thousand units based on franchise disclosure conventions.
area_industry_average_out,2021,충북,커피,(단위 :천원),7905,7905000,311,311000,FTC franchise API raw amount values are assumed to be in KRW thousand units based on franchise disclosure conventions.
area_industry_average_out,2021,충남,커피,(단위 :천원),7669,7669000,303,303000,FTC franchise API raw amount values are assumed to be in KRW thousand units based on franchise disclosure conventions.
area_industry_average_out,2021,대구,일식,(단위 :천원),16383,16383000,367,367000,FTC franchise API raw amount values are assumed to be in KRW thousand units based on franchise disclosure conventions.
area_industry_average_out,2021,인천,일식,(단위 :천원),39544,39544000,538,538000,FTC franchise API raw amount values are assumed to be in KRW thousand units based on franchise disclosure conventions.
area_industry_average_out,2021,광주,일식,(단위 :천원),10886,10886000,483,483000,FTC franchise API raw amount values are assumed to be in KRW thousand units based on franchise disclosure conventions.
area_industry_average_out,2021,대전,일식,(단위 :천원),12442,12442000,473,473000,FTC franchise API raw amount values are assumed to be in KRW thousand units based on franchise disclosure conventions.
area_industry_average_out,2021,울산,일식,(단위 :천원),13824,13824000,613,613000,FTC franchise API raw amount values are assumed to be in KRW thousand units based on franchise disclosure conventions.
area_industry_average_out,2021,경기,일식,(단위 :천원),23684,23684000,1060,1060000,FTC franchise API raw amount values are assumed to be in KRW thousand units based on franchise disclosure conventions.
area_industry_average_out,2021,강원,일식,(단위 :천원),50430,50430000,291,291000,FTC franchise API raw amount values are assumed to be in KRW thousand units based on franchise disclosure conventions.
area_industry_average_out,2021,충북,일식,(단위 :천원),22654,22654000,493,493000,FTC franchise API raw amount values are assumed to be in KRW thousand units based on franchise disclosure conventions.
area_industry_average_out,2021,충남,일식,(단위 :천원),33470,33470000,545,545000,FTC franchise API raw amount values are assumed to be in KRW thousand units based on franchise disclosure conventions.
area_industry_average_out,2021,전북,일식,(단위 :천원),1815,1815000,129,129000,FTC franchise API raw amount values are assumed to be in KRW thousand units based on franchise disclosure conventions.
area_industry_average_out,2021,전남,일식,(단위 :천원),8799,8799000,456,456000,FTC franchise API raw amount values are assumed to be in KRW thousand units based on franchise disclosure conventions.
area_industry_average_out,2021,경북,일식,(단위 :천원),17412,17412000,365,365000,FTC franchise API raw amount values are assumed to be in KRW thousand units based on franchise disclosure conventions.
area_industry_average_out,2021,경남,일식,(단위 :천원),25801,25801000,227,227000,FTC franchise API raw amount values are assumed to be in KRW thousand units based on franchise disclosure conventions.
area_industry_average_out,2021,제주,일식,(단위 :천원),8068,8068000,487,487000,FTC franchise API raw amount values are assumed to be in KRW thousand units based on franchise disclosure conventions.
area_industry_average_out,2021,세종,서양식,(단위 :천원),33948,33948000,1108,1108000,FTC franchise API raw amount values are assumed to be in KRW thousand units based on franchise disclosure conventions.
area_industry_average_out,2022,세종,치킨,(단위 :천원),406321,406321000,22880,22880000,FTC franchise API raw amount values are assumed to be in KRW thousand units based on franchise disclosure conventions.
area_industry_average_out,2022,제주,치킨,(단위 :천원),270576,270576000,13727,13727000,FTC franchise API raw amount values are assumed to be in KRW thousand units based on franchise disclosure conventions.
area_industry_average_out,2022,대전,피자,(단위 :천원),320362,320362000,18377,18377000,FTC franchise API raw amount values are assumed to be in KRW thousand units based on franchise disclosure conventions.
area_industry_average_out,2022,광주,피자,(단위 :천원),322178,322178000,18638,18638000,FTC franchise API raw amount values are assumed to be in KRW thousand units based on franchise disclosure conventions.
area_industry_average_out,2022,인천,피자,(단위 :천원),335122,335122000,20007,20007000,FTC franchise API raw amount values are assumed to be in KRW thousand units based on franchise disclosure conventions.
area_industry_average_out,2022,경남,치킨,(단위 :천원),186052,186052000,11486,11486000,FTC franchise API raw amount values are assumed to be in KRW thousand units based on franchise disclosure conventions.
area_industry_average_out,2022,경북,치킨,(단위 :천원),178086,178086000,11695,11695000,FTC franchise API raw amount values are assumed to be in KRW thousand units based on franchise disclosure conventions.
area_industry_average_out,2022,전남,치킨,(단위 :천원),211169,211169000,12088,12088000,FTC franchise API raw amount values are assumed to be in KRW thousand units based on franchise disclosure conventions.
area_industry_average_out,2022,전북,치킨,(단위 :천원),202853,202853000,11133,11133000,FTC franchise API raw amount values are assumed to be in KRW thousand units based on franchise disclosure conventions.
area_industry_average_out,2022,충남,치킨,(단위 :천원),199520,199520000,11322,11322000,FTC franchise API raw amount values are assumed to be in KRW thousand units based on franchise disclosure conventions.
area_industry_average_out,2022,충북,치킨,(단위 :천원),196794,196794000,11362,11362000,FTC franchise API raw amount values are assumed to be in KRW thousand units based on franchise disclosure conventions.
area_industry_average_out,2022,강원,치킨,(단위 :천원),190103,190103000,11162,11162000,FTC franchise API raw amount values are assumed to be in KRW thousand units based on franchise disclosure conventions.
area_industry_average_out,2022,경기,치킨,(단위 :천원),179832,179832000,12846,12846000,FTC franchise API raw amount values are assumed to be in KRW thousand units based on franchise disclosure conventions.
area_industry_average_out,2022,울산,치킨,(단위 :천원),224464,224464000,15717,15717000,FTC franchise API raw amount values are assumed to be in KRW thousand units based on franchise disclosure conventions.
area_industry_average_out,2022,대전,치킨,(단위 :천원),237762,237762000,14529,14529000,FTC franchise API raw amount values are assumed to be in KRW thousand units based on franchise disclosure conventions.
area_industry_average_out,2022,광주,치킨,(단위 :천원),256317,256317000,16608,16608000,FTC franchise API raw amount values are assumed to be in KRW thousand units based on franchise disclosure conventions.
area_industry_average_out,2022,인천,치킨,(단위 :천원),226853,226853000,15578,15578000,FTC franchise API raw amount values are assumed to be in KRW thousand units based on franchise disclosure conventions.
area_industry_average_out,2022,대구,치킨,(단위 :천원),237852,237852000,14359,14359000,FTC franchise API raw amount values are assumed to be in KRW thousand units based on franchise disclosure conventions.
area_industry_average_out,2022,부산,치킨,(단위 :천원),196046,196046000,13464,13464000,FTC franchise API raw amount values are assumed to be in KRW thousand units based on franchise disclosure conventions.
area_industry_average_out,2022,서울,치킨,(단위 :천원),232221,232221000,16597,16597000,FTC franchise API raw amount values are assumed to be in KRW thousand units based on franchise disclosure conventions.
area_industry_average_out,2022,대구,피자,(단위 :천원),237937,237937000,14510,14510000,FTC franchise API raw amount values are assumed to be in KRW thousand units based on franchise disclosure conventions.
area_industry_average_out,2022,부산,피자,(단위 :천원),252371,252371000,14908,14908000,FTC franchise API raw amount values are assumed to be in KRW thousand units based on franchise disclosure conventions.
area_industry_average_out,2022,서울,피자,(단위 :천원),275357,275357000,21673,21673000,FTC franchise API raw amount values are assumed to be in KRW thousand units based on franchise disclosure conventions.
area_industry_average_out,2022,대구,기타 외국식,(단위 :천원),300040,300040000,10842,10842000,FTC franchise API raw amount values are assumed to be in KRW thousand units based on franchise disclosure conventions.
area_industry_average_out,2022,부산,기타 외국식,(단위 :천원),155456,155456000,8689,8689000,FTC franchise API raw amount values are assumed to be in KRW thousand units based on franchise disclosure conventions.
area_industry_average_out,2022,서울,기타 외국식,(단위 :천원),327344,327344000,17589,17589000,FTC franchise API raw amount values are assumed to be in KRW thousand units based on franchise disclosure conventions.
area_industry_average_out,2022,서울,제과제빵,(단위 :천원),301430,301430000,21798,21798000,FTC franchise API raw amount values are assumed to be in KRW thousand units based on franchise disclosure conventions.
area_industry_average_out,2022,세종,피자,(단위 :천원),220640,220640000,13436,13436000,FTC franchise API raw amount values are assumed to be in KRW thousand units based on franchise disclosure conventions.
area_industry_average_out,2022,제주,피자,(단위 :천원),291036,291036000,16658,16658000,FTC franchise API raw amount values are assumed to be in KRW thousand units based on franchise disclosure conventions.
area_industry_average_out,2022,경남,피자,(단위 :천원),187713,187713000,10999,10999000,FTC franchise API raw amount values are assumed to be in KRW thousand units based on franchise disclosure conventions.
area_industry_average_out,2022,경북,피자,(단위 :천원),199392,199392000,11844,11844000,FTC franchise API raw amount values are assumed to be in KRW thousand units based on franchise disclosure conventions.
area_industry_average_out,2022,전남,피자,(단위 :천원),257810,257810000,14748,14748000,FTC franchise API raw amount values are assumed to be in KRW thousand units based on franchise disclosure conventions.
area_industry_average_out,2022,전북,피자,(단위 :천원),235618,235618000,14634,14634000,FTC franchise API raw amount values are assumed to be in KRW thousand units based on franchise disclosure conventions.
area_industry_average_out,2022,충남,피자,(단위 :천원),262298,262298000,14536,14536000,FTC franchise API raw amount values are assumed to be in KRW thousand units based on franchise disclosure conventions.
area_industry_average_out,2022,충북,피자,(단위 :천원),286158,286158000,16698,16698000,FTC franchise API raw amount values are assumed to be in KRW thousand units based on franchise disclosure conventions.
area_industry_average_out,2022,강원,피자,(단위 :천원),254141,254141000,14256,14256000,FTC franchise API raw amount values are assumed to be in KRW thousand units based on franchise disclosure conventions.
area_industry_average_out,2022,경기,음료 (커피 외),(단위 :천원),155462,155462000,11234,11234000,FTC franchise API raw amount values are assumed to be in KRW thousand units based on franchise disclosure conventions.
area_industry_average_out,2022,울산,음료 (커피 외),(단위 :천원),294118,294118000,14418,14418000,FTC franchise API raw amount values are assumed to be in KRW thousand units based on franchise disclosure conventions.
area_industry_average_out,2022,대전,음료 (커피 외),(단위 :천원),161704,161704000,11164,11164000,FTC franchise API raw amount values are assumed to be in KRW thousand units based on franchise disclosure conventions.
area_industry_average_out,2022,광주,음료 (커피 외),(단위 :천원),125745,125745000,7637,7637000,FTC franchise API raw amount values are assumed to be in KRW thousand units based on franchise disclosure conventions.
area_industry_average_out,2022,인천,음료 (커피 외),(단위 :천원),136374,136374000,9839,9839000,FTC franchise API raw amount values are assumed to be in KRW thousand units based on franchise disclosure conventions.
area_industry_average_out,2022,울산,피자,(단위 :천원),237473,237473000,14768,14768000,FTC franchise API raw amount values are assumed to be in KRW thousand units based on franchise disclosure conventions.
area_industry_average_out,2022,세종,제과제빵,(단위 :천원),425897,425897000,18219,18219000,FTC franchise API raw amount values are assumed to be in KRW thousand units based on franchise disclosure conventions.
area_industry_average_out,2022,제주,제과제빵,(단위 :천원),389249,389249000,14751,14751000,FTC franchise API raw amount values are assumed to be in KRW thousand units based on franchise disclosure conventions.
area_industry_average_out,2022,경남,제과제빵,(단위 :천원),189374,189374000,14820,14820000,FTC franchise API raw amount values are assumed to be in KRW thousand units based on franchise disclosure conventions.
area_industry_average_out,2022,경북,제과제빵,(단위 :천원),248891,248891000,13084,13084000,FTC franchise API raw amount values are assumed to be in KRW thousand units based on franchise disclosure conventions.
area_industry_average_out,2022,전남,제과제빵,(단위 :천원),257739,257739000,13049,13049000,FTC franchise API raw amount values are assumed to be in KRW thousand units based on franchise disclosure conventions.
area_industry_average_out,2022,전북,제과제빵,(단위 :천원),257084,257084000,15449,15449000,FTC franchise API raw amount values are assumed to be in KRW thousand units based on franchise disclosure conventions.
area_industry_average_out,2022,충남,제과제빵,(단위 :천원),295172,295172000,14893,14893000,FTC franchise API raw amount values are assumed to be in KRW thousand units based on franchise disclosure conventions.
area_industry_average_out,2022,충북,제과제빵,(단위 :천원),244643,244643000,16161,16161000,FTC franchise API raw amount values are assumed to be in KRW thousand units based on franchise disclosure conventions.
area_industry_average_out,2022,강원,제과제빵,(단위 :천원),274975,274975000,13984,13984000,FTC franchise API raw amount values are assumed to be in KRW thousand units based on franchise disclosure conventions.
area_industry_average_out,2022,경기,제과제빵,(단위 :천원),243610,243610000,13756,13756000,FTC franchise API raw amount values are assumed to be in KRW thousand units based on franchise disclosure conventions.
area_industry_average_out,2022,울산,제과제빵,(단위 :천원),314400,314400000,16014,16014000,FTC franchise API raw amount values are assumed to be in KRW thousand units based on franchise disclosure conventions.
area_industry_average_out,2022,대전,제과제빵,(단위 :천원),275544,275544000,13304,13304000,FTC franchise API raw amount values are assumed to be in KRW thousand units based on franchise disclosure conventions.
area_industry_average_out,2022,광주,제과제빵,(단위 :천원),334442,334442000,18353,18353000,FTC franchise API raw amount values are assumed to be in KRW thousand units based on franchise disclosure conventions.
area_industry_average_out,2022,인천,제과제빵,(단위 :천원),286316,286316000,18789,18789000,FTC franchise API raw amount values are assumed to be in KRW thousand units based on franchise disclosure conventions.
area_industry_average_out,2022,대구,제과제빵,(단위 :천원),272788,272788000,17140,17140000,FTC franchise API raw amount values are assumed to be in KRW thousand units based on franchise disclosure conventions.
area_industry_average_out,2022,부산,제과제빵,(단위 :천원),247290,247290000,15510,15510000,FTC franchise API raw amount values are assumed to be in KRW thousand units based on franchise disclosure conventions.
area_industry_average_out,2022,세종,주점,(단위 :천원),163382,163382000,11893,11893000,FTC franchise API raw amount values are assumed to be in KRW thousand units based on franchise disclosure conventions.
area_industry_average_out,2022,제주,주점,(단위 :천원),174211,174211000,5780,5780000,FTC franchise API raw amount values are assumed to be in KRW thousand units based on franchise disclosure conventions.
area_industry_average_out,2022,경남,주점,(단위 :천원),146884,146884000,5191,5191000,FTC franchise API raw amount values are assumed to be in KRW thousand units based on franchise disclosure conventions.
area_industry_average_out,2022,경북,주점,(단위 :천원),142724,142724000,5997,5997000,FTC franchise API raw amount values are assumed to be in KRW thousand units based on franchise disclosure conventions.
area_industry_average_out,2022,전남,주점,(단위 :천원),112015,112015000,5402,5402000,FTC franchise API raw amount values are assumed to be in KRW thousand units based on franchise disclosure conventions.
area_industry_average_out,2022,전북,주점,(단위 :천원),198712,198712000,6746,6746000,FTC franchise API raw amount values are assumed to be in KRW thousand units based on franchise disclosure conventions.
area_industry_average_out,2022,경기,피자,(단위 :천원),257983,257983000,16813,16813000,FTC franchise API raw amount values are assumed to be in KRW thousand units based on franchise disclosure conventions.
area_industry_average_out,2022,세종,서양식,(단위 :천원),0,0,0,0,FTC franchise API raw amount values are assumed to be in KRW thousand units based on franchise disclosure conventions.
area_industry_average_out,2022,제주,서양식,(단위 :천원),642177,642177000,7282,7282000,FTC franchise API raw amount values are assumed to be in KRW thousand units based on franchise disclosure conventions.
area_industry_average_out,2022,경남,서양식,(단위 :천원),238954,238954000,9573,9573000,FTC franchise API raw amount values are assumed to be in KRW thousand units based on franchise disclosure conventions.
area_industry_average_out,2022,경북,서양식,(단위 :천원),316426,316426000,11928,11928000,FTC franchise API raw amount values are assumed to be in KRW thousand units based on franchise disclosure conventions.
area_industry_average_out,2022,전남,서양식,(단위 :천원),236693,236693000,9929,9929000,FTC franchise API raw amount values are assumed to be in KRW thousand units based on franchise disclosure conventions.
area_industry_average_out,2022,전북,서양식,(단위 :천원),372985,372985000,11312,11312000,FTC franchise API raw amount values are assumed to be in KRW thousand units based on franchise disclosure conventions.
area_industry_average_out,2022,충남,서양식,(단위 :천원),430595,430595000,8199,8199000,FTC franchise API raw amount values are assumed to be in KRW thousand units based on franchise disclosure conventions.
area_industry_average_out,2022,충북,서양식,(단위 :천원),1,1000,0,0,FTC franchise API raw amount values are assumed to be in KRW thousand units based on franchise disclosure conventions.
area_industry_average_out,2022,강원,서양식,(단위 :천원),276387,276387000,12078,12078000,FTC franchise API raw amount values are assumed to be in KRW thousand units based on franchise disclosure conventions.
area_industry_average_out,2022,경기,서양식,(단위 :천원),325832,325832000,13996,13996000,FTC franchise API raw amount values are assumed to be in KRW thousand units based on franchise disclosure conventions.
area_industry_average_out,2022,울산,서양식,(단위 :천원),0,0,0,0,FTC franchise API raw amount values are assumed to be in KRW thousand units based on franchise disclosure conventions.
area_industry_average_out,2022,대전,서양식,(단위 :천원),347234,347234000,15406,15406000,FTC franchise API raw amount values are assumed to be in KRW thousand units based on franchise disclosure conventions.
area_industry_average_out,2022,광주,서양식,(단위 :천원),573475,573475000,14213,14213000,FTC franchise API raw amount values are assumed to be in KRW thousand units based on franchise disclosure conventions.
area_industry_average_out,2022,인천,서양식,(단위 :천원),373453,373453000,19486,19486000,FTC franchise API raw amount values are assumed to be in KRW thousand units based on franchise disclosure conventions.
area_industry_average_out,2022,대구,서양식,(단위 :천원),363083,363083000,14142,14142000,FTC franchise API raw amount values are assumed to be in KRW thousand units based on franchise disclosure conventions.
area_industry_average_out,2022,부산,서양식,(단위 :천원),299340,299340000,12321,12321000,FTC franchise API raw amount values are assumed to be in KRW thousand units based on franchise disclosure conventions.
area_industry_average_out,2022,서울,서양식,(단위 :천원),386425,386425000,20452,20452000,FTC franchise API raw amount values are assumed to be in KRW thousand units based on franchise disclosure conventions.
area_industry_average_out,2022,충남,주점,(단위 :천원),160546,160546000,5773,5773000,FTC franchise API raw amount values are assumed to be in KRW thousand units based on franchise disclosure conventions.
area_industry_average_out,2022,충북,주점,(단위 :천원),185263,185263000,6414,6414000,FTC franchise API raw amount values are assumed to be in KRW thousand units based on franchise disclosure conventions.
area_industry_average_out,2022,강원,주점,(단위 :천원),124151,124151000,4789,4789000,FTC franchise API raw amount values are assumed to be in KRW thousand units based on franchise disclosure conventions.
area_industry_average_out,2022,경기,주점,(단위 :천원),3044558,3044558000,79346,79346000,FTC franchise API raw amount values are assumed to be in KRW thousand units based on franchise disclosure conventions.
area_industry_average_out,2022,울산,주점,(단위 :천원),161762,161762000,5669,5669000,FTC franchise API raw amount values are assumed to be in KRW thousand units based on franchise disclosure conventions.
area_industry_average_out,2022,대전,주점,(단위 :천원),221120,221120000,6149,6149000,FTC franchise API raw amount values are assumed to be in KRW thousand units based on franchise disclosure conventions.
area_industry_average_out,2022,광주,주점,(단위 :천원),187656,187656000,5840,5840000,FTC franchise API raw amount values are assumed to be in KRW thousand units based on franchise disclosure conventions.
area_industry_average_out,2022,인천,주점,(단위 :천원),175618,175618000,5752,5752000,FTC franchise API raw amount values are assumed to be in KRW thousand units based on franchise disclosure conventions.
area_industry_average_out,2022,대구,주점,(단위 :천원),155555,155555000,6286,6286000,FTC franchise API raw amount values are assumed to be in KRW thousand units based on franchise disclosure conventions.
area_industry_average_out,2022,부산,주점,(단위 :천원),154302,154302000,6030,6030000,FTC franchise API raw amount values are assumed to be in KRW thousand units based on franchise disclosure conventions.
area_industry_average_out,2022,서울,주점,(단위 :천원),248697,248697000,7565,7565000,FTC franchise API raw amount values are assumed to be in KRW thousand units based on franchise disclosure conventions.
area_industry_average_out,2022,세종,음료 (커피 외),(단위 :천원),260734,260734000,14513,14513000,FTC franchise API raw amount values are assumed to be in KRW thousand units based on franchise disclosure conventions.
area_industry_average_out,2022,경북,일식,(단위 :천원),690819,690819000,12046,12046000,FTC franchise API raw amount values are assumed to be in KRW thousand units based on franchise disclosure conventions.
area_industry_average_out,2022,전남,일식,(단위 :천원),71543,71543000,5632,5632000,FTC franchise API raw amount values are assumed to be in KRW thousand units based on franchise disclosure conventions.
area_industry_average_out,2022,전북,일식,(단위 :천원),93500,93500000,5999,5999000,FTC franchise API raw amount values are assumed to be in KRW thousand units based on franchise disclosure conventions.
area_industry_average_out,2022,충남,일식,(단위 :천원),420968,420968000,13206,13206000,FTC franchise API raw amount values are assumed to be in KRW thousand units based on franchise disclosure conventions.
area_industry_average_out,2022,충북,일식,(단위 :천원),323511,323511000,18342,18342000,FTC franchise API raw amount values are assumed to be in KRW thousand units based on franchise disclosure conventions.
area_industry_average_out,2022,강원,일식,(단위 :천원),1919722,1919722000,9516,9516000,FTC franchise API raw amount values are assumed to be in KRW thousand units based on franchise disclosure conventions.
area_industry_average_out,2022,경기,일식,(단위 :천원),477907,477907000,19481,19481000,FTC franchise API raw amount values are assumed to be in KRW thousand units based on franchise disclosure conventions.
area_industry_average_out,2022,울산,일식,(단위 :천원),292987,292987000,15152,15152000,FTC franchise API raw amount values are assumed to be in KRW thousand units based on franchise disclosure conventions.
area_industry_average_out,2022,대전,일식,(단위 :천원),293663,293663000,14853,14853000,FTC franchise API raw amount values are assumed to be in KRW thousand units based on franchise disclosure conventions.
area_industry_average_out,2022,광주,일식,(단위 :천원),788311,788311000,21595,21595000,FTC franchise API raw amount values are assumed to be in KRW thousand units based on franchise disclosure conventions.
area_industry_average_out,2022,인천,일식,(단위 :천원),657298,657298000,25467,25467000,FTC franchise API raw amount values are assumed to be in KRW thousand units based on franchise disclosure conventions.
area_industry_average_out,2022,대구,일식,(단위 :천원),273687,273687000,14392,14392000,FTC franchise API raw amount values are assumed to be in KRW thousand units based on franchise disclosure conventions.
area_industry_average_out,2022,부산,일식,(단위 :천원),393769,393769000,16001,16001000,FTC franchise API raw amount values are assumed to be in KRW thousand units based on franchise disclosure conventions.
area_industry_average_out,2022,서울,일식,(단위 :천원),451128,451128000,25027,25027000,FTC franchise API raw amount values are assumed to be in KRW thousand units based on franchise disclosure conventions.
area_industry_average_out,2022,세종,일식,(단위 :천원),484917,484917000,39318,39318000,FTC franchise API raw amount values are assumed to be in KRW thousand units based on franchise disclosure conventions.
area_industry_average_out,2022,제주,일식,(단위 :천원),177853,177853000,13551,13551000,FTC franchise API raw amount values are assumed to be in KRW thousand units based on franchise disclosure conventions.
area_industry_average_out,2022,경남,일식,(단위 :천원),644251,644251000,9526,9526000,FTC franchise API raw amount values are assumed to be in KRW thousand units based on franchise disclosure conventions.
area_industry_average_out,2022,세종,중식,(단위 :천원),0,0,0,0,FTC franchise API raw amount values are assumed to be in KRW thousand units based on franchise disclosure conventions.
area_industry_average_out,2022,제주,중식,(단위 :천원),219588,219588000,6644,6644000,FTC franchise API raw amount values are assumed to be in KRW thousand units based on franchise disclosure conventions.
area_industry_average_out,2022,경남,중식,(단위 :천원),269769,269769000,10582,10582000,FTC franchise API raw amount values are assumed to be in KRW thousand units based on franchise disclosure conventions.
area_industry_average_out,2022,경북,중식,(단위 :천원),345512,345512000,16017,16017000,FTC franchise API raw amount values are assumed to be in KRW thousand units based on franchise disclosure conventions.
area_industry_average_out,2022,전남,중식,(단위 :천원),610959,610959000,30548,30548000,FTC franchise API raw amount values are assumed to be in KRW thousand units based on franchise disclosure conventions.
area_industry_average_out,2022,전북,중식,(단위 :천원),554127,554127000,18303,18303000,FTC franchise API raw amount values are assumed to be in KRW thousand units based on franchise disclosure conventions.
area_industry_average_out,2022,충남,중식,(단위 :천원),469260,469260000,11797,11797000,FTC franchise API raw amount values are assumed to be in KRW thousand units based on franchise disclosure conventions.
area_industry_average_out,2022,충북,중식,(단위 :천원),440687,440687000,10769,10769000,FTC franchise API raw amount values are assumed to be in KRW thousand units based on franchise disclosure conventions.
area_industry_average_out,2022,강원,중식,(단위 :천원),425859,425859000,11658,11658000,FTC franchise API raw amount values are assumed to be in KRW thousand units based on franchise disclosure conventions.
area_industry_average_out,2022,경기,중식,(단위 :천원),427913,427913000,14681,14681000,FTC franchise API raw amount values are assumed to be in KRW thousand units based on franchise disclosure conventions.
area_industry_average_out,2022,울산,중식,(단위 :천원),340789,340789000,10690,10690000,FTC franchise API raw amount values are assumed to be in KRW thousand units based on franchise disclosure conventions.
area_industry_average_out,2022,대전,중식,(단위 :천원),538920,538920000,13673,13673000,FTC franchise API raw amount values are assumed to be in KRW thousand units based on franchise disclosure conventions.
area_industry_average_out,2022,광주,중식,(단위 :천원),426364,426364000,15048,15048000,FTC franchise API raw amount values are assumed to be in KRW thousand units based on franchise disclosure conventions.
area_industry_average_out,2022,인천,중식,(단위 :천원),438534,438534000,17514,17514000,FTC franchise API raw amount values are assumed to be in KRW thousand units based on franchise disclosure conventions.
area_industry_average_out,2022,대구,중식,(단위 :천원),326368,326368000,34325,34325000,FTC franchise API raw amount values are assumed to be in KRW thousand units based on franchise disclosure conventions.
area_industry_average_out,2022,부산,중식,(단위 :천원),418480,418480000,16883,16883000,FTC franchise API raw amount values are assumed to be in KRW thousand units based on franchise disclosure conventions.
area_industry_average_out,2022,서울,중식,(단위 :천원),601839,601839000,18731,18731000,FTC franchise API raw amount values are assumed to be in KRW thousand units based on franchise disclosure conventions.
area_industry_average_out,2022,세종,패스트푸드,(단위 :천원),621850,621850000,13635,13635000,FTC franchise API raw amount values are assumed to be in KRW thousand units based on franchise disclosure conventions.
area_industry_average_out,2022,제주,패스트푸드,(단위 :천원),603342,603342000,21154,21154000,FTC franchise API raw amount values are assumed to be in KRW thousand units based on franchise disclosure conventions.
area_industry_average_out,2022,경남,패스트푸드,(단위 :천원),645670,645670000,32921,32921000,FTC franchise API raw amount values are assumed to be in KRW thousand units based on franchise disclosure conventions.
area_industry_average_out,2022,경북,패스트푸드,(단위 :천원),435959,435959000,13711,13711000,FTC franchise API raw amount values are assumed to be in KRW thousand units based on franchise disclosure conventions.
area_industry_average_out,2022,전남,패스트푸드,(단위 :천원),2460309,2460309000,12238,12238000,FTC franchise API raw amount values are assumed to be in KRW thousand units based on franchise disclosure conventions.
area_industry_average_out,2022,전북,패스트푸드,(단위 :천원),417985,417985000,14205,14205000,FTC franchise API raw amount values are assumed to be in KRW thousand units based on franchise disclosure conventions.
area_industry_average_out,2022,충남,패스트푸드,(단위 :천원),547865,547865000,12260,12260000,FTC franchise API raw amount values are assumed to be in KRW thousand units based on franchise disclosure conventions.
area_industry_average_out,2022,충북,패스트푸드,(단위 :천원),648559,648559000,11739,11739000,FTC franchise API raw amount values are assumed to be in KRW thousand units based on franchise disclosure conventions.
area_industry_average_out,2022,강원,패스트푸드,(단위 :천원),250487,250487000,11779,11779000,FTC franchise API raw amount values are assumed to be in KRW thousand units based on franchise disclosure conventions.
area_industry_average_out,2022,경기,패스트푸드,(단위 :천원),424923,424923000,27322,27322000,FTC franchise API raw amount values are assumed to be in KRW thousand units based on franchise disclosure conventions.
area_industry_average_out,2022,울산,패스트푸드,(단위 :천원),380426,380426000,12272,12272000,FTC franchise API raw amount values are assumed to be in KRW thousand units based on franchise disclosure conventions.
area_industry_average_out,2022,대전,패스트푸드,(단위 :천원),289143,289143000,13778,13778000,FTC franchise API raw amount values are assumed to be in KRW thousand units based on franchise disclosure conventions.
area_industry_average_out,2022,광주,패스트푸드,(단위 :천원),792190,792190000,21388,21388000,FTC franchise API raw amount values are assumed to be in KRW thousand units based on franchise disclosure conventions.
area_industry_average_out,2022,인천,패스트푸드,(단위 :천원),778861,778861000,45019,45019000,FTC franchise API raw amount values are assumed to be in KRW thousand units based on franchise disclosure conventions.
area_industry_average_out,2022,대구,패스트푸드,(단위 :천원),653342,653342000,17451,17451000,FTC franchise API raw amount values are assumed to be in KRW thousand units based on franchise disclosure conventions.
area_industry_average_out,2022,부산,패스트푸드,(단위 :천원),434694,434694000,12580,12580000,FTC franchise API raw amount values are assumed to be in KRW thousand units based on franchise disclosure conventions.
area_industry_average_out,2022,서울,패스트푸드,(단위 :천원),433526,433526000,31094,31094000,FTC franchise API raw amount values are assumed to be in KRW thousand units based on franchise disclosure conventions.
area_industry_average_out,2022,대구,커피,(단위 :천원),157911,157911000,8202,8202000,FTC franchise API raw amount values are assumed to be in KRW thousand units based on franchise disclosure conventions.
area_industry_average_out,2022,부산,커피,(단위 :천원),155032,155032000,8851,8851000,FTC franchise API raw amount values are assumed to be in KRW thousand units based on franchise disclosure conventions.
area_industry_average_out,2022,서울,커피,(단위 :천원),173334,173334000,11137,11137000,FTC franchise API raw amount values are assumed to be in KRW thousand units based on franchise disclosure conventions.
area_industry_average_out,2022,세종,아이스크림/빙수 ,(단위 :천원),539898,539898000,26405,26405000,FTC franchise API raw amount values are assumed to be in KRW thousand units based on franchise disclosure conventions.
area_industry_average_out,2022,제주,아이스크림/빙수 ,(단위 :천원),333534,333534000,12154,12154000,FTC franchise API raw amount values are assumed to be in KRW thousand units based on franchise disclosure conventions.
area_industry_average_out,2022,경남,아이스크림/빙수 ,(단위 :천원),284535,284535000,13041,13041000,FTC franchise API raw amount values are assumed to be in KRW thousand units based on franchise disclosure conventions.
area_industry_average_out,2022,경북,아이스크림/빙수 ,(단위 :천원),229073,229073000,10806,10806000,FTC franchise API raw amount values are assumed to be in KRW thousand units based on franchise disclosure conventions.
area_industry_average_out,2022,전남,아이스크림/빙수 ,(단위 :천원),414823,414823000,14482,14482000,FTC franchise API raw amount values are assumed to be in KRW thousand units based on franchise disclosure conventions.
area_industry_average_out,2022,전북,아이스크림/빙수 ,(단위 :천원),327508,327508000,12091,12091000,FTC franchise API raw amount values are assumed to be in KRW thousand units based on franchise disclosure conventions.
area_industry_average_out,2022,충남,아이스크림/빙수 ,(단위 :천원),476872,476872000,16906,16906000,FTC franchise API raw amount values are assumed to be in KRW thousand units based on franchise disclosure conventions.
area_industry_average_out,2022,충북,아이스크림/빙수 ,(단위 :천원),452934,452934000,17738,17738000,FTC franchise API raw amount values are assumed to be in KRW thousand units based on franchise disclosure conventions.
area_industry_average_out,2022,강원,아이스크림/빙수 ,(단위 :천원),487234,487234000,18092,18092000,FTC franchise API raw amount values are assumed to be in KRW thousand units based on franchise disclosure conventions.
area_industry_average_out,2022,경기,아이스크림/빙수 ,(단위 :천원),249181,249181000,16255,16255000,FTC franchise API raw amount values are assumed to be in KRW thousand units based on franchise disclosure conventions.
area_industry_average_out,2022,울산,아이스크림/빙수 ,(단위 :천원),412138,412138000,16475,16475000,FTC franchise API raw amount values are assumed to be in KRW thousand units based on franchise disclosure conventions.
area_industry_average_out,2022,대전,아이스크림/빙수 ,(단위 :천원),548142,548142000,19096,19096000,FTC franchise API raw amount values are assumed to be in KRW thousand units based on franchise disclosure conventions.
area_industry_average_out,2022,광주,아이스크림/빙수 ,(단위 :천원),584894,584894000,20069,20069000,FTC franchise API raw amount values are assumed to be in KRW thousand units based on franchise disclosure conventions.
area_industry_average_out,2022,인천,아이스크림/빙수 ,(단위 :천원),392842,392842000,16971,16971000,FTC franchise API raw amount values are assumed to be in KRW thousand units based on franchise disclosure conventions.
area_industry_average_out,2022,대구,아이스크림/빙수 ,(단위 :천원),309352,309352000,13941,13941000,FTC franchise API raw amount values are assumed to be in KRW thousand units based on franchise disclosure conventions.
area_industry_average_out,2022,부산,아이스크림/빙수 ,(단위 :천원),370358,370358000,15158,15158000,FTC franchise API raw amount values are assumed to be in KRW thousand units based on franchise disclosure conventions.
area_industry_average_out,2022,서울,아이스크림/빙수 ,(단위 :천원),247197,247197000,15473,15473000,FTC franchise API raw amount values are assumed to be in KRW thousand units based on franchise disclosure conventions.
area_industry_average_out,2022,경남,커피,(단위 :천원),152485,152485000,18625,18625000,FTC franchise API raw amount values are assumed to be in KRW thousand units based on franchise disclosure conventions.
area_industry_average_out,2022,경북,커피,(단위 :천원),161860,161860000,7595,7595000,FTC franchise API raw amount values are assumed to be in KRW thousand units based on franchise disclosure conventions.
area_industry_average_out,2022,전남,커피,(단위 :천원),158359,158359000,6018,6018000,FTC franchise API raw amount values are assumed to be in KRW thousand units based on franchise disclosure conventions.
area_industry_average_out,2022,전북,커피,(단위 :천원),174778,174778000,6296,6296000,FTC franchise API raw amount values are assumed to be in KRW thousand units based on franchise disclosure conventions.
area_industry_average_out,2022,충남,커피,(단위 :천원),182979,182979000,7948,7948000,FTC franchise API raw amount values are assumed to be in KRW thousand units based on franchise disclosure conventions.
area_industry_average_out,2022,충북,커피,(단위 :천원),154913,154913000,6437,6437000,FTC franchise API raw amount values are assumed to be in KRW thousand units based on franchise disclosure conventions.
area_industry_average_out,2022,강원,커피,(단위 :천원),171923,171923000,6763,6763000,FTC franchise API raw amount values are assumed to be in KRW thousand units based on franchise disclosure conventions.
area_industry_average_out,2022,경기,커피,(단위 :천원),158715,158715000,9061,9061000,FTC franchise API raw amount values are assumed to be in KRW thousand units based on franchise disclosure conventions.
area_industry_average_out,2022,울산,커피,(단위 :천원),149368,149368000,7433,7433000,FTC franchise API raw amount values are assumed to be in KRW thousand units based on franchise disclosure conventions.
area_industry_average_out,2022,대전,커피,(단위 :천원),163757,163757000,7285,7285000,FTC franchise API raw amount values are assumed to be in KRW thousand units based on franchise disclosure conventions.
area_industry_average_out,2022,광주,커피,(단위 :천원),202473,202473000,7691,7691000,FTC franchise API raw amount values are assumed to be in KRW thousand units based on franchise disclosure conventions.
area_industry_average_out,2022,인천,커피,(단위 :천원),161067,161067000,9243,9243000,FTC franchise API raw amount values are assumed to be in KRW thousand units based on franchise disclosure conventions.
area_industry_average_out,2022,세종,기타 외식,(단위 :천원),332910,332910000,22850,22850000,FTC franchise API raw amount values are assumed to be in KRW thousand units based on franchise disclosure conventions.
area_industry_average_out,2022,제주,기타 외식,(단위 :천원),227223,227223000,10114,10114000,FTC franchise API raw amount values are assumed to be in KRW thousand units based on franchise disclosure conventions.
area_industry_average_out,2022,경남,기타 외식,(단위 :천원),184595,184595000,9194,9194000,FTC franchise API raw amount values are assumed to be in KRW thousand units based on franchise disclosure conventions.
area_industry_average_out,2022,경북,기타 외식,(단위 :천원),182415,182415000,6771,6771000,FTC franchise API raw amount values are assumed to be in KRW thousand units based on franchise disclosure conventions.
area_industry_average_out,2022,전남,기타 외식,(단위 :천원),206876,206876000,8798,8798000,FTC franchise API raw amount values are assumed to be in KRW thousand units based on franchise disclosure conventions.
area_industry_average_out,2022,전북,기타 외식,(단위 :천원),214324,214324000,10494,10494000,FTC franchise API raw amount values are assumed to be in KRW thousand units based on franchise disclosure conventions.
area_industry_average_out,2022,충남,기타 외식,(단위 :천원),198895,198895000,8711,8711000,FTC franchise API raw amount values are assumed to be in KRW thousand units based on franchise disclosure conventions.
area_industry_average_out,2022,충북,기타 외식,(단위 :천원),207329,207329000,10028,10028000,FTC franchise API raw amount values are assumed to be in KRW thousand units based on franchise disclosure conventions.
area_industry_average_out,2022,강원,기타 외식,(단위 :천원),211199,211199000,9899,9899000,FTC franchise API raw amount values are assumed to be in KRW thousand units based on franchise disclosure conventions.
area_industry_average_out,2022,경기,기타 외식,(단위 :천원),264017,264017000,11645,11645000,FTC franchise API raw amount values are assumed to be in KRW thousand units based on franchise disclosure conventions.
area_industry_average_out,2022,울산,기타 외식,(단위 :천원),228359,228359000,8660,8660000,FTC franchise API raw amount values are assumed to be in KRW thousand units based on franchise disclosure conventions.
area_industry_average_out,2022,대전,기타 외식,(단위 :천원),203532,203532000,11039,11039000,FTC franchise API raw amount values are assumed to be in KRW thousand units based on franchise disclosure conventions.
area_industry_average_out,2022,광주,기타 외식,(단위 :천원),243545,243545000,10906,10906000,FTC franchise API raw amount values are assumed to be in KRW thousand units based on franchise disclosure conventions.
area_industry_average_out,2022,인천,기타 외식,(단위 :천원),250133,250133000,12617,12617000,FTC franchise API raw amount values are assumed to be in KRW thousand units based on franchise disclosure conventions.
area_industry_average_out,2022,대구,기타 외식,(단위 :천원),258168,258168000,9162,9162000,FTC franchise API raw amount values are assumed to be in KRW thousand units based on franchise disclosure conventions.
area_industry_average_out,2022,부산,기타 외식,(단위 :천원),237858,237858000,10425,10425000,FTC franchise API raw amount values are assumed to be in KRW thousand units based on franchise disclosure conventions.
area_industry_average_out,2022,서울,기타 외식,(단위 :천원),328057,328057000,15559,15559000,FTC franchise API raw amount values are assumed to be in KRW thousand units based on franchise disclosure conventions.
area_industry_average_out,2022,대구,음료 (커피 외),(단위 :천원),203738,203738000,13087,13087000,FTC franchise API raw amount values are assumed to be in KRW thousand units based on franchise disclosure conventions.
area_industry_average_out,2022,부산,음료 (커피 외),(단위 :천원),181303,181303000,10115,10115000,FTC franchise API raw amount values are assumed to be in KRW thousand units based on franchise disclosure conventions.
area_industry_average_out,2022,서울,음료 (커피 외),(단위 :천원),146593,146593000,12050,12050000,FTC franchise API raw amount values are assumed to be in KRW thousand units based on franchise disclosure conventions.
area_industry_average_out,2022,강원,음료 (커피 외),(단위 :천원),123883,123883000,8043,8043000,FTC franchise API raw amount values are assumed to be in KRW thousand units based on franchise disclosure conventions.
area_industry_average_out,2022,세종,커피,(단위 :천원),273142,273142000,9170,9170000,FTC franchise API raw amount values are assumed to be in KRW thousand units based on franchise disclosure conventions.
area_industry_average_out,2022,제주,커피,(단위 :천원),213231,213231000,6718,6718000,FTC franchise API raw amount values are assumed to be in KRW thousand units based on franchise disclosure conventions.
area_industry_average_out,2022,충남,분식,(단위 :천원),187706,187706000,12291,12291000,FTC franchise API raw amount values are assumed to be in KRW thousand units based on franchise disclosure conventions.
area_industry_average_out,2022,충북,분식,(단위 :천원),180690,180690000,11989,11989000,FTC franchise API raw amount values are assumed to be in KRW thousand units based on franchise disclosure conventions.
area_industry_average_out,2022,강원,분식,(단위 :천원),211161,211161000,14525,14525000,FTC franchise API raw amount values are assumed to be in KRW thousand units based on franchise disclosure conventions.
area_industry_average_out,2022,경기,분식,(단위 :천원),206766,206766000,16017,16017000,FTC franchise API raw amount values are assumed to be in KRW thousand units based on franchise disclosure conventions.
area_industry_average_out,2022,울산,분식,(단위 :천원),208185,208185000,12211,12211000,FTC franchise API raw amount values are assumed to be in KRW thousand units based on franchise disclosure conventions.
area_industry_average_out,2022,대전,분식,(단위 :천원),216136,216136000,13629,13629000,FTC franchise API raw amount values are assumed to be in KRW thousand units based on franchise disclosure conventions.
area_industry_average_out,2022,광주,분식,(단위 :천원),222026,222026000,14691,14691000,FTC franchise API raw amount values are assumed to be in KRW thousand units based on franchise disclosure conventions.
area_industry_average_out,2022,인천,분식,(단위 :천원),230049,230049000,15037,15037000,FTC franchise API raw amount values are assumed to be in KRW thousand units based on franchise disclosure conventions.
area_industry_average_out,2022,대구,분식,(단위 :천원),202718,202718000,15231,15231000,FTC franchise API raw amount values are assumed to be in KRW thousand units based on franchise disclosure conventions.
area_industry_average_out,2022,부산,분식,(단위 :천원),186494,186494000,14052,14052000,FTC franchise API raw amount values are assumed to be in KRW thousand units based on franchise disclosure conventions.
area_industry_average_out,2022,서울,분식,(단위 :천원),236444,236444000,18557,18557000,FTC franchise API raw amount values are assumed to be in KRW thousand units based on franchise disclosure conventions.
area_industry_average_out,2022,세종,기타 외국식,(단위 :천원),0,0,0,0,FTC franchise API raw amount values are assumed to be in KRW thousand units based on franchise disclosure conventions.
area_industry_average_out,2022,제주,기타 외국식,(단위 :천원),0,0,0,0,FTC franchise API raw amount values are assumed to be in KRW thousand units based on franchise disclosure conventions.
area_industry_average_out,2022,경남,기타 외국식,(단위 :천원),185104,185104000,5274,5274000,FTC franchise API raw amount values are assumed to be in KRW thousand units based on franchise disclosure conventions.
area_industry_average_out,2022,경북,기타 외국식,(단위 :천원),132314,132314000,7381,7381000,FTC franchise API raw amount values are assumed to be in KRW thousand units based on franchise disclosure conventions.
area_industry_average_out,2022,전남,기타 외국식,(단위 :천원),544998,544998000,4999,4999000,FTC franchise API raw amount values are assumed to be in KRW thousand units based on franchise disclosure conventions.
area_industry_average_out,2022,전북,기타 외국식,(단위 :천원),59977,59977000,3448,3448000,FTC franchise API raw amount values are assumed to be in KRW thousand units based on franchise disclosure conventions.
area_industry_average_out,2022,충남,기타 외국식,(단위 :천원),279596,279596000,9592,9592000,FTC franchise API raw amount values are assumed to be in KRW thousand units based on franchise disclosure conventions.
area_industry_average_out,2022,충북,기타 외국식,(단위 :천원),262429,262429000,10199,10199000,FTC franchise API raw amount values are assumed to be in KRW thousand units based on franchise disclosure conventions.
area_industry_average_out,2022,강원,기타 외국식,(단위 :천원),360566,360566000,13552,13552000,FTC franchise API raw amount values are assumed to be in KRW thousand units based on franchise disclosure conventions.
area_industry_average_out,2022,경기,기타 외국식,(단위 :천원),257016,257016000,16210,16210000,FTC franchise API raw amount values are assumed to be in KRW thousand units based on franchise disclosure conventions.
area_industry_average_out,2022,울산,기타 외국식,(단위 :천원),78583,78583000,3172,3172000,FTC franchise API raw amount values are assumed to be in KRW thousand units based on franchise disclosure conventions.
area_industry_average_out,2022,대전,기타 외국식,(단위 :천원),184495,184495000,8317,8317000,FTC franchise API raw amount values are assumed to be in KRW thousand units based on franchise disclosure conventions.
area_industry_average_out,2022,광주,기타 외국식,(단위 :천원),118680,118680000,5889,5889000,FTC franchise API raw amount values are assumed to be in KRW thousand units based on franchise disclosure conventions.
area_industry_average_out,2022,인천,기타 외국식,(단위 :천원),282532,282532000,16409,16409000,FTC franchise API raw amount values are assumed to be in KRW thousand units based on franchise disclosure conventions.
area_industry_average_out,2022,제주,음료 (커피 외),(단위 :천원),212705,212705000,11222,11222000,FTC franchise API raw amount values are assumed to be in KRW thousand units based on franchise disclosure conventions.
area_industry_average_out,2022,경남,음료 (커피 외),(단위 :천원),146940,146940000,7753,7753000,FTC franchise API raw amount values are assumed to be in KRW thousand units based on franchise disclosure conventions.
area_industry_average_out,2022,경북,음료 (커피 외),(단위 :천원),192447,192447000,10291,10291000,FTC franchise API raw amount values are assumed to be in KRW thousand units based on franchise disclosure conventions.
area_industry_average_out,2022,전남,음료 (커피 외),(단위 :천원),126979,126979000,6328,6328000,FTC franchise API raw amount values are assumed to be in KRW thousand units based on franchise disclosure conventions.
area_industry_average_out,2022,전북,음료 (커피 외),(단위 :천원),120650,120650000,8556,8556000,FTC franchise API raw amount values are assumed to be in KRW thousand units based on franchise disclosure conventions.
area_industry_average_out,2022,충남,음료 (커피 외),(단위 :천원),116955,116955000,6853,6853000,FTC franchise API raw amount values are assumed to be in KRW thousand units based on franchise disclosure conventions.
area_industry_average_out,2022,충북,음료 (커피 외),(단위 :천원),189919,189919000,11852,11852000,FTC franchise API raw amount values are assumed to be in KRW thousand units based on franchise disclosure conventions.
area_industry_average_out,2022,세종,한식,(단위 :천원),333072,333072000,18732,18732000,FTC franchise API raw amount values are assumed to be in KRW thousand units based on franchise disclosure conventions.
area_industry_average_out,2022,제주,한식,(단위 :천원),213393,213393000,38088,38088000,FTC franchise API raw amount values are assumed to be in KRW thousand units based on franchise disclosure conventions.
area_industry_average_out,2022,경남,한식,(단위 :천원),223158,223158000,8098,8098000,FTC franchise API raw amount values are assumed to be in KRW thousand units based on franchise disclosure conventions.
area_industry_average_out,2022,경북,한식,(단위 :천원),242712,242712000,7659,7659000,FTC franchise API raw amount values are assumed to be in KRW thousand units based on franchise disclosure conventions.
area_industry_average_out,2022,전남,한식,(단위 :천원),276690,276690000,9559,9559000,FTC franchise API raw amount values are assumed to be in KRW thousand units based on franchise disclosure conventions.
area_industry_average_out,2022,전북,한식,(단위 :천원),263671,263671000,8089,8089000,FTC franchise API raw amount values are assumed to be in KRW thousand units based on franchise disclosure conventions.
area_industry_average_out,2022,충남,한식,(단위 :천원),296718,296718000,10573,10573000,FTC franchise API raw amount values are assumed to be in KRW thousand units based on franchise disclosure conventions.
area_industry_average_out,2022,충북,한식,(단위 :천원),285473,285473000,10294,10294000,FTC franchise API raw amount values are assumed to be in KRW thousand units based on franchise disclosure conventions.
area_industry_average_out,2022,강원,한식,(단위 :천원),234244,234244000,9758,9758000,FTC franchise API raw amount values are assumed to be in KRW thousand units based on franchise disclosure conventions.
area_industry_average_out,2022,경기,한식,(단위 :천원),271462,271462000,11502,11502000,FTC franchise API raw amount values are assumed to be in KRW thousand units based on franchise disclosure conventions.
area_industry_average_out,2022,울산,한식,(단위 :천원),310165,310165000,10479,10479000,FTC franchise API raw amount values are assumed to be in KRW thousand units based on franchise disclosure conventions.
area_industry_average_out,2022,대전,한식,(단위 :천원),262955,262955000,10739,10739000,FTC franchise API raw amount values are assumed to be in KRW thousand units based on franchise disclosure conventions.
area_industry_average_out,2022,광주,한식,(단위 :천원),277972,277972000,11067,11067000,FTC franchise API raw amount values are assumed to be in KRW thousand units based on franchise disclosure conventions.
area_industry_average_out,2022,인천,한식,(단위 :천원),295680,295680000,13520,13520000,FTC franchise API raw amount values are assumed to be in KRW thousand units based on franchise disclosure conventions.
area_industry_average_out,2022,대구,한식,(단위 :천원),291094,291094000,11268,11268000,FTC franchise API raw amount values are assumed to be in KRW thousand units based on franchise disclosure conventions.
area_industry_average_out,2022,부산,한식,(단위 :천원),274383,274383000,9709,9709000,FTC franchise API raw amount values are assumed to be in KRW thousand units based on franchise disclosure conventions.
area_industry_average_out,2022,서울,한식,(단위 :천원),329158,329158000,14565,14565000,FTC franchise API raw amount values are assumed to be in KRW thousand units based on franchise disclosure conventions.
area_industry_average_out,2022,세종,분식,(단위 :천원),203789,203789000,14926,14926000,FTC franchise API raw amount values are assumed to be in KRW thousand units based on franchise disclosure conventions.
area_industry_average_out,2022,제주,분식,(단위 :천원),170969,170969000,13624,13624000,FTC franchise API raw amount values are assumed to be in KRW thousand units based on franchise disclosure conventions.
area_industry_average_out,2022,경남,분식,(단위 :천원),166557,166557000,10976,10976000,FTC franchise API raw amount values are assumed to be in KRW thousand units based on franchise disclosure conventions.
area_industry_average_out,2022,경북,분식,(단위 :천원),189317,189317000,14760,14760000,FTC franchise API raw amount values are assumed to be in KRW thousand units based on franchise disclosure conventions.
area_industry_average_out,2022,전남,분식,(단위 :천원),215629,215629000,12765,12765000,FTC franchise API raw amount values are assumed to be in KRW thousand units based on franchise disclosure conventions.
area_industry_average_out,2022,전북,분식,(단위 :천원),227957,227957000,13485,13485000,FTC franchise API raw amount values are assumed to be in KRW thousand units based on franchise disclosure conventions.
area_industry_average_out,2023,충북,일식,(단위 :천원),277355,277355000,13372,13372000,FTC franchise API raw amount values are assumed to be in KRW thousand units based on franchise disclosure conventions.
area_industry_average_out,2023,강원,일식,(단위 :천원),76277,76277000,5260,5260000,FTC franchise API raw amount values are assumed to be in KRW thousand units based on franchise disclosure conventions.
area_industry_average_out,2023,경기,일식,(단위 :천원),444290,444290000,18527,18527000,FTC franchise API raw amount values are assumed to be in KRW thousand units based on franchise disclosure conventions.
area_industry_average_out,2023,울산,일식,(단위 :천원),218281,218281000,13956,13956000,FTC franchise API raw amount values are assumed to be in KRW thousand units based on franchise disclosure conventions.
area_industry_average_out,2023,대전,일식,(단위 :천원),697972,697972000,13160,13160000,FTC franchise API raw amount values are assumed to be in KRW thousand units based on franchise disclosure conventions.
area_industry_average_out,2023,광주,일식,(단위 :천원),670602,670602000,19547,19547000,FTC franchise API raw amount values are assumed to be in KRW thousand units based on franchise disclosure conventions.
area_industry_average_out,2023,인천,일식,(단위 :천원),717457,717457000,18215,18215000,FTC franchise API raw amount values are assumed to be in KRW thousand units based on franchise disclosure conventions.
area_industry_average_out,2023,대구,일식,(단위 :천원),255422,255422000,21190,21190000,FTC franchise API raw amount values are assumed to be in KRW thousand units based on franchise disclosure conventions.
area_industry_average_out,2023,경남,음료 (커피 외),(단위 :천원),146820,146820000,8719,8719000,FTC franchise API raw amount values are assumed to be in KRW thousand units based on franchise disclosure conventions.
area_industry_average_out,2023,경북,음료 (커피 외),(단위 :천원),162955,162955000,9241,9241000,FTC franchise API raw amount values are assumed to be in KRW thousand units based on franchise disclosure conventions.
area_industry_average_out,2023,전남,음료 (커피 외),(단위 :천원),110038,110038000,5124,5124000,FTC franchise API raw amount values are assumed to be in KRW thousand units based on franchise disclosure conventions.
area_industry_average_out,2023,전북,음료 (커피 외),(단위 :천원),121880,121880000,8664,8664000,FTC franchise API raw amount values are assumed to be in KRW thousand units based on franchise disclosure conventions.
area_industry_average_out,2023,충남,음료 (커피 외),(단위 :천원),163857,163857000,8798,8798000,FTC franchise API raw amount values are assumed to be in KRW thousand units based on franchise disclosure conventions.
area_industry_average_out,2023,충북,음료 (커피 외),(단위 :천원),173483,173483000,9992,9992000,FTC franchise API raw amount values are assumed to be in KRW thousand units based on franchise disclosure conventions.
area_industry_average_out,2023,강원,음료 (커피 외),(단위 :천원),95143,95143000,8961,8961000,FTC franchise API raw amount values are assumed to be in KRW thousand units based on franchise disclosure conventions.
area_industry_average_out,2023,경기,음료 (커피 외),(단위 :천원),169552,169552000,12535,12535000,FTC franchise API raw amount values are assumed to be in KRW thousand units based on franchise disclosure conventions.
area_industry_average_out,2023,울산,음료 (커피 외),(단위 :천원),340693,340693000,12708,12708000,FTC franchise API raw amount values are assumed to be in KRW thousand units based on franchise disclosure conventions.
area_industry_average_out,2023,대전,음료 (커피 외),(단위 :천원),187169,187169000,10393,10393000,FTC franchise API raw amount values are assumed to be in KRW thousand units based on franchise disclosure conventions.
area_industry_average_out,2023,광주,음료 (커피 외),(단위 :천원),293142,293142000,12635,12635000,FTC franchise API raw amount values are assumed to be in KRW thousand units based on franchise disclosure conventions.
area_industry_average_out,2023,인천,음료 (커피 외),(단위 :천원),203142,203142000,12630,12630000,FTC franchise API raw amount values are assumed to be in KRW thousand units based on franchise disclosure conventions.
area_industry_average_out,2023,대구,음료 (커피 외),(단위 :천원),208131,208131000,12866,12866000,FTC franchise API raw amount values are assumed to be in KRW thousand units based on franchise disclosure conventions.
area_industry_average_out,2023,부산,음료 (커피 외),(단위 :천원),165958,165958000,10270,10270000,FTC franchise API raw amount values are assumed to be in KRW thousand units based on franchise disclosure conventions.
area_industry_average_out,2023,서울,음료 (커피 외),(단위 :천원),193386,193386000,13272,13272000,FTC franchise API raw amount values are assumed to be in KRW thousand units based on franchise disclosure conventions.
area_industry_average_out,2023,세종,커피,(단위 :천원),220435,220435000,9357,9357000,FTC franchise API raw amount values are assumed to be in KRW thousand units based on franchise disclosure conventions.
area_industry_average_out,2023,제주,커피,(단위 :천원),261949,261949000,9878,9878000,FTC franchise API raw amount values are assumed to be in KRW thousand units based on franchise disclosure conventions.
area_industry_average_out,2023,경남,커피,(단위 :천원),140900,140900000,9052,9052000,FTC franchise API raw amount values are assumed to be in KRW thousand units based on franchise disclosure conventions.
area_industry_average_out,2023,경북,커피,(단위 :천원),151461,151461000,8235,8235000,FTC franchise API raw amount values are assumed to be in KRW thousand units based on franchise disclosure conventions.
area_industry_average_out,2023,전남,커피,(단위 :천원),138587,138587000,7238,7238000,FTC franchise API raw amount values are assumed to be in KRW thousand units based on franchise disclosure conventions.
area_industry_average_out,2023,전북,커피,(단위 :천원),182410,182410000,7460,7460000,FTC franchise API raw amount values are assumed to be in KRW thousand units based on franchise disclosure conventions.
area_industry_average_out,2023,충남,커피,(단위 :천원),182366,182366000,8651,8651000,FTC franchise API raw amount values are assumed to be in KRW thousand units based on franchise disclosure conventions.
area_industry_average_out,2023,충북,커피,(단위 :천원),164827,164827000,9624,9624000,FTC franchise API raw amount values are assumed to be in KRW thousand units based on franchise disclosure conventions.
area_industry_average_out,2023,강원,커피,(단위 :천원),177808,177808000,8415,8415000,FTC franchise API raw amount values are assumed to be in KRW thousand units based on franchise disclosure conventions.
area_industry_average_out,2023,경기,커피,(단위 :천원),165241,165241000,9897,9897000,FTC franchise API raw amount values are assumed to be in KRW thousand units based on franchise disclosure conventions.
area_industry_average_out,2023,울산,커피,(단위 :천원),174814,174814000,9834,9834000,FTC franchise API raw amount values are assumed to be in KRW thousand units based on franchise disclosure conventions.
area_industry_average_out,2023,대전,커피,(단위 :천원),176311,176311000,9551,9551000,FTC franchise API raw amount values are assumed to be in KRW thousand units based on franchise disclosure conventions.
area_industry_average_out,2023,제주,음료 (커피 외),(단위 :천원),228424,228424000,12656,12656000,FTC franchise API raw amount values are assumed to be in KRW thousand units based on franchise disclosure conventions.
area_industry_average_out,2023,세종,음료 (커피 외),(단위 :천원),276262,276262000,14215,14215000,FTC franchise API raw amount values are assumed to be in KRW thousand units based on franchise disclosure conventions.
area_industry_average_out,2023,세종,한식,(단위 :천원),378324,378324000,22312,22312000,FTC franchise API raw amount values are assumed to be in KRW thousand units based on franchise disclosure conventions.
area_industry_average_out,2023,제주,한식,(단위 :천원),291311,291311000,13863,13863000,FTC franchise API raw amount values are assumed to be in KRW thousand units based on franchise disclosure conventions.
area_industry_average_out,2023,경남,한식,(단위 :천원),251218,251218000,9117,9117000,FTC franchise API raw amount values are assumed to be in KRW thousand units based on franchise disclosure conventions.
area_industry_average_out,2023,경북,한식,(단위 :천원),256238,256238000,8465,8465000,FTC franchise API raw amount values are assumed to be in KRW thousand units based on franchise disclosure conventions.
area_industry_average_out,2023,전남,한식,(단위 :천원),267368,267368000,10157,10157000,FTC franchise API raw amount values are assumed to be in KRW thousand units based on franchise disclosure conventions.
area_industry_average_out,2023,전북,한식,(단위 :천원),344456,344456000,9784,9784000,FTC franchise API raw amount values are assumed to be in KRW thousand units based on franchise disclosure conventions.
area_industry_average_out,2023,충남,한식,(단위 :천원),289185,289185000,10619,10619000,FTC franchise API raw amount values are assumed to be in KRW thousand units based on franchise disclosure conventions.
area_industry_average_out,2023,충북,한식,(단위 :천원),272893,272893000,10449,10449000,FTC franchise API raw amount values are assumed to be in KRW thousand units based on franchise disclosure conventions.
area_industry_average_out,2023,강원,한식,(단위 :천원),261949,261949000,11906,11906000,FTC franchise API raw amount values are assumed to be in KRW thousand units based on franchise disclosure conventions.
area_industry_average_out,2023,경기,한식,(단위 :천원),349173,349173000,12966,12966000,FTC franchise API raw amount values are assumed to be in KRW thousand units based on franchise disclosure conventions.
area_industry_average_out,2023,울산,한식,(단위 :천원),336681,336681000,13391,13391000,FTC franchise API raw amount values are assumed to be in KRW thousand units based on franchise disclosure conventions.
area_industry_average_out,2023,대전,한식,(단위 :천원),356841,356841000,12519,12519000,FTC franchise API raw amount values are assumed to be in KRW thousand units based on franchise disclosure conventions.
area_industry_average_out,2023,광주,한식,(단위 :천원),279174,279174000,12372,12372000,FTC franchise API raw amount values are assumed to be in KRW thousand units based on franchise disclosure conventions.
area_industry_average_out,2023,인천,한식,(단위 :천원),341552,341552000,15758,15758000,FTC franchise API raw amount values are assumed to be in KRW thousand units based on franchise disclosure conventions.
area_industry_average_out,2023,대구,한식,(단위 :천원),312992,312992000,11887,11887000,FTC franchise API raw amount values are assumed to be in KRW thousand units based on franchise disclosure conventions.
area_industry_average_out,2023,부산,한식,(단위 :천원),303439,303439000,14339,14339000,FTC franchise API raw amount values are assumed to be in KRW thousand units based on franchise disclosure conventions.
area_industry_average_out,2023,서울,한식,(단위 :천원),421066,421066000,17802,17802000,FTC franchise API raw amount values are assumed to be in KRW thousand units based on franchise disclosure conventions.
area_industry_average_out,2023,광주,분식,(단위 :천원),255966,255966000,17536,17536000,FTC franchise API raw amount values are assumed to be in KRW thousand units based on franchise disclosure conventions.
area_industry_average_out,2023,인천,분식,(단위 :천원),236537,236537000,15863,15863000,FTC franchise API raw amount values are assumed to be in KRW thousand units based on franchise disclosure conventions.
area_industry_average_out,2023,대구,분식,(단위 :천원),236028,236028000,16160,16160000,FTC franchise API raw amount values are assumed to be in KRW thousand units based on franchise disclosure conventions.
area_industry_average_out,2023,부산,분식,(단위 :천원),196466,196466000,16984,16984000,FTC franchise API raw amount values are assumed to be in KRW thousand units based on franchise disclosure conventions.
area_industry_average_out,2023,서울,분식,(단위 :천원),295124,295124000,22633,22633000,FTC franchise API raw amount values are assumed to be in KRW thousand units based on franchise disclosure conventions.
area_industry_average_out,2023,경북,기타 외국식,(단위 :천원),344610,344610000,47370,47370000,FTC franchise API raw amount values are assumed to be in KRW thousand units based on franchise disclosure conventions.
area_industry_average_out,2023,전남,기타 외국식,(단위 :천원),72722,72722000,3107,3107000,FTC franchise API raw amount values are assumed to be in KRW thousand units based on franchise disclosure conventions.
area_industry_average_out,2023,전북,기타 외국식,(단위 :천원),96171,96171000,4038,4038000,FTC franchise API raw amount values are assumed to be in KRW thousand units based on franchise disclosure conventions.
area_industry_average_out,2023,충남,기타 외국식,(단위 :천원),310851,310851000,7925,7925000,FTC franchise API raw amount values are assumed to be in KRW thousand units based on franchise disclosure conventions.
area_industry_average_out,2023,충북,기타 외국식,(단위 :천원),262510,262510000,10161,10161000,FTC franchise API raw amount values are assumed to be in KRW thousand units based on franchise disclosure conventions.
area_industry_average_out,2023,강원,기타 외국식,(단위 :천원),275172,275172000,14636,14636000,FTC franchise API raw amount values are assumed to be in KRW thousand units based on franchise disclosure conventions.
area_industry_average_out,2023,경기,기타 외국식,(단위 :천원),375336,375336000,18804,18804000,FTC franchise API raw amount values are assumed to be in KRW thousand units based on franchise disclosure conventions.
area_industry_average_out,2023,세종,치킨,(단위 :천원),388592,388592000,22118,22118000,FTC franchise API raw amount values are assumed to be in KRW thousand units based on franchise disclosure conventions.
area_industry_average_out,2023,제주,치킨,(단위 :천원),279507,279507000,13751,13751000,FTC franchise API raw amount values are assumed to be in KRW thousand units based on franchise disclosure conventions.
area_industry_average_out,2023,경남,치킨,(단위 :천원),178243,178243000,10574,10574000,FTC franchise API raw amount values are assumed to be in KRW thousand units based on franchise disclosure conventions.
area_industry_average_out,2023,경북,치킨,(단위 :천원),184579,184579000,11164,11164000,FTC franchise API raw amount values are assumed to be in KRW thousand units based on franchise disclosure conventions.
area_industry_average_out,2023,전남,치킨,(단위 :천원),223302,223302000,12209,12209000,FTC franchise API raw amount values are assumed to be in KRW thousand units based on franchise disclosure conventions.
area_industry_average_out,2023,전북,치킨,(단위 :천원),200422,200422000,10573,10573000,FTC franchise API raw amount values are assumed to be in KRW thousand units based on franchise disclosure conventions.
area_industry_average_out,2023,충남,치킨,(단위 :천원),220364,220364000,12006,12006000,FTC franchise API raw amount values are assumed to be in KRW thousand units based on franchise disclosure conventions.
area_industry_average_out,2023,충북,치킨,(단위 :천원),211945,211945000,11576,11576000,FTC franchise API raw amount values are assumed to be in KRW thousand units based on franchise disclosure conventions.
area_industry_average_out,2023,강원,치킨,(단위 :천원),190592,190592000,10370,10370000,FTC franchise API raw amount values are assumed to be in KRW thousand units based on franchise disclosure conventions.
area_industry_average_out,2023,경기,치킨,(단위 :천원),202859,202859000,12488,12488000,FTC franchise API raw amount values are assumed to be in KRW thousand units based on franchise disclosure conventions.
area_industry_average_out,2023,울산,치킨,(단위 :천원),215515,215515000,13508,13508000,FTC franchise API raw amount values are assumed to be in KRW thousand units based on franchise disclosure conventions.
area_industry_average_out,2023,대전,치킨,(단위 :천원),257917,257917000,14763,14763000,FTC franchise API raw amount values are assumed to be in KRW thousand units based on franchise disclosure conventions.
area_industry_average_out,2023,광주,치킨,(단위 :천원),260976,260976000,16961,16961000,FTC franchise API raw amount values are assumed to be in KRW thousand units based on franchise disclosure conventions.
area_industry_average_out,2023,인천,치킨,(단위 :천원),248820,248820000,14899,14899000,FTC franchise API raw amount values are assumed to be in KRW thousand units based on franchise disclosure conventions.
area_industry_average_out,2023,대구,치킨,(단위 :천원),236547,236547000,13502,13502000,FTC franchise API raw amount values are assumed to be in KRW thousand units based on franchise disclosure conventions.
area_industry_average_out,2023,부산,치킨,(단위 :천원),207814,207814000,13323,13323000,FTC franchise API raw amount values are assumed to be in KRW thousand units based on franchise disclosure conventions.
area_industry_average_out,2023,서울,치킨,(단위 :천원),272991,272991000,17141,17141000,FTC franchise API raw amount values are assumed to be in KRW thousand units based on franchise disclosure conventions.
area_industry_average_out,2023,대전,제과제빵,(단위 :천원),273075,273075000,14827,14827000,FTC franchise API raw amount values are assumed to be in KRW thousand units based on franchise disclosure conventions.
area_industry_average_out,2023,광주,제과제빵,(단위 :천원),323644,323644000,16856,16856000,FTC franchise API raw amount values are assumed to be in KRW thousand units based on franchise disclosure conventions.
area_industry_average_out,2023,인천,제과제빵,(단위 :천원),259569,259569000,18713,18713000,FTC franchise API raw amount values are assumed to be in KRW thousand units based on franchise disclosure conventions.
area_industry_average_out,2023,대구,제과제빵,(단위 :천원),307826,307826000,18027,18027000,FTC franchise API raw amount values are assumed to be in KRW thousand units based on franchise disclosure conventions.
area_industry_average_out,2023,부산,제과제빵,(단위 :천원),266965,266965000,15208,15208000,FTC franchise API raw amount values are assumed to be in KRW thousand units based on franchise disclosure conventions.
area_industry_average_out,2023,서울,제과제빵,(단위 :천원),345385,345385000,23574,23574000,FTC franchise API raw amount values are assumed to be in KRW thousand units based on franchise disclosure conventions.
area_industry_average_out,2023,세종,피자,(단위 :천원),127845,127845000,4722,4722000,FTC franchise API raw amount values are assumed to be in KRW thousand units based on franchise disclosure conventions.
area_industry_average_out,2023,제주,피자,(단위 :천원),274066,274066000,16606,16606000,FTC franchise API raw amount values are assumed to be in KRW thousand units based on franchise disclosure conventions.
area_industry_average_out,2023,경남,피자,(단위 :천원),209794,209794000,11754,11754000,FTC franchise API raw amount values are assumed to be in KRW thousand units based on franchise disclosure conventions.
area_industry_average_out,2023,경북,피자,(단위 :천원),219848,219848000,12152,12152000,FTC franchise API raw amount values are assumed to be in KRW thousand units based on franchise disclosure conventions.
area_industry_average_out,2023,전남,피자,(단위 :천원),262814,262814000,13373,13373000,FTC franchise API raw amount values are assumed to be in KRW thousand units based on franchise disclosure conventions.
area_industry_average_out,2023,전북,피자,(단위 :천원),239369,239369000,14457,14457000,FTC franchise API raw amount values are assumed to be in KRW thousand units based on franchise disclosure conventions.
area_industry_average_out,2023,충남,피자,(단위 :천원),291578,291578000,15413,15413000,FTC franchise API raw amount values are assumed to be in KRW thousand units based on franchise disclosure conventions.
area_industry_average_out,2023,충북,피자,(단위 :천원),281889,281889000,15505,15505000,FTC franchise API raw amount values are assumed to be in KRW thousand units based on franchise disclosure conventions.
area_industry_average_out,2023,강원,피자,(단위 :천원),274541,274541000,14251,14251000,FTC franchise API raw amount values are assumed to be in KRW thousand units based on franchise disclosure conventions.
area_industry_average_out,2023,경기,피자,(단위 :천원),287146,287146000,18618,18618000,FTC franchise API raw amount values are assumed to be in KRW thousand units based on franchise disclosure conventions.
area_industry_average_out,2023,울산,피자,(단위 :천원),276045,276045000,15971,15971000,FTC franchise API raw amount values are assumed to be in KRW thousand units based on franchise disclosure conventions.
area_industry_average_out,2023,대전,피자,(단위 :천원),386106,386106000,21197,21197000,FTC franchise API raw amount values are assumed to be in KRW thousand units based on franchise disclosure conventions.
area_industry_average_out,2023,광주,피자,(단위 :천원),262030,262030000,14181,14181000,FTC franchise API raw amount values are assumed to be in KRW thousand units based on franchise disclosure conventions.
area_industry_average_out,2023,인천,피자,(단위 :천원),335283,335283000,21729,21729000,FTC franchise API raw amount values are assumed to be in KRW thousand units based on franchise disclosure conventions.
area_industry_average_out,2023,대구,피자,(단위 :천원),257696,257696000,14500,14500000,FTC franchise API raw amount values are assumed to be in KRW thousand units based on franchise disclosure conventions.
area_industry_average_out,2023,부산,피자,(단위 :천원),286096,286096000,15909,15909000,FTC franchise API raw amount values are assumed to be in KRW thousand units based on franchise disclosure conventions.
area_industry_average_out,2023,서울,피자,(단위 :천원),350869,350869000,22246,22246000,FTC franchise API raw amount values are assumed to be in KRW thousand units based on franchise disclosure conventions.
area_industry_average_out,2023,세종,제과제빵,(단위 :천원),439924,439924000,17197,17197000,FTC franchise API raw amount values are assumed to be in KRW thousand units based on franchise disclosure conventions.
area_industry_average_out,2023,제주,제과제빵,(단위 :천원),372340,372340000,15208,15208000,FTC franchise API raw amount values are assumed to be in KRW thousand units based on franchise disclosure conventions.
area_industry_average_out,2023,경남,제과제빵,(단위 :천원),200433,200433000,24258,24258000,FTC franchise API raw amount values are assumed to be in KRW thousand units based on franchise disclosure conventions.
area_industry_average_out,2023,경북,제과제빵,(단위 :천원),228662,228662000,12911,12911000,FTC franchise API raw amount values are assumed to be in KRW thousand units based on franchise disclosure conventions.
area_industry_average_out,2023,전남,제과제빵,(단위 :천원),251696,251696000,13104,13104000,FTC franchise API raw amount values are assumed to be in KRW thousand units based on franchise disclosure conventions.
area_industry_average_out,2023,전북,제과제빵,(단위 :천원),273583,273583000,15246,15246000,FTC franchise API raw amount values are assumed to be in KRW thousand units based on franchise disclosure conventions.
area_industry_average_out,2023,충남,제과제빵,(단위 :천원),329729,329729000,26143,26143000,FTC franchise API raw amount values are assumed to be in KRW thousand units based on franchise disclosure conventions.
area_industry_average_out,2023,충북,제과제빵,(단위 :천원),246266,246266000,18334,18334000,FTC franchise API raw amount values are assumed to be in KRW thousand units based on franchise disclosure conventions.
area_industry_average_out,2023,강원,제과제빵,(단위 :천원),330172,330172000,17222,17222000,FTC franchise API raw amount values are assumed to be in KRW thousand units based on franchise disclosure conventions.
area_industry_average_out,2023,경기,제과제빵,(단위 :천원),251755,251755000,23231,23231000,FTC franchise API raw amount values are assumed to be in KRW thousand units based on franchise disclosure conventions.
area_industry_average_out,2023,울산,제과제빵,(단위 :천원),275971,275971000,15476,15476000,FTC franchise API raw amount values are assumed to be in KRW thousand units based on franchise disclosure conventions.
area_industry_average_out,2023,세종,아이스크림/빙수 ,(단위 :천원),514399,514399000,19058,19058000,FTC franchise API raw amount values are assumed to be in KRW thousand units based on franchise disclosure conventions.
area_industry_average_out,2023,제주,아이스크림/빙수 ,(단위 :천원),571727,571727000,19658,19658000,FTC franchise API raw amount values are assumed to be in KRW thousand units based on franchise disclosure conventions.
area_industry_average_out,2023,경남,아이스크림/빙수 ,(단위 :천원),294404,294404000,12188,12188000,FTC franchise API raw amount values are assumed to be in KRW thousand units based on franchise disclosure conventions.
area_industry_average_out,2023,경북,아이스크림/빙수 ,(단위 :천원),230494,230494000,9845,9845000,FTC franchise API raw amount values are assumed to be in KRW thousand units based on franchise disclosure conventions.
area_industry_average_out,2023,전남,아이스크림/빙수 ,(단위 :천원),434473,434473000,14336,14336000,FTC franchise API raw amount values are assumed to be in KRW thousand units based on franchise disclosure conventions.
area_industry_average_out,2023,전북,아이스크림/빙수 ,(단위 :천원),510411,510411000,17639,17639000,FTC franchise API raw amount values are assumed to be in KRW thousand units based on franchise disclosure conventions.
area_industry_average_out,2023,충남,아이스크림/빙수 ,(단위 :천원),513365,513365000,17053,17053000,FTC franchise API raw amount values are assumed to be in KRW thousand units based on franchise disclosure conventions.
area_industry_average_out,2023,충북,아이스크림/빙수 ,(단위 :천원),389044,389044000,19050,19050000,FTC franchise API raw amount values are assumed to be in KRW thousand units based on franchise disclosure conventions.
area_industry_average_out,2023,강원,아이스크림/빙수 ,(단위 :천원),503788,503788000,18583,18583000,FTC franchise API raw amount values are assumed to be in KRW thousand units based on franchise disclosure conventions.
area_industry_average_out,2023,경기,아이스크림/빙수 ,(단위 :천원),205849,205849000,12133,12133000,FTC franchise API raw amount values are assumed to be in KRW thousand units based on franchise disclosure conventions.
area_industry_average_out,2023,울산,아이스크림/빙수 ,(단위 :천원),455068,455068000,17360,17360000,FTC franchise API raw amount values are assumed to be in KRW thousand units based on franchise disclosure conventions.
area_industry_average_out,2023,대전,아이스크림/빙수 ,(단위 :천원),567337,567337000,17887,17887000,FTC franchise API raw amount values are assumed to be in KRW thousand units based on franchise disclosure conventions.
area_industry_average_out,2023,세종,분식,(단위 :천원),207547,207547000,14000,14000000,FTC franchise API raw amount values are assumed to be in KRW thousand units based on franchise disclosure conventions.
area_industry_average_out,2023,제주,분식,(단위 :천원),162839,162839000,10626,10626000,FTC franchise API raw amount values are assumed to be in KRW thousand units based on franchise disclosure conventions.
area_industry_average_out,2023,경남,분식,(단위 :천원),180514,180514000,11846,11846000,FTC franchise API raw amount values are assumed to be in KRW thousand units based on franchise disclosure conventions.
area_industry_average_out,2023,경북,분식,(단위 :천원),191974,191974000,14625,14625000,FTC franchise API raw amount values are assumed to be in KRW thousand units based on franchise disclosure conventions.
area_industry_average_out,2023,전남,분식,(단위 :천원),209315,209315000,11009,11009000,FTC franchise API raw amount values are assumed to be in KRW thousand units based on franchise disclosure conventions.
area_industry_average_out,2023,전북,분식,(단위 :천원),244813,244813000,14068,14068000,FTC franchise API raw amount values are assumed to be in KRW thousand units based on franchise disclosure conventions.
area_industry_average_out,2023,충남,분식,(단위 :천원),206032,206032000,13207,13207000,FTC franchise API raw amount values are assumed to be in KRW thousand units based on franchise disclosure conventions.
area_industry_average_out,2023,충북,분식,(단위 :천원),197981,197981000,13201,13201000,FTC franchise API raw amount values are assumed to be in KRW thousand units based on franchise disclosure conventions.
area_industry_average_out,2023,강원,분식,(단위 :천원),207845,207845000,14446,14446000,FTC franchise API raw amount values are assumed to be in KRW thousand units based on franchise disclosure conventions.
area_industry_average_out,2023,경기,분식,(단위 :천원),219184,219184000,16874,16874000,FTC franchise API raw amount values are assumed to be in KRW thousand units based on franchise disclosure conventions.
area_industry_average_out,2023,울산,분식,(단위 :천원),218460,218460000,12432,12432000,FTC franchise API raw amount values are assumed to be in KRW thousand units based on franchise disclosure conventions.
area_industry_average_out,2023,대전,분식,(단위 :천원),257735,257735000,16866,16866000,FTC franchise API raw amount values are assumed to be in KRW thousand units based on franchise disclosure conventions.
area_industry_average_out,2023,강원,중식,(단위 :천원),324494,324494000,11584,11584000,FTC franchise API raw amount values are assumed to be in KRW thousand units based on franchise disclosure conventions.
area_industry_average_out,2023,경기,중식,(단위 :천원),436462,436462000,15773,15773000,FTC franchise API raw amount values are assumed to be in KRW thousand units based on franchise disclosure conventions.
area_industry_average_out,2023,울산,중식,(단위 :천원),534113,534113000,29941,29941000,FTC franchise API raw amount values are assumed to be in KRW thousand units based on franchise disclosure conventions.
area_industry_average_out,2023,대전,중식,(단위 :천원),479156,479156000,15132,15132000,FTC franchise API raw amount values are assumed to be in KRW thousand units based on franchise disclosure conventions.
area_industry_average_out,2023,광주,중식,(단위 :천원),569585,569585000,19692,19692000,FTC franchise API raw amount values are assumed to be in KRW thousand units based on franchise disclosure conventions.
area_industry_average_out,2023,인천,중식,(단위 :천원),475293,475293000,16558,16558000,FTC franchise API raw amount values are assumed to be in KRW thousand units based on franchise disclosure conventions.
area_industry_average_out,2023,대구,중식,(단위 :천원),446881,446881000,25964,25964000,FTC franchise API raw amount values are assumed to be in KRW thousand units based on franchise disclosure conventions.
area_industry_average_out,2023,부산,중식,(단위 :천원),460200,460200000,22541,22541000,FTC franchise API raw amount values are assumed to be in KRW thousand units based on franchise disclosure conventions.
area_industry_average_out,2023,서울,중식,(단위 :천원),665910,665910000,21058,21058000,FTC franchise API raw amount values are assumed to be in KRW thousand units based on franchise disclosure conventions.
area_industry_average_out,2023,대전,서양식,(단위 :천원),561733,561733000,23835,23835000,FTC franchise API raw amount values are assumed to be in KRW thousand units based on franchise disclosure conventions.
area_industry_average_out,2023,광주,서양식,(단위 :천원),981271,981271000,21496,21496000,FTC franchise API raw amount values are assumed to be in KRW thousand units based on franchise disclosure conventions.
area_industry_average_out,2023,인천,서양식,(단위 :천원),459811,459811000,21165,21165000,FTC franchise API raw amount values are assumed to be in KRW thousand units based on franchise disclosure conventions.
area_industry_average_out,2023,대구,서양식,(단위 :천원),330225,330225000,12639,12639000,FTC franchise API raw amount values are assumed to be in KRW thousand units based on franchise disclosure conventions.
area_industry_average_out,2023,부산,서양식,(단위 :천원),347588,347588000,13380,13380000,FTC franchise API raw amount values are assumed to be in KRW thousand units based on franchise disclosure conventions.
area_industry_average_out,2023,서울,서양식,(단위 :천원),425328,425328000,34691,34691000,FTC franchise API raw amount values are assumed to be in KRW thousand units based on franchise disclosure conventions.
area_industry_average_out,2023,세종,일식,(단위 :천원),193436,193436000,14617,14617000,FTC franchise API raw amount values are assumed to be in KRW thousand units based on franchise disclosure conventions.
area_industry_average_out,2023,세종,서양식,(단위 :천원),0,0,0,0,FTC franchise API raw amount values are assumed to be in KRW thousand units based on franchise disclosure conventions.
area_industry_average_out,2023,제주,서양식,(단위 :천원),320152,320152000,5501,5501000,FTC franchise API raw amount values are assumed to be in KRW thousand units based on franchise disclosure conventions.
area_industry_average_out,2023,경남,서양식,(단위 :천원),306504,306504000,9874,9874000,FTC franchise API raw amount values are assumed to be in KRW thousand units based on franchise disclosure conventions.
area_industry_average_out,2023,경북,서양식,(단위 :천원),247828,247828000,8717,8717000,FTC franchise API raw amount values are assumed to be in KRW thousand units based on franchise disclosure conventions.
area_industry_average_out,2023,전남,서양식,(단위 :천원),336062,336062000,10332,10332000,FTC franchise API raw amount values are assumed to be in KRW thousand units based on franchise disclosure conventions.
area_industry_average_out,2023,전북,서양식,(단위 :천원),439805,439805000,10609,10609000,FTC franchise API raw amount values are assumed to be in KRW thousand units based on franchise disclosure conventions.
area_industry_average_out,2023,충남,서양식,(단위 :천원),351177,351177000,13345,13345000,FTC franchise API raw amount values are assumed to be in KRW thousand units based on franchise disclosure conventions.
area_industry_average_out,2023,충북,서양식,(단위 :천원),234596,234596000,23894,23894000,FTC franchise API raw amount values are assumed to be in KRW thousand units based on franchise disclosure conventions.
area_industry_average_out,2023,강원,서양식,(단위 :천원),167045,167045000,8909,8909000,FTC franchise API raw amount values are assumed to be in KRW thousand units based on franchise disclosure conventions.
area_industry_average_out,2023,경기,서양식,(단위 :천원),331620,331620000,14176,14176000,FTC franchise API raw amount values are assumed to be in KRW thousand units based on franchise disclosure conventions.
area_industry_average_out,2023,울산,서양식,(단위 :천원),327356,327356000,9498,9498000,FTC franchise API raw amount values are assumed to be in KRW thousand units based on franchise disclosure conventions.
area_industry_average_out,2023,광주,기타 외국식,(단위 :천원),173928,173928000,7190,7190000,FTC franchise API raw amount values are assumed to be in KRW thousand units based on franchise disclosure conventions.
area_industry_average_out,2023,인천,기타 외국식,(단위 :천원),301142,301142000,15210,15210000,FTC franchise API raw amount values are assumed to be in KRW thousand units based on franchise disclosure conventions.
area_industry_average_out,2023,대구,기타 외국식,(단위 :천원),185513,185513000,13599,13599000,FTC franchise API raw amount values are assumed to be in KRW thousand units based on franchise disclosure conventions.
area_industry_average_out,2023,부산,기타 외국식,(단위 :천원),127923,127923000,8096,8096000,FTC franchise API raw amount values are assumed to be in KRW thousand units based on franchise disclosure conventions.
area_industry_average_out,2023,서울,기타 외국식,(단위 :천원),339079,339079000,14897,14897000,FTC franchise API raw amount values are assumed to be in KRW thousand units based on franchise disclosure conventions.
area_industry_average_out,2023,울산,기타 외국식,(단위 :천원),139114,139114000,4910,4910000,FTC franchise API raw amount values are assumed to be in KRW thousand units based on franchise disclosure conventions.
area_industry_average_out,2023,대전,기타 외국식,(단위 :천원),207237,207237000,11513,11513000,FTC franchise API raw amount values are assumed to be in KRW thousand units based on franchise disclosure conventions.
area_industry_average_out,2023,세종,기타 외국식,(단위 :천원),0,0,0,0,FTC franchise API raw amount values are assumed to be in KRW thousand units based on franchise disclosure conventions.
area_industry_average_out,2023,제주,기타 외국식,(단위 :천원),0,0,0,0,FTC franchise API raw amount values are assumed to be in KRW thousand units based on franchise disclosure conventions.
area_industry_average_out,2023,경남,기타 외국식,(단위 :천원),141656,141656000,7083,7083000,FTC franchise API raw amount values are assumed to be in KRW thousand units based on franchise disclosure conventions.
area_industry_average_out,2023,광주,아이스크림/빙수 ,(단위 :천원),601064,601064000,19062,19062000,FTC franchise API raw amount values are assumed to be in KRW thousand units based on franchise disclosure conventions.
area_industry_average_out,2023,인천,아이스크림/빙수 ,(단위 :천원),356392,356392000,16913,16913000,FTC franchise API raw amount values are assumed to be in KRW thousand units based on franchise disclosure conventions.
area_industry_average_out,2023,대구,아이스크림/빙수 ,(단위 :천원),321366,321366000,13895,13895000,FTC franchise API raw amount values are assumed to be in KRW thousand units based on franchise disclosure conventions.
area_industry_average_out,2023,부산,아이스크림/빙수 ,(단위 :천원),411888,411888000,15929,15929000,FTC franchise API raw amount values are assumed to be in KRW thousand units based on franchise disclosure conventions.
area_industry_average_out,2023,서울,아이스크림/빙수 ,(단위 :천원),322737,322737000,18803,18803000,FTC franchise API raw amount values are assumed to be in KRW thousand units based on franchise disclosure conventions.
area_industry_average_out,2023,광주,커피,(단위 :천원),181663,181663000,8398,8398000,FTC franchise API raw amount values are assumed to be in KRW thousand units based on franchise disclosure conventions.
area_industry_average_out,2023,인천,커피,(단위 :천원),151390,151390000,10469,10469000,FTC franchise API raw amount values are assumed to be in KRW thousand units based on franchise disclosure conventions.
area_industry_average_out,2023,대구,커피,(단위 :천원),153050,153050000,10666,10666000,FTC franchise API raw amount values are assumed to be in KRW thousand units based on franchise disclosure conventions.
area_industry_average_out,2023,부산,커피,(단위 :천원),144384,144384000,9718,9718000,FTC franchise API raw amount values are assumed to be in KRW thousand units based on franchise disclosure conventions.
area_industry_average_out,2023,서울,커피,(단위 :천원),181170,181170000,12971,12971000,FTC franchise API raw amount values are assumed to be in KRW thousand units based on franchise disclosure conventions.
area_industry_average_out,2023,세종,주점,(단위 :천원),166918,166918000,12027,12027000,FTC franchise API raw amount values are assumed to be in KRW thousand units based on franchise disclosure conventions.
area_industry_average_out,2023,제주,주점,(단위 :천원),248596,248596000,8300,8300000,FTC franchise API raw amount values are assumed to be in KRW thousand units based on franchise disclosure conventions.
area_industry_average_out,2023,경남,주점,(단위 :천원),208544,208544000,7884,7884000,FTC franchise API raw amount values are assumed to be in KRW thousand units based on franchise disclosure conventions.
area_industry_average_out,2023,경북,주점,(단위 :천원),160734,160734000,33992,33992000,FTC franchise API raw amount values are assumed to be in KRW thousand units based on franchise disclosure conventions.
area_industry_average_out,2023,전남,주점,(단위 :천원),188426,188426000,6962,6962000,FTC franchise API raw amount values are assumed to be in KRW thousand units based on franchise disclosure conventions.
area_industry_average_out,2023,전북,주점,(단위 :천원),209042,209042000,27453,27453000,FTC franchise API raw amount values are assumed to be in KRW thousand units based on franchise disclosure conventions.
area_industry_average_out,2023,충남,주점,(단위 :천원),265704,265704000,8565,8565000,FTC franchise API raw amount values are assumed to be in KRW thousand units based on franchise disclosure conventions.
area_industry_average_out,2023,충북,주점,(단위 :천원),247271,247271000,7852,7852000,FTC franchise API raw amount values are assumed to be in KRW thousand units based on franchise disclosure conventions.
area_industry_average_out,2023,강원,주점,(단위 :천원),219327,219327000,8163,8163000,FTC franchise API raw amount values are assumed to be in KRW thousand units based on franchise disclosure conventions.
area_industry_average_out,2023,경기,주점,(단위 :천원),372608,372608000,15486,15486000,FTC franchise API raw amount values are assumed to be in KRW thousand units based on franchise disclosure conventions.
area_industry_average_out,2023,울산,주점,(단위 :천원),235201,235201000,8682,8682000,FTC franchise API raw amount values are assumed to be in KRW thousand units based on franchise disclosure conventions.
area_industry_average_out,2023,대전,주점,(단위 :천원),365543,365543000,60776,60776000,FTC franchise API raw amount values are assumed to be in KRW thousand units based on franchise disclosure conventions.
area_industry_average_out,2023,광주,주점,(단위 :천원),336135,336135000,8945,8945000,FTC franchise API raw amount values are assumed to be in KRW thousand units based on franchise disclosure conventions.
area_industry_average_out,2023,인천,주점,(단위 :천원),383040,383040000,11910,11910000,FTC franchise API raw amount values are assumed to be in KRW thousand units based on franchise disclosure conventions.
area_industry_average_out,2023,대구,주점,(단위 :천원),237884,237884000,9603,9603000,FTC franchise API raw amount values are assumed to be in KRW thousand units based on franchise disclosure conventions.
area_industry_average_out,2023,부산,주점,(단위 :천원),251235,251235000,9046,9046000,FTC franchise API raw amount values are assumed to be in KRW thousand units based on franchise disclosure conventions.
area_industry_average_out,2023,서울,주점,(단위 :천원),503824,503824000,13918,13918000,FTC franchise API raw amount values are assumed to be in KRW thousand units based on franchise disclosure conventions.
area_industry_average_out,2023,서울,기타 외식,(단위 :천원),404700,404700000,18322,18322000,FTC franchise API raw amount values are assumed to be in KRW thousand units based on franchise disclosure conventions.
area_industry_average_out,2023,세종,기타 외식,(단위 :천원),329947,329947000,22003,22003000,FTC franchise API raw amount values are assumed to be in KRW thousand units based on franchise disclosure conventions.
area_industry_average_out,2023,제주,기타 외식,(단위 :천원),213026,213026000,9992,9992000,FTC franchise API raw amount values are assumed to be in KRW thousand units based on franchise disclosure conventions.
area_industry_average_out,2023,경남,기타 외식,(단위 :천원),202745,202745000,8891,8891000,FTC franchise API raw amount values are assumed to be in KRW thousand units based on franchise disclosure conventions.
area_industry_average_out,2023,경북,기타 외식,(단위 :천원),205631,205631000,7003,7003000,FTC franchise API raw amount values are assumed to be in KRW thousand units based on franchise disclosure conventions.
area_industry_average_out,2023,전남,기타 외식,(단위 :천원),222212,222212000,9665,9665000,FTC franchise API raw amount values are assumed to be in KRW thousand units based on franchise disclosure conventions.
area_industry_average_out,2023,전북,기타 외식,(단위 :천원),217912,217912000,10060,10060000,FTC franchise API raw amount values are assumed to be in KRW thousand units based on franchise disclosure conventions.
area_industry_average_out,2023,충남,기타 외식,(단위 :천원),209456,209456000,8731,8731000,FTC franchise API raw amount values are assumed to be in KRW thousand units based on franchise disclosure conventions.
area_industry_average_out,2023,충북,기타 외식,(단위 :천원),209332,209332000,8751,8751000,FTC franchise API raw amount values are assumed to be in KRW thousand units based on franchise disclosure conventions.
area_industry_average_out,2023,강원,기타 외식,(단위 :천원),217284,217284000,9057,9057000,FTC franchise API raw amount values are assumed to be in KRW thousand units based on franchise disclosure conventions.
area_industry_average_out,2023,경기,기타 외식,(단위 :천원),325050,325050000,15222,15222000,FTC franchise API raw amount values are assumed to be in KRW thousand units based on franchise disclosure conventions.
area_industry_average_out,2023,울산,기타 외식,(단위 :천원),261513,261513000,10420,10420000,FTC franchise API raw amount values are assumed to be in KRW thousand units based on franchise disclosure conventions.
area_industry_average_out,2023,대전,기타 외식,(단위 :천원),229799,229799000,13396,13396000,FTC franchise API raw amount values are assumed to be in KRW thousand units based on franchise disclosure conventions.
area_industry_average_out,2023,광주,기타 외식,(단위 :천원),260164,260164000,10719,10719000,FTC franchise API raw amount values are assumed to be in KRW thousand units based on franchise disclosure conventions.
area_industry_average_out,2023,인천,기타 외식,(단위 :천원),344915,344915000,14706,14706000,FTC franchise API raw amount values are assumed to be in KRW thousand units based on franchise disclosure conventions.
area_industry_average_out,2023,대구,기타 외식,(단위 :천원),284035,284035000,10111,10111000,FTC franchise API raw amount values are assumed to be in KRW thousand units based on franchise disclosure conventions.
area_industry_average_out,2023,부산,기타 외식,(단위 :천원),233973,233973000,11260,11260000,FTC franchise API raw amount values are assumed to be in KRW thousand units based on franchise disclosure conventions.
area_industry_average_out,2023,경북,패스트푸드,(단위 :천원),413906,413906000,14545,14545000,FTC franchise API raw amount values are assumed to be in KRW thousand units based on franchise disclosure conventions.
area_industry_average_out,2023,전남,패스트푸드,(단위 :천원),505702,505702000,15979,15979000,FTC franchise API raw amount values are assumed to be in KRW thousand units based on franchise disclosure conventions.
area_industry_average_out,2023,전북,패스트푸드,(단위 :천원),478659,478659000,16463,16463000,FTC franchise API raw amount values are assumed to be in KRW thousand units based on franchise disclosure conventions.
area_industry_average_out,2023,충남,패스트푸드,(단위 :천원),517055,517055000,14039,14039000,FTC franchise API raw amount values are assumed to be in KRW thousand units based on franchise disclosure conventions.
area_industry_average_out,2023,충북,패스트푸드,(단위 :천원),642139,642139000,17975,17975000,FTC franchise API raw amount values are assumed to be in KRW thousand units based on franchise disclosure conventions.
area_industry_average_out,2023,강원,패스트푸드,(단위 :천원),236972,236972000,14266,14266000,FTC franchise API raw amount values are assumed to be in KRW thousand units based on franchise disclosure conventions.
area_industry_average_out,2023,경기,패스트푸드,(단위 :천원),416959,416959000,17444,17444000,FTC franchise API raw amount values are assumed to be in KRW thousand units based on franchise disclosure conventions.
area_industry_average_out,2023,울산,패스트푸드,(단위 :천원),231202,231202000,11014,11014000,FTC franchise API raw amount values are assumed to be in KRW thousand units based on franchise disclosure conventions.
area_industry_average_out,2023,대전,패스트푸드,(단위 :천원),964977,964977000,19798,19798000,FTC franchise API raw amount values are assumed to be in KRW thousand units based on franchise disclosure conventions.
area_industry_average_out,2023,광주,패스트푸드,(단위 :천원),612155,612155000,19968,19968000,FTC franchise API raw amount values are assumed to be in KRW thousand units based on franchise disclosure conventions.
area_industry_average_out,2023,인천,패스트푸드,(단위 :천원),898413,898413000,26065,26065000,FTC franchise API raw amount values are assumed to be in KRW thousand units based on franchise disclosure conventions.
area_industry_average_out,2023,대구,패스트푸드,(단위 :천원),842132,842132000,18844,18844000,FTC franchise API raw amount values are assumed to be in KRW thousand units based on franchise disclosure conventions.
area_industry_average_out,2023,부산,패스트푸드,(단위 :천원),722439,722439000,16935,16935000,FTC franchise API raw amount values are assumed to be in KRW thousand units based on franchise disclosure conventions.
area_industry_average_out,2023,서울,패스트푸드,(단위 :천원),431719,431719000,18751,18751000,FTC franchise API raw amount values are assumed to be in KRW thousand units based on franchise disclosure conventions.
area_industry_average_out,2023,경남,패스트푸드,(단위 :천원),387897,387897000,15708,15708000,FTC franchise API raw amount values are assumed to be in KRW thousand units based on franchise disclosure conventions.
area_industry_average_out,2023,세종,패스트푸드,(단위 :천원),498792,498792000,18090,18090000,FTC franchise API raw amount values are assumed to be in KRW thousand units based on franchise disclosure conventions.
area_industry_average_out,2023,제주,패스트푸드,(단위 :천원),277056,277056000,15580,15580000,FTC franchise API raw amount values are assumed to be in KRW thousand units based on franchise disclosure conventions.
area_industry_average_out,2023,부산,일식,(단위 :천원),511950,511950000,15666,15666000,FTC franchise API raw amount values are assumed to be in KRW thousand units based on franchise disclosure conventions.
area_industry_average_out,2023,서울,일식,(단위 :천원),544285,544285000,21146,21146000,FTC franchise API raw amount values are assumed to be in KRW thousand units based on franchise disclosure conventions.
area_industry_average_out,2023,세종,중식,(단위 :천원),457066,457066000,22708,22708000,FTC franchise API raw amount values are assumed to be in KRW thousand units based on franchise disclosure conventions.
area_industry_average_out,2023,제주,중식,(단위 :천원),204251,204251000,7300,7300000,FTC franchise API raw amount values are assumed to be in KRW thousand units based on franchise disclosure conventions.
area_industry_average_out,2023,경남,중식,(단위 :천원),365191,365191000,12629,12629000,FTC franchise API raw amount values are assumed to be in KRW thousand units based on franchise disclosure conventions.
area_industry_average_out,2023,경북,중식,(단위 :천원),573875,573875000,16661,16661000,FTC franchise API raw amount values are assumed to be in KRW thousand units based on franchise disclosure conventions.
area_industry_average_out,2023,전남,중식,(단위 :천원),405747,405747000,16784,16784000,FTC franchise API raw amount values are assumed to be in KRW thousand units based on franchise disclosure conventions.
area_industry_average_out,2023,전북,중식,(단위 :천원),484017,484017000,12151,12151000,FTC franchise API raw amount values are assumed to be in KRW thousand units based on franchise disclosure conventions.
area_industry_average_out,2023,충남,중식,(단위 :천원),309368,309368000,10342,10342000,FTC franchise API raw amount values are assumed to be in KRW thousand units based on franchise disclosure conventions.
area_industry_average_out,2023,충북,중식,(단위 :천원),338584,338584000,10211,10211000,FTC franchise API raw amount values are assumed to be in KRW thousand units based on franchise disclosure conventions.
area_industry_average_out,2023,제주,일식,(단위 :천원),248689,248689000,14608,14608000,FTC franchise API raw amount values are assumed to be in KRW thousand units based on franchise disclosure conventions.
area_industry_average_out,2023,경남,일식,(단위 :천원),478949,478949000,13639,13639000,FTC franchise API raw amount values are assumed to be in KRW thousand units based on franchise disclosure conventions.
area_industry_average_out,2023,경북,일식,(단위 :천원),248002,248002000,8845,8845000,FTC franchise API raw amount values are assumed to be in KRW thousand units based on franchise disclosure conventions.
area_industry_average_out,2023,전남,일식,(단위 :천원),106031,106031000,7405,7405000,FTC franchise API raw amount values are assumed to be in KRW thousand units based on franchise disclosure conventions.
area_industry_average_out,2023,전북,일식,(단위 :천원),354862,354862000,14930,14930000,FTC franchise API raw amount values are assumed to be in KRW thousand units based on franchise disclosure conventions.
area_industry_average_out,2023,충남,일식,(단위 :천원),259017,259017000,14603,14603000,FTC franchise API raw amount values are assumed to be in KRW thousand units based on franchise disclosure conventions.
area_industry_average_out,2024,세종,한식,(단위 :천원),445418,445418000,15832,15832000,FTC franchise API raw amount values are assumed to be in KRW thousand units based on franchise disclosure conventions.
area_industry_average_out,2024,제주,한식,(단위 :천원),339473,339473000,13627,13627000,FTC franchise API raw amount values are assumed to be in KRW thousand units based on franchise disclosure conventions.
area_industry_average_out,2024,경남,한식,(단위 :천원),274166,274166000,9950,9950000,FTC franchise API raw amount values are assumed to be in KRW thousand units based on franchise disclosure conventions.
area_industry_average_out,2024,경북,한식,(단위 :천원),273346,273346000,8961,8961000,FTC franchise API raw amount values are assumed to be in KRW thousand units based on franchise disclosure conventions.
area_industry_average_out,2024,전남,한식,(단위 :천원),269425,269425000,21056,21056000,FTC franchise API raw amount values are assumed to be in KRW thousand units based on franchise disclosure conventions.
area_industry_average_out,2024,전북,한식,(단위 :천원),387714,387714000,19805,19805000,FTC franchise API raw amount values are assumed to be in KRW thousand units based on franchise disclosure conventions.
area_industry_average_out,2024,충남,한식,(단위 :천원),341722,341722000,11442,11442000,FTC franchise API raw amount values are assumed to be in KRW thousand units based on franchise disclosure conventions.
area_industry_average_out,2024,충북,한식,(단위 :천원),340726,340726000,10588,10588000,FTC franchise API raw amount values are assumed to be in KRW thousand units based on franchise disclosure conventions.
area_industry_average_out,2024,강원,한식,(단위 :천원),242554,242554000,9979,9979000,FTC franchise API raw amount values are assumed to be in KRW thousand units based on franchise disclosure conventions.
area_industry_average_out,2024,경기,한식,(단위 :천원),360190,360190000,41717,41717000,FTC franchise API raw amount values are assumed to be in KRW thousand units based on franchise disclosure conventions.
area_industry_average_out,2024,울산,한식,(단위 :천원),353584,353584000,12277,12277000,FTC franchise API raw amount values are assumed to be in KRW thousand units based on franchise disclosure conventions.
area_industry_average_out,2024,대전,한식,(단위 :천원),474834,474834000,15112,15112000,FTC franchise API raw amount values are assumed to be in KRW thousand units based on franchise disclosure conventions.
area_industry_average_out,2024,광주,한식,(단위 :천원),327118,327118000,15461,15461000,FTC franchise API raw amount values are assumed to be in KRW thousand units based on franchise disclosure conventions.
area_industry_average_out,2024,인천,한식,(단위 :천원),363807,363807000,16262,16262000,FTC franchise API raw amount values are assumed to be in KRW thousand units based on franchise disclosure conventions.
area_industry_average_out,2024,대구,한식,(단위 :천원),377681,377681000,12382,12382000,FTC franchise API raw amount values are assumed to be in KRW thousand units based on franchise disclosure conventions.
area_industry_average_out,2024,부산,한식,(단위 :천원),341647,341647000,12623,12623000,FTC franchise API raw amount values are assumed to be in KRW thousand units based on franchise disclosure conventions.
area_industry_average_out,2024,서울,한식,(단위 :천원),471736,471736000,22470,22470000,FTC franchise API raw amount values are assumed to be in KRW thousand units based on franchise disclosure conventions.
area_industry_average_out,2024,울산,분식,(단위 :천원),205235,205235000,12801,12801000,FTC franchise API raw amount values are assumed to be in KRW thousand units based on franchise disclosure conventions.
area_industry_average_out,2024,대전,분식,(단위 :천원),250788,250788000,16663,16663000,FTC franchise API raw amount values are assumed to be in KRW thousand units based on franchise disclosure conventions.
area_industry_average_out,2024,광주,분식,(단위 :천원),270042,270042000,19028,19028000,FTC franchise API raw amount values are assumed to be in KRW thousand units based on franchise disclosure conventions.
area_industry_average_out,2024,인천,분식,(단위 :천원),256516,256516000,17882,17882000,FTC franchise API raw amount values are assumed to be in KRW thousand units based on franchise disclosure conventions.
area_industry_average_out,2024,대구,분식,(단위 :천원),219344,219344000,15781,15781000,FTC franchise API raw amount values are assumed to be in KRW thousand units based on franchise disclosure conventions.
area_industry_average_out,2024,부산,분식,(단위 :천원),199642,199642000,14381,14381000,FTC franchise API raw amount values are assumed to be in KRW thousand units based on franchise disclosure conventions.
area_industry_average_out,2024,서울,분식,(단위 :천원),327704,327704000,25218,25218000,FTC franchise API raw amount values are assumed to be in KRW thousand units based on franchise disclosure conventions.
area_industry_average_out,2024,서울,기타 외식,(단위 :천원),402317,402317000,20009,20009000,FTC franchise API raw amount values are assumed to be in KRW thousand units based on franchise disclosure conventions.
area_industry_average_out,2024,세종,주점,(단위 :천원),82291,82291000,5929,5929000,FTC franchise API raw amount values are assumed to be in KRW thousand units based on franchise disclosure conventions.
area_industry_average_out,2024,제주,주점,(단위 :천원),256530,256530000,8639,8639000,FTC franchise API raw amount values are assumed to be in KRW thousand units based on franchise disclosure conventions.
area_industry_average_out,2024,경남,주점,(단위 :천원),223683,223683000,8443,8443000,FTC franchise API raw amount values are assumed to be in KRW thousand units based on franchise disclosure conventions.
area_industry_average_out,2024,경북,주점,(단위 :천원),190233,190233000,21387,21387000,FTC franchise API raw amount values are assumed to be in KRW thousand units based on franchise disclosure conventions.
area_industry_average_out,2024,전남,주점,(단위 :천원),256852,256852000,8725,8725000,FTC franchise API raw amount values are assumed to be in KRW thousand units based on franchise disclosure conventions.
area_industry_average_out,2024,전북,주점,(단위 :천원),275931,275931000,9098,9098000,FTC franchise API raw amount values are assumed to be in KRW thousand units based on franchise disclosure conventions.
area_industry_average_out,2024,충남,주점,(단위 :천원),262782,262782000,9236,9236000,FTC franchise API raw amount values are assumed to be in KRW thousand units based on franchise disclosure conventions.
area_industry_average_out,2024,충북,주점,(단위 :천원),283181,283181000,10254,10254000,FTC franchise API raw amount values are assumed to be in KRW thousand units based on franchise disclosure conventions.
area_industry_average_out,2024,강원,주점,(단위 :천원),218480,218480000,9081,9081000,FTC franchise API raw amount values are assumed to be in KRW thousand units based on franchise disclosure conventions.
area_industry_average_out,2024,경기,주점,(단위 :천원),342147,342147000,10861,10861000,FTC franchise API raw amount values are assumed to be in KRW thousand units based on franchise disclosure conventions.
area_industry_average_out,2024,울산,주점,(단위 :천원),297185,297185000,8781,8781000,FTC franchise API raw amount values are assumed to be in KRW thousand units based on franchise disclosure conventions.
area_industry_average_out,2024,경북,기타 외식,(단위 :천원),225671,225671000,8372,8372000,FTC franchise API raw amount values are assumed to be in KRW thousand units based on franchise disclosure conventions.
area_industry_average_out,2024,전남,기타 외식,(단위 :천원),234774,234774000,9637,9637000,FTC franchise API raw amount values are assumed to be in KRW thousand units based on franchise disclosure conventions.
area_industry_average_out,2024,전북,기타 외식,(단위 :천원),223335,223335000,10759,10759000,FTC franchise API raw amount values are assumed to be in KRW thousand units based on franchise disclosure conventions.
area_industry_average_out,2024,충남,기타 외식,(단위 :천원),241414,241414000,9962,9962000,FTC franchise API raw amount values are assumed to be in KRW thousand units based on franchise disclosure conventions.
area_industry_average_out,2024,충북,기타 외식,(단위 :천원),215299,215299000,8620,8620000,FTC franchise API raw amount values are assumed to be in KRW thousand units based on franchise disclosure conventions.
area_industry_average_out,2024,강원,기타 외식,(단위 :천원),234590,234590000,9659,9659000,FTC franchise API raw amount values are assumed to be in KRW thousand units based on franchise disclosure conventions.
area_industry_average_out,2024,경기,기타 외식,(단위 :천원),291179,291179000,15987,15987000,FTC franchise API raw amount values are assumed to be in KRW thousand units based on franchise disclosure conventions.
area_industry_average_out,2024,울산,기타 외식,(단위 :천원),371707,371707000,13156,13156000,FTC franchise API raw amount values are assumed to be in KRW thousand units based on franchise disclosure conventions.
area_industry_average_out,2024,대전,기타 외식,(단위 :천원),243450,243450000,11757,11757000,FTC franchise API raw amount values are assumed to be in KRW thousand units based on franchise disclosure conventions.
area_industry_average_out,2024,광주,기타 외식,(단위 :천원),367049,367049000,14009,14009000,FTC franchise API raw amount values are assumed to be in KRW thousand units based on franchise disclosure conventions.
area_industry_average_out,2024,인천,기타 외식,(단위 :천원),370677,370677000,14839,14839000,FTC franchise API raw amount values are assumed to be in KRW thousand units based on franchise disclosure conventions.
area_industry_average_out,2024,대구,기타 외식,(단위 :천원),338242,338242000,12839,12839000,FTC franchise API raw amount values are assumed to be in KRW thousand units based on franchise disclosure conventions.
area_industry_average_out,2024,부산,기타 외식,(단위 :천원),269289,269289000,13710,13710000,FTC franchise API raw amount values are assumed to be in KRW thousand units based on franchise disclosure conventions.
area_industry_average_out,2024,전남,피자,(단위 :천원),250036,250036000,14160,14160000,FTC franchise API raw amount values are assumed to be in KRW thousand units based on franchise disclosure conventions.
area_industry_average_out,2024,전북,피자,(단위 :천원),247078,247078000,15480,15480000,FTC franchise API raw amount values are assumed to be in KRW thousand units based on franchise disclosure conventions.
area_industry_average_out,2024,충남,피자,(단위 :천원),273516,273516000,16187,16187000,FTC franchise API raw amount values are assumed to be in KRW thousand units based on franchise disclosure conventions.
area_industry_average_out,2024,충북,피자,(단위 :천원),270754,270754000,16018,16018000,FTC franchise API raw amount values are assumed to be in KRW thousand units based on franchise disclosure conventions.
area_industry_average_out,2024,강원,피자,(단위 :천원),255257,255257000,14724,14724000,FTC franchise API raw amount values are assumed to be in KRW thousand units based on franchise disclosure conventions.
area_industry_average_out,2024,경기,피자,(단위 :천원),309467,309467000,21317,21317000,FTC franchise API raw amount values are assumed to be in KRW thousand units based on franchise disclosure conventions.
area_industry_average_out,2024,울산,피자,(단위 :천원),272473,272473000,16535,16535000,FTC franchise API raw amount values are assumed to be in KRW thousand units based on franchise disclosure conventions.
area_industry_average_out,2024,대전,피자,(단위 :천원),361327,361327000,22572,22572000,FTC franchise API raw amount values are assumed to be in KRW thousand units based on franchise disclosure conventions.
area_industry_average_out,2024,광주,피자,(단위 :천원),326674,326674000,19746,19746000,FTC franchise API raw amount values are assumed to be in KRW thousand units based on franchise disclosure conventions.
area_industry_average_out,2024,인천,피자,(단위 :천원),353595,353595000,24237,24237000,FTC franchise API raw amount values are assumed to be in KRW thousand units based on franchise disclosure conventions.
area_industry_average_out,2024,대구,피자,(단위 :천원),268920,268920000,14900,14900000,FTC franchise API raw amount values are assumed to be in KRW thousand units based on franchise disclosure conventions.
area_industry_average_out,2024,부산,피자,(단위 :천원),286722,286722000,16647,16647000,FTC franchise API raw amount values are assumed to be in KRW thousand units based on franchise disclosure conventions.
area_industry_average_out,2024,서울,피자,(단위 :천원),391381,391381000,27799,27799000,FTC franchise API raw amount values are assumed to be in KRW thousand units based on franchise disclosure conventions.
area_industry_average_out,2024,세종,치킨,(단위 :천원),416812,416812000,24146,24146000,FTC franchise API raw amount values are assumed to be in KRW thousand units based on franchise disclosure conventions.
area_industry_average_out,2024,제주,치킨,(단위 :천원),289829,289829000,15010,15010000,FTC franchise API raw amount values are assumed to be in KRW thousand units based on franchise disclosure conventions.
area_industry_average_out,2024,경남,치킨,(단위 :천원),200638,200638000,11945,11945000,FTC franchise API raw amount values are assumed to be in KRW thousand units based on franchise disclosure conventions.
area_industry_average_out,2024,경북,치킨,(단위 :천원),186594,186594000,10479,10479000,FTC franchise API raw amount values are assumed to be in KRW thousand units based on franchise disclosure conventions.
area_industry_average_out,2024,전남,치킨,(단위 :천원),226930,226930000,12007,12007000,FTC franchise API raw amount values are assumed to be in KRW thousand units based on franchise disclosure conventions.
area_industry_average_out,2024,전북,치킨,(단위 :천원),224125,224125000,11988,11988000,FTC franchise API raw amount values are assumed to be in KRW thousand units based on franchise disclosure conventions.
area_industry_average_out,2024,충남,치킨,(단위 :천원),223304,223304000,12898,12898000,FTC franchise API raw amount values are assumed to be in KRW thousand units based on franchise disclosure conventions.
area_industry_average_out,2024,충북,치킨,(단위 :천원),219084,219084000,11721,11721000,FTC franchise API raw amount values are assumed to be in KRW thousand units based on franchise disclosure conventions.
area_industry_average_out,2024,강원,치킨,(단위 :천원),201015,201015000,10614,10614000,FTC franchise API raw amount values are assumed to be in KRW thousand units based on franchise disclosure conventions.
area_industry_average_out,2024,경기,치킨,(단위 :천원),221682,221682000,14323,14323000,FTC franchise API raw amount values are assumed to be in KRW thousand units based on franchise disclosure conventions.
area_industry_average_out,2024,울산,치킨,(단위 :천원),227186,227186000,14195,14195000,FTC franchise API raw amount values are assumed to be in KRW thousand units based on franchise disclosure conventions.
area_industry_average_out,2024,대전,치킨,(단위 :천원),271616,271616000,16510,16510000,FTC franchise API raw amount values are assumed to be in KRW thousand units based on franchise disclosure conventions.
area_industry_average_out,2024,광주,치킨,(단위 :천원),302688,302688000,19554,19554000,FTC franchise API raw amount values are assumed to be in KRW thousand units based on franchise disclosure conventions.
area_industry_average_out,2024,인천,치킨,(단위 :천원),265098,265098000,16809,16809000,FTC franchise API raw amount values are assumed to be in KRW thousand units based on franchise disclosure conventions.
area_industry_average_out,2024,대구,치킨,(단위 :천원),262185,262185000,14315,14315000,FTC franchise API raw amount values are assumed to be in KRW thousand units based on franchise disclosure conventions.
area_industry_average_out,2024,세종,피자,(단위 :천원),397319,397319000,35554,35554000,FTC franchise API raw amount values are assumed to be in KRW thousand units based on franchise disclosure conventions.
area_industry_average_out,2024,제주,피자,(단위 :천원),289022,289022000,17142,17142000,FTC franchise API raw amount values are assumed to be in KRW thousand units based on franchise disclosure conventions.
area_industry_average_out,2024,경남,피자,(단위 :천원),225712,225712000,13485,13485000,FTC franchise API raw amount values are assumed to be in KRW thousand units based on franchise disclosure conventions.
area_industry_average_out,2024,경북,피자,(단위 :천원),207264,207264000,12380,12380000,FTC franchise API raw amount values are assumed to be in KRW thousand units based on franchise disclosure conventions.
area_industry_average_out,2024,경북,서양식,(단위 :천원),289673,289673000,9597,9597000,FTC franchise API raw amount values are assumed to be in KRW thousand units based on franchise disclosure conventions.
area_industry_average_out,2024,전남,서양식,(단위 :천원),253691,253691000,6525,6525000,FTC franchise API raw amount values are assumed to be in KRW thousand units based on franchise disclosure conventions.
area_industry_average_out,2024,전북,서양식,(단위 :천원),549663,549663000,12787,12787000,FTC franchise API raw amount values are assumed to be in KRW thousand units based on franchise disclosure conventions.
area_industry_average_out,2024,충남,서양식,(단위 :천원),367595,367595000,8742,8742000,FTC franchise API raw amount values are assumed to be in KRW thousand units based on franchise disclosure conventions.
area_industry_average_out,2024,충북,서양식,(단위 :천원),118967,118967000,11897,11897000,FTC franchise API raw amount values are assumed to be in KRW thousand units based on franchise disclosure conventions.
area_industry_average_out,2024,강원,서양식,(단위 :천원),203901,203901000,9103,9103000,FTC franchise API raw amount values are assumed to be in KRW thousand units based on franchise disclosure conventions.
area_industry_average_out,2024,경기,서양식,(단위 :천원),300490,300490000,13589,13589000,FTC franchise API raw amount values are assumed to be in KRW thousand units based on franchise disclosure conventions.
area_industry_average_out,2024,울산,서양식,(단위 :천원),0,0,0,0,FTC franchise API raw amount values are assumed to be in KRW thousand units based on franchise disclosure conventions.
area_industry_average_out,2024,대구,패스트푸드,(단위 :천원),754633,754633000,15735,15735000,FTC franchise API raw amount values are assumed to be in KRW thousand units based on franchise disclosure conventions.
area_industry_average_out,2024,부산,패스트푸드,(단위 :천원),735143,735143000,16257,16257000,FTC franchise API raw amount values are assumed to be in KRW thousand units based on franchise disclosure conventions.
area_industry_average_out,2024,서울,패스트푸드,(단위 :천원),465549,465549000,18605,18605000,FTC franchise API raw amount values are assumed to be in KRW thousand units based on franchise disclosure conventions.
area_industry_average_out,2024,부산,치킨,(단위 :천원),224654,224654000,14439,14439000,FTC franchise API raw amount values are assumed to be in KRW thousand units based on franchise disclosure conventions.
area_industry_average_out,2024,서울,치킨,(단위 :천원),319616,319616000,20540,20540000,FTC franchise API raw amount values are assumed to be in KRW thousand units based on franchise disclosure conventions.
area_industry_average_out,2024,세종,아이스크림/빙수 ,(단위 :천원),412272,412272000,14760,14760000,FTC franchise API raw amount values are assumed to be in KRW thousand units based on franchise disclosure conventions.
area_industry_average_out,2024,제주,아이스크림/빙수 ,(단위 :천원),473746,473746000,14668,14668000,FTC franchise API raw amount values are assumed to be in KRW thousand units based on franchise disclosure conventions.
area_industry_average_out,2024,경남,아이스크림/빙수 ,(단위 :천원),316871,316871000,12882,12882000,FTC franchise API raw amount values are assumed to be in KRW thousand units based on franchise disclosure conventions.
area_industry_average_out,2024,경북,아이스크림/빙수 ,(단위 :천원),192934,192934000,7310,7310000,FTC franchise API raw amount values are assumed to be in KRW thousand units based on franchise disclosure conventions.
area_industry_average_out,2024,전남,아이스크림/빙수 ,(단위 :천원),282150,282150000,9939,9939000,FTC franchise API raw amount values are assumed to be in KRW thousand units based on franchise disclosure conventions.
area_industry_average_out,2024,전북,아이스크림/빙수 ,(단위 :천원),419216,419216000,14220,14220000,FTC franchise API raw amount values are assumed to be in KRW thousand units based on franchise disclosure conventions.
area_industry_average_out,2024,충남,아이스크림/빙수 ,(단위 :천원),305641,305641000,9632,9632000,FTC franchise API raw amount values are assumed to be in KRW thousand units based on franchise disclosure conventions.
area_industry_average_out,2024,충북,아이스크림/빙수 ,(단위 :천원),228320,228320000,9962,9962000,FTC franchise API raw amount values are assumed to be in KRW thousand units based on franchise disclosure conventions.
area_industry_average_out,2024,강원,아이스크림/빙수 ,(단위 :천원),298079,298079000,11315,11315000,FTC franchise API raw amount values are assumed to be in KRW thousand units based on franchise disclosure conventions.
area_industry_average_out,2024,경기,아이스크림/빙수 ,(단위 :천원),187293,187293000,11420,11420000,FTC franchise API raw amount values are assumed to be in KRW thousand units based on franchise disclosure conventions.
area_industry_average_out,2024,울산,아이스크림/빙수 ,(단위 :천원),318994,318994000,14323,14323000,FTC franchise API raw amount values are assumed to be in KRW thousand units based on franchise disclosure conventions.
area_industry_average_out,2024,대전,아이스크림/빙수 ,(단위 :천원),2105189,2105189000,13504,13504000,FTC franchise API raw amount values are assumed to be in KRW thousand units based on franchise disclosure conventions.
area_industry_average_out,2024,광주,아이스크림/빙수 ,(단위 :천원),282206,282206000,11419,11419000,FTC franchise API raw amount values are assumed to be in KRW thousand units based on franchise disclosure conventions.
area_industry_average_out,2024,인천,아이스크림/빙수 ,(단위 :천원),372101,372101000,14754,14754000,FTC franchise API raw amount values are assumed to be in KRW thousand units based on franchise disclosure conventions.
area_industry_average_out,2024,대구,아이스크림/빙수 ,(단위 :천원),347823,347823000,13688,13688000,FTC franchise API raw amount values are assumed to be in KRW thousand units based on franchise disclosure conventions.
area_industry_average_out,2024,부산,아이스크림/빙수 ,(단위 :천원),293265,293265000,13425,13425000,FTC franchise API raw amount values are assumed to be in KRW thousand units based on franchise disclosure conventions.
area_industry_average_out,2024,서울,아이스크림/빙수 ,(단위 :천원),377940,377940000,20445,20445000,FTC franchise API raw amount values are assumed to be in KRW thousand units based on franchise disclosure conventions.
area_industry_average_out,2024,세종,제과제빵,(단위 :천원),390268,390268000,17643,17643000,FTC franchise API raw amount values are assumed to be in KRW thousand units based on franchise disclosure conventions.
area_industry_average_out,2024,제주,제과제빵,(단위 :천원),282624,282624000,13374,13374000,FTC franchise API raw amount values are assumed to be in KRW thousand units based on franchise disclosure conventions.
area_industry_average_out,2024,경남,제과제빵,(단위 :천원),238008,238008000,16763,16763000,FTC franchise API raw amount values are assumed to be in KRW thousand units based on franchise disclosure conventions.
area_industry_average_out,2024,경북,제과제빵,(단위 :천원),213446,213446000,17439,17439000,FTC franchise API raw amount values are assumed to be in KRW thousand units based on franchise disclosure conventions.
area_industry_average_out,2024,전남,제과제빵,(단위 :천원),233723,233723000,12538,12538000,FTC franchise API raw amount values are assumed to be in KRW thousand units based on franchise disclosure conventions.
area_industry_average_out,2024,전북,제과제빵,(단위 :천원),220193,220193000,15227,15227000,FTC franchise API raw amount values are assumed to be in KRW thousand units based on franchise disclosure conventions.
area_industry_average_out,2024,충남,제과제빵,(단위 :천원),294307,294307000,21496,21496000,FTC franchise API raw amount values are assumed to be in KRW thousand units based on franchise disclosure conventions.
area_industry_average_out,2024,충북,제과제빵,(단위 :천원),249722,249722000,23028,23028000,FTC franchise API raw amount values are assumed to be in KRW thousand units based on franchise disclosure conventions.
area_industry_average_out,2024,강원,제과제빵,(단위 :천원),276489,276489000,22809,22809000,FTC franchise API raw amount values are assumed to be in KRW thousand units based on franchise disclosure conventions.
area_industry_average_out,2024,경기,제과제빵,(단위 :천원),233634,233634000,16793,16793000,FTC franchise API raw amount values are assumed to be in KRW thousand units based on franchise disclosure conventions.
area_industry_average_out,2024,울산,제과제빵,(단위 :천원),322799,322799000,15473,15473000,FTC franchise API raw amount values are assumed to be in KRW thousand units based on franchise disclosure conventions.
area_industry_average_out,2024,대전,제과제빵,(단위 :천원),242520,242520000,14512,14512000,FTC franchise API raw amount values are assumed to be in KRW thousand units based on franchise disclosure conventions.
area_industry_average_out,2024,광주,제과제빵,(단위 :천원),268774,268774000,13000,13000000,FTC franchise API raw amount values are assumed to be in KRW thousand units based on franchise disclosure conventions.
area_industry_average_out,2024,인천,제과제빵,(단위 :천원),259303,259303000,21229,21229000,FTC franchise API raw amount values are assumed to be in KRW thousand units based on franchise disclosure conventions.
area_industry_average_out,2024,대구,제과제빵,(단위 :천원),292504,292504000,16945,16945000,FTC franchise API raw amount values are assumed to be in KRW thousand units based on franchise disclosure conventions.
area_industry_average_out,2024,부산,제과제빵,(단위 :천원),290245,290245000,21892,21892000,FTC franchise API raw amount values are assumed to be in KRW thousand units based on franchise disclosure conventions.
area_industry_average_out,2024,서울,제과제빵,(단위 :천원),352226,352226000,25898,25898000,FTC franchise API raw amount values are assumed to be in KRW thousand units based on franchise disclosure conventions.
area_industry_average_out,2024,충북,음료 (커피 외),(단위 :천원),188357,188357000,8678,8678000,FTC franchise API raw amount values are assumed to be in KRW thousand units based on franchise disclosure conventions.
area_industry_average_out,2024,강원,음료 (커피 외),(단위 :천원),106533,106533000,6444,6444000,FTC franchise API raw amount values are assumed to be in KRW thousand units based on franchise disclosure conventions.
area_industry_average_out,2024,경기,음료 (커피 외),(단위 :천원),176456,176456000,10693,10693000,FTC franchise API raw amount values are assumed to be in KRW thousand units based on franchise disclosure conventions.
area_industry_average_out,2024,울산,음료 (커피 외),(단위 :천원),273311,273311000,8756,8756000,FTC franchise API raw amount values are assumed to be in KRW thousand units based on franchise disclosure conventions.
area_industry_average_out,2024,대전,음료 (커피 외),(단위 :천원),179701,179701000,9741,9741000,FTC franchise API raw amount values are assumed to be in KRW thousand units based on franchise disclosure conventions.
area_industry_average_out,2024,광주,음료 (커피 외),(단위 :천원),257659,257659000,9122,9122000,FTC franchise API raw amount values are assumed to be in KRW thousand units based on franchise disclosure conventions.
area_industry_average_out,2024,인천,음료 (커피 외),(단위 :천원),198152,198152000,12817,12817000,FTC franchise API raw amount values are assumed to be in KRW thousand units based on franchise disclosure conventions.
area_industry_average_out,2024,대구,음료 (커피 외),(단위 :천원),199961,199961000,14136,14136000,FTC franchise API raw amount values are assumed to be in KRW thousand units based on franchise disclosure conventions.
area_industry_average_out,2024,부산,음료 (커피 외),(단위 :천원),162739,162739000,9010,9010000,FTC franchise API raw amount values are assumed to be in KRW thousand units based on franchise disclosure conventions.
area_industry_average_out,2024,서울,음료 (커피 외),(단위 :천원),204197,204197000,14649,14649000,FTC franchise API raw amount values are assumed to be in KRW thousand units based on franchise disclosure conventions.
area_industry_average_out,2024,세종,커피,(단위 :천원),266165,266165000,12848,12848000,FTC franchise API raw amount values are assumed to be in KRW thousand units based on franchise disclosure conventions.
area_industry_average_out,2024,제주,커피,(단위 :천원),229182,229182000,9264,9264000,FTC franchise API raw amount values are assumed to be in KRW thousand units based on franchise disclosure conventions.
area_industry_average_out,2024,경남,커피,(단위 :천원),166368,166368000,10221,10221000,FTC franchise API raw amount values are assumed to be in KRW thousand units based on franchise disclosure conventions.
area_industry_average_out,2024,경북,커피,(단위 :천원),187223,187223000,10564,10564000,FTC franchise API raw amount values are assumed to be in KRW thousand units based on franchise disclosure conventions.
area_industry_average_out,2024,전남,커피,(단위 :천원),188939,188939000,9673,9673000,FTC franchise API raw amount values are assumed to be in KRW thousand units based on franchise disclosure conventions.
area_industry_average_out,2024,충남,음료 (커피 외),(단위 :천원),182335,182335000,9174,9174000,FTC franchise API raw amount values are assumed to be in KRW thousand units based on franchise disclosure conventions.
area_industry_average_out,2024,전북,커피,(단위 :천원),208599,208599000,8206,8206000,FTC franchise API raw amount values are assumed to be in KRW thousand units based on franchise disclosure conventions.
area_industry_average_out,2024,충남,커피,(단위 :천원),207803,207803000,10166,10166000,FTC franchise API raw amount values are assumed to be in KRW thousand units based on franchise disclosure conventions.
area_industry_average_out,2024,충북,커피,(단위 :천원),211958,211958000,12717,12717000,FTC franchise API raw amount values are assumed to be in KRW thousand units based on franchise disclosure conventions.
area_industry_average_out,2024,강원,커피,(단위 :천원),210760,210760000,11474,11474000,FTC franchise API raw amount values are assumed to be in KRW thousand units based on franchise disclosure conventions.
area_industry_average_out,2024,경기,커피,(단위 :천원),191140,191140000,11615,11615000,FTC franchise API raw amount values are assumed to be in KRW thousand units based on franchise disclosure conventions.
area_industry_average_out,2024,울산,커피,(단위 :천원),188566,188566000,10548,10548000,FTC franchise API raw amount values are assumed to be in KRW thousand units based on franchise disclosure conventions.
area_industry_average_out,2024,대전,커피,(단위 :천원),203045,203045000,10893,10893000,FTC franchise API raw amount values are assumed to be in KRW thousand units based on franchise disclosure conventions.
area_industry_average_out,2024,광주,커피,(단위 :천원),208671,208671000,9575,9575000,FTC franchise API raw amount values are assumed to be in KRW thousand units based on franchise disclosure conventions.
area_industry_average_out,2024,인천,커피,(단위 :천원),188503,188503000,11579,11579000,FTC franchise API raw amount values are assumed to be in KRW thousand units based on franchise disclosure conventions.
area_industry_average_out,2024,대구,커피,(단위 :천원),188467,188467000,9009,9009000,FTC franchise API raw amount values are assumed to be in KRW thousand units based on franchise disclosure conventions.
area_industry_average_out,2024,부산,커피,(단위 :천원),178700,178700000,11711,11711000,FTC franchise API raw amount values are assumed to be in KRW thousand units based on franchise disclosure conventions.
area_industry_average_out,2024,서울,커피,(단위 :천원),203998,203998000,16165,16165000,FTC franchise API raw amount values are assumed to be in KRW thousand units based on franchise disclosure conventions.
area_industry_average_out,2024,대전,주점,(단위 :천원),354629,354629000,9855,9855000,FTC franchise API raw amount values are assumed to be in KRW thousand units based on franchise disclosure conventions.
area_industry_average_out,2024,광주,주점,(단위 :천원),259016,259016000,9294,9294000,FTC franchise API raw amount values are assumed to be in KRW thousand units based on franchise disclosure conventions.
area_industry_average_out,2024,인천,주점,(단위 :천원),349179,349179000,12872,12872000,FTC franchise API raw amount values are assumed to be in KRW thousand units based on franchise disclosure conventions.
area_industry_average_out,2024,대구,주점,(단위 :천원),299372,299372000,11149,11149000,FTC franchise API raw amount values are assumed to be in KRW thousand units based on franchise disclosure conventions.
area_industry_average_out,2024,부산,주점,(단위 :천원),345510,345510000,10975,10975000,FTC franchise API raw amount values are assumed to be in KRW thousand units based on franchise disclosure conventions.
area_industry_average_out,2024,서울,주점,(단위 :천원),450757,450757000,15132,15132000,FTC franchise API raw amount values are assumed to be in KRW thousand units based on franchise disclosure conventions.
area_industry_average_out,2024,세종,음료 (커피 외),(단위 :천원),241793,241793000,12599,12599000,FTC franchise API raw amount values are assumed to be in KRW thousand units based on franchise disclosure conventions.
area_industry_average_out,2024,제주,음료 (커피 외),(단위 :천원),136027,136027000,5976,5976000,FTC franchise API raw amount values are assumed to be in KRW thousand units based on franchise disclosure conventions.
area_industry_average_out,2024,경남,음료 (커피 외),(단위 :천원),127474,127474000,6372,6372000,FTC franchise API raw amount values are assumed to be in KRW thousand units based on franchise disclosure conventions.
area_industry_average_out,2024,경북,음료 (커피 외),(단위 :천원),161881,161881000,7719,7719000,FTC franchise API raw amount values are assumed to be in KRW thousand units based on franchise disclosure conventions.
area_industry_average_out,2024,전남,음료 (커피 외),(단위 :천원),214392,214392000,6685,6685000,FTC franchise API raw amount values are assumed to be in KRW thousand units based on franchise disclosure conventions.
area_industry_average_out,2024,전북,음료 (커피 외),(단위 :천원),121619,121619000,5396,5396000,FTC franchise API raw amount values are assumed to be in KRW thousand units based on franchise disclosure conventions.
area_industry_average_out,2024,대전,서양식,(단위 :천원),389520,389520000,19749,19749000,FTC franchise API raw amount values are assumed to be in KRW thousand units based on franchise disclosure conventions.
area_industry_average_out,2024,광주,서양식,(단위 :천원),496542,496542000,26806,26806000,FTC franchise API raw amount values are assumed to be in KRW thousand units based on franchise disclosure conventions.
area_industry_average_out,2024,인천,서양식,(단위 :천원),416725,416725000,17693,17693000,FTC franchise API raw amount values are assumed to be in KRW thousand units based on franchise disclosure conventions.
area_industry_average_out,2024,대구,서양식,(단위 :천원),326667,326667000,14221,14221000,FTC franchise API raw amount values are assumed to be in KRW thousand units based on franchise disclosure conventions.
area_industry_average_out,2024,부산,서양식,(단위 :천원),250603,250603000,10961,10961000,FTC franchise API raw amount values are assumed to be in KRW thousand units based on franchise disclosure conventions.
area_industry_average_out,2024,서울,서양식,(단위 :천원),403484,403484000,26749,26749000,FTC franchise API raw amount values are assumed to be in KRW thousand units based on franchise disclosure conventions.
area_industry_average_out,2024,세종,서양식,(단위 :천원),0,0,0,0,FTC franchise API raw amount values are assumed to be in KRW thousand units based on franchise disclosure conventions.
area_industry_average_out,2024,제주,서양식,(단위 :천원),578164,578164000,6556,6556000,FTC franchise API raw amount values are assumed to be in KRW thousand units based on franchise disclosure conventions.
area_industry_average_out,2024,경남,서양식,(단위 :천원),303492,303492000,10456,10456000,FTC franchise API raw amount values are assumed to be in KRW thousand units based on franchise disclosure conventions.
area_industry_average_out,2024,경남,기타 외식,(단위 :천원),208752,208752000,9342,9342000,FTC franchise API raw amount values are assumed to be in KRW thousand units based on franchise disclosure conventions.
area_industry_average_out,2024,제주,기타 외식,(단위 :천원),287200,287200000,13574,13574000,FTC franchise API raw amount values are assumed to be in KRW thousand units based on franchise disclosure conventions.
area_industry_average_out,2024,세종,기타 외식,(단위 :천원),319954,319954000,16352,16352000,FTC franchise API raw amount values are assumed to be in KRW thousand units based on franchise disclosure conventions.
area_industry_average_out,2024,세종,분식,(단위 :천원),231755,231755000,15895,15895000,FTC franchise API raw amount values are assumed to be in KRW thousand units based on franchise disclosure conventions.
area_industry_average_out,2024,제주,분식,(단위 :천원),238196,238196000,18491,18491000,FTC franchise API raw amount values are assumed to be in KRW thousand units based on franchise disclosure conventions.
area_industry_average_out,2024,경남,분식,(단위 :천원),180051,180051000,11610,11610000,FTC franchise API raw amount values are assumed to be in KRW thousand units based on franchise disclosure conventions.
area_industry_average_out,2024,경북,분식,(단위 :천원),173680,173680000,12497,12497000,FTC franchise API raw amount values are assumed to be in KRW thousand units based on franchise disclosure conventions.
area_industry_average_out,2024,전남,분식,(단위 :천원),208307,208307000,11863,11863000,FTC franchise API raw amount values are assumed to be in KRW thousand units based on franchise disclosure conventions.
area_industry_average_out,2024,전북,분식,(단위 :천원),211104,211104000,12893,12893000,FTC franchise API raw amount values are assumed to be in KRW thousand units based on franchise disclosure conventions.
area_industry_average_out,2024,충남,분식,(단위 :천원),198467,198467000,13066,13066000,FTC franchise API raw amount values are assumed to be in KRW thousand units based on franchise disclosure conventions.
area_industry_average_out,2024,충북,분식,(단위 :천원),204051,204051000,12643,12643000,FTC franchise API raw amount values are assumed to be in KRW thousand units based on franchise disclosure conventions.
area_industry_average_out,2024,강원,분식,(단위 :천원),180794,180794000,13653,13653000,FTC franchise API raw amount values are assumed to be in KRW thousand units based on franchise disclosure conventions.
area_industry_average_out,2024,경기,분식,(단위 :천원),214578,214578000,19448,19448000,FTC franchise API raw amount values are assumed to be in KRW thousand units based on franchise disclosure conventions.
area_industry_average_out,2024,전북,중식,(단위 :천원),593533,593533000,12301,12301000,FTC franchise API raw amount values are assumed to be in KRW thousand units based on franchise disclosure conventions.
area_industry_average_out,2024,충남,중식,(단위 :천원),349111,349111000,11870,11870000,FTC franchise API raw amount values are assumed to be in KRW thousand units based on franchise disclosure conventions.
area_industry_average_out,2024,충북,중식,(단위 :천원),371447,371447000,10719,10719000,FTC franchise API raw amount values are assumed to be in KRW thousand units based on franchise disclosure conventions.
area_industry_average_out,2024,강원,중식,(단위 :천원),340407,340407000,13348,13348000,FTC franchise API raw amount values are assumed to be in KRW thousand units based on franchise disclosure conventions.
area_industry_average_out,2024,경기,중식,(단위 :천원),434058,434058000,16165,16165000,FTC franchise API raw amount values are assumed to be in KRW thousand units based on franchise disclosure conventions.
area_industry_average_out,2024,울산,중식,(단위 :천원),511201,511201000,14408,14408000,FTC franchise API raw amount values are assumed to be in KRW thousand units based on franchise disclosure conventions.
area_industry_average_out,2024,대전,중식,(단위 :천원),547351,547351000,14561,14561000,FTC franchise API raw amount values are assumed to be in KRW thousand units based on franchise disclosure conventions.
area_industry_average_out,2024,광주,중식,(단위 :천원),691242,691242000,19165,19165000,FTC franchise API raw amount values are assumed to be in KRW thousand units based on franchise disclosure conventions.
area_industry_average_out,2024,인천,중식,(단위 :천원),497924,497924000,18104,18104000,FTC franchise API raw amount values are assumed to be in KRW thousand units based on franchise disclosure conventions.
area_industry_average_out,2024,대구,중식,(단위 :천원),451729,451729000,22012,22012000,FTC franchise API raw amount values are assumed to be in KRW thousand units based on franchise disclosure conventions.
area_industry_average_out,2024,부산,중식,(단위 :천원),467751,467751000,16451,16451000,FTC franchise API raw amount values are assumed to be in KRW thousand units based on franchise disclosure conventions.
area_industry_average_out,2024,서울,중식,(단위 :천원),665239,665239000,21663,21663000,FTC franchise API raw amount values are assumed to be in KRW thousand units based on franchise disclosure conventions.
area_industry_average_out,2024,대전,일식,(단위 :천원),619334,619334000,11346,11346000,FTC franchise API raw amount values are assumed to be in KRW thousand units based on franchise disclosure conventions.
area_industry_average_out,2024,광주,일식,(단위 :천원),654652,654652000,20416,20416000,FTC franchise API raw amount values are assumed to be in KRW thousand units based on franchise disclosure conventions.
area_industry_average_out,2024,인천,일식,(단위 :천원),730571,730571000,20658,20658000,FTC franchise API raw amount values are assumed to be in KRW thousand units based on franchise disclosure conventions.
area_industry_average_out,2024,대구,일식,(단위 :천원),263743,263743000,13322,13322000,FTC franchise API raw amount values are assumed to be in KRW thousand units based on franchise disclosure conventions.
area_industry_average_out,2024,부산,일식,(단위 :천원),322902,322902000,16656,16656000,FTC franchise API raw amount values are assumed to be in KRW thousand units based on franchise disclosure conventions.
area_industry_average_out,2024,서울,일식,(단위 :천원),480111,480111000,21439,21439000,FTC franchise API raw amount values are assumed to be in KRW thousand units based on franchise disclosure conventions.
area_industry_average_out,2024,세종,중식,(단위 :천원),0,0,0,0,FTC franchise API raw amount values are assumed to be in KRW thousand units based on franchise disclosure conventions.
area_industry_average_out,2024,제주,중식,(단위 :천원),518418,518418000,15925,15925000,FTC franchise API raw amount values are assumed to be in KRW thousand units based on franchise disclosure conventions.
area_industry_average_out,2024,경남,중식,(단위 :천원),368589,368589000,12032,12032000,FTC franchise API raw amount values are assumed to be in KRW thousand units based on franchise disclosure conventions.
area_industry_average_out,2024,경북,중식,(단위 :천원),435855,435855000,13847,13847000,FTC franchise API raw amount values are assumed to be in KRW thousand units based on franchise disclosure conventions.
area_industry_average_out,2024,전남,중식,(단위 :천원),301776,301776000,13192,13192000,FTC franchise API raw amount values are assumed to be in KRW thousand units based on franchise disclosure conventions.
area_industry_average_out,2024,세종,일식,(단위 :천원),287060,287060000,23199,23199000,FTC franchise API raw amount values are assumed to be in KRW thousand units based on franchise disclosure conventions.
area_industry_average_out,2024,제주,일식,(단위 :천원),232221,232221000,14048,14048000,FTC franchise API raw amount values are assumed to be in KRW thousand units based on franchise disclosure conventions.
area_industry_average_out,2024,경남,일식,(단위 :천원),225154,225154000,12430,12430000,FTC franchise API raw amount values are assumed to be in KRW thousand units based on franchise disclosure conventions.
area_industry_average_out,2024,경북,일식,(단위 :천원),287743,287743000,11260,11260000,FTC franchise API raw amount values are assumed to be in KRW thousand units based on franchise disclosure conventions.
area_industry_average_out,2024,전남,일식,(단위 :천원),279822,279822000,11026,11026000,FTC franchise API raw amount values are assumed to be in KRW thousand units based on franchise disclosure conventions.
area_industry_average_out,2024,전북,일식,(단위 :천원),388043,388043000,12531,12531000,FTC franchise API raw amount values are assumed to be in KRW thousand units based on franchise disclosure conventions.
area_industry_average_out,2024,충남,일식,(단위 :천원),212461,212461000,12327,12327000,FTC franchise API raw amount values are assumed to be in KRW thousand units based on franchise disclosure conventions.
area_industry_average_out,2024,충북,일식,(단위 :천원),385374,385374000,14800,14800000,FTC franchise API raw amount values are assumed to be in KRW thousand units based on franchise disclosure conventions.
area_industry_average_out,2024,강원,일식,(단위 :천원),1144478,1144478000,16306,16306000,FTC franchise API raw amount values are assumed to be in KRW thousand units based on franchise disclosure conventions.
area_industry_average_out,2024,경기,일식,(단위 :천원),446248,446248000,17915,17915000,FTC franchise API raw amount values are assumed to be in KRW thousand units based on franchise disclosure conventions.
area_industry_average_out,2024,울산,일식,(단위 :천원),228091,228091000,14727,14727000,FTC franchise API raw amount values are assumed to be in KRW thousand units based on franchise disclosure conventions.
area_industry_average_out,2024,세종,기타 외국식,(단위 :천원),269708,269708000,19498,19498000,FTC franchise API raw amount values are assumed to be in KRW thousand units based on franchise disclosure conventions.
area_industry_average_out,2024,제주,기타 외국식,(단위 :천원),0,0,0,0,FTC franchise API raw amount values are assumed to be in KRW thousand units based on franchise disclosure conventions.
area_industry_average_out,2024,경남,기타 외국식,(단위 :천원),379653,379653000,11949,11949000,FTC franchise API raw amount values are assumed to be in KRW thousand units based on franchise disclosure conventions.
area_industry_average_out,2024,경북,기타 외국식,(단위 :천원),274299,274299000,19592,19592000,FTC franchise API raw amount values are assumed to be in KRW thousand units based on franchise disclosure conventions.
area_industry_average_out,2024,전남,기타 외국식,(단위 :천원),743407,743407000,33840,33840000,FTC franchise API raw amount values are assumed to be in KRW thousand units based on franchise disclosure conventions.
area_industry_average_out,2024,전북,기타 외국식,(단위 :천원),568985,568985000,34549,34549000,FTC franchise API raw amount values are assumed to be in KRW thousand units based on franchise disclosure conventions.
area_industry_average_out,2024,충남,기타 외국식,(단위 :천원),570331,570331000,24100,24100000,FTC franchise API raw amount values are assumed to be in KRW thousand units based on franchise disclosure conventions.
area_industry_average_out,2024,충북,기타 외국식,(단위 :천원),311652,311652000,20825,20825000,FTC franchise API raw amount values are assumed to be in KRW thousand units based on franchise disclosure conventions.
area_industry_average_out,2024,강원,기타 외국식,(단위 :천원),425071,425071000,27216,27216000,FTC franchise API raw amount values are assumed to be in KRW thousand units based on franchise disclosure conventions.
area_industry_average_out,2024,경기,기타 외국식,(단위 :천원),336636,336636000,17696,17696000,FTC franchise API raw amount values are assumed to be in KRW thousand units based on franchise disclosure conventions.
area_industry_average_out,2024,울산,기타 외국식,(단위 :천원),351480,351480000,26025,26025000,FTC franchise API raw amount values are assumed to be in KRW thousand units based on franchise disclosure conventions.
area_industry_average_out,2024,대전,기타 외국식,(단위 :천원),428754,428754000,31423,31423000,FTC franchise API raw amount values are assumed to be in KRW thousand units based on franchise disclosure conventions.
area_industry_average_out,2024,광주,기타 외국식,(단위 :천원),350046,350046000,19776,19776000,FTC franchise API raw amount values are assumed to be in KRW thousand units based on franchise disclosure conventions.
area_industry_average_out,2024,인천,기타 외국식,(단위 :천원),391114,391114000,24581,24581000,FTC franchise API raw amount values are assumed to be in KRW thousand units based on franchise disclosure conventions.
area_industry_average_out,2024,대구,기타 외국식,(단위 :천원),389148,389148000,21488,21488000,FTC franchise API raw amount values are assumed to be in KRW thousand units based on franchise disclosure conventions.
area_industry_average_out,2024,부산,기타 외국식,(단위 :천원),345164,345164000,17039,17039000,FTC franchise API raw amount values are assumed to be in KRW thousand units based on franchise disclosure conventions.
area_industry_average_out,2024,서울,기타 외국식,(단위 :천원),469444,469444000,22058,22058000,FTC franchise API raw amount values are assumed to be in KRW thousand units based on franchise disclosure conventions.
area_industry_average_out,2024,세종,패스트푸드,(단위 :천원),485809,485809000,18114,18114000,FTC franchise API raw amount values are assumed to be in KRW thousand units based on franchise disclosure conventions.
area_industry_average_out,2024,제주,패스트푸드,(단위 :천원),361166,361166000,14836,14836000,FTC franchise API raw amount values are assumed to be in KRW thousand units based on franchise disclosure conventions.
area_industry_average_out,2024,경남,패스트푸드,(단위 :천원),373763,373763000,13545,13545000,FTC franchise API raw amount values are assumed to be in KRW thousand units based on franchise disclosure conventions.
area_industry_average_out,2024,경북,패스트푸드,(단위 :천원),445798,445798000,12880,12880000,FTC franchise API raw amount values are assumed to be in KRW thousand units based on franchise disclosure conventions.
area_industry_average_out,2024,전남,패스트푸드,(단위 :천원),477800,477800000,14130,14130000,FTC franchise API raw amount values are assumed to be in KRW thousand units based on franchise disclosure conventions.
area_industry_average_out,2024,전북,패스트푸드,(단위 :천원),454625,454625000,14024,14024000,FTC franchise API raw amount values are assumed to be in KRW thousand units based on franchise disclosure conventions.
area_industry_average_out,2024,충남,패스트푸드,(단위 :천원),540479,540479000,14874,14874000,FTC franchise API raw amount values are assumed to be in KRW thousand units based on franchise disclosure conventions.
area_industry_average_out,2024,충북,패스트푸드,(단위 :천원),547152,547152000,16739,16739000,FTC franchise API raw amount values are assumed to be in KRW thousand units based on franchise disclosure conventions.
area_industry_average_out,2024,강원,패스트푸드,(단위 :천원),294501,294501000,16262,16262000,FTC franchise API raw amount values are assumed to be in KRW thousand units based on franchise disclosure conventions.
area_industry_average_out,2024,경기,패스트푸드,(단위 :천원),451250,451250000,18229,18229000,FTC franchise API raw amount values are assumed to be in KRW thousand units based on franchise disclosure conventions.
area_industry_average_out,2024,울산,패스트푸드,(단위 :천원),354810,354810000,13101,13101000,FTC franchise API raw amount values are assumed to be in KRW thousand units based on franchise disclosure conventions.
area_industry_average_out,2024,대전,패스트푸드,(단위 :천원),972242,972242000,18262,18262000,FTC franchise API raw amount values are assumed to be in KRW thousand units based on franchise disclosure conventions.
area_industry_average_out,2024,광주,패스트푸드,(단위 :천원),662640,662640000,19552,19552000,FTC franchise API raw amount values are assumed to be in KRW thousand units based on franchise disclosure conventions.
area_industry_average_out,2024,인천,패스트푸드,(단위 :천원),964115,964115000,24203,24203000,FTC franchise API raw amount values are assumed to be in KRW thousand units based on franchise disclosure conventions.
area_industry_average_out,2025,세종,한식,(단위 :천원),462169,462169000,17451,17451000,FTC franchise API raw amount values are assumed to be in KRW thousand units based on franchise disclosure conventions.
area_industry_average_out,2025,제주,한식,(단위 :천원),359960,359960000,15800,15800000,FTC franchise API raw amount values are assumed to be in KRW thousand units based on franchise disclosure conventions.
area_industry_average_out,2025,경남,한식,(단위 :천원),345702,345702000,11396,11396000,FTC franchise API raw amount values are assumed to be in KRW thousand units based on franchise disclosure conventions.
area_industry_average_out,2025,경북,한식,(단위 :천원),327396,327396000,9756,9756000,FTC franchise API raw amount values are assumed to be in KRW thousand units based on franchise disclosure conventions.
area_industry_average_out,2025,전남,한식,(단위 :천원),279631,279631000,9028,9028000,FTC franchise API raw amount values are assumed to be in KRW thousand units based on franchise disclosure conventions.
area_industry_average_out,2025,전북,한식,(단위 :천원),380186,380186000,11390,11390000,FTC franchise API raw amount values are assumed to be in KRW thousand units based on franchise disclosure conventions.
area_industry_average_out,2025,충남,한식,(단위 :천원),334282,334282000,19513,19513000,FTC franchise API raw amount values are assumed to be in KRW thousand units based on franchise disclosure conventions.
area_industry_average_out,2025,충북,한식,(단위 :천원),310686,310686000,10797,10797000,FTC franchise API raw amount values are assumed to be in KRW thousand units based on franchise disclosure conventions.
area_industry_average_out,2025,강원,한식,(단위 :천원),254671,254671000,12745,12745000,FTC franchise API raw amount values are assumed to be in KRW thousand units based on franchise disclosure conventions.
area_industry_average_out,2025,경기,한식,(단위 :천원),399448,399448000,15123,15123000,FTC franchise API raw amount values are assumed to be in KRW thousand units based on franchise disclosure conventions.
area_industry_average_out,2025,울산,한식,(단위 :천원),355247,355247000,192923537,192923537000,FTC franchise API raw amount values are assumed to be in KRW thousand units based on franchise disclosure conventions.
area_industry_average_out,2025,대전,한식,(단위 :천원),424717,424717000,15407,15407000,FTC franchise API raw amount values are assumed to be in KRW thousand units based on franchise disclosure conventions.
area_industry_average_out,2025,광주,한식,(단위 :천원),390783,390783000,15486,15486000,FTC franchise API raw amount values are assumed to be in KRW thousand units based on franchise disclosure conventions.
area_industry_average_out,2025,인천,한식,(단위 :천원),415845,415845000,19636,19636000,FTC franchise API raw amount values are assumed to be in KRW thousand units based on franchise disclosure conventions.
area_industry_average_out,2025,대구,한식,(단위 :천원),426668,426668000,14301,14301000,FTC franchise API raw amount values are assumed to be in KRW thousand units based on franchise disclosure conventions.
area_industry_average_out,2025,부산,한식,(단위 :천원),384675,384675000,13537,13537000,FTC franchise API raw amount values are assumed to be in KRW thousand units based on franchise disclosure conventions.
area_industry_average_out,2025,서울,한식,(단위 :천원),489953,489953000,24135,24135000,FTC franchise API raw amount values are assumed to be in KRW thousand units based on franchise disclosure conventions.
area_industry_average_out,2025,광주,분식,(단위 :천원),320458,320458000,19749,19749000,FTC franchise API raw amount values are assumed to be in KRW thousand units based on franchise disclosure conventions.
area_industry_average_out,2025,인천,분식,(단위 :천원),246092,246092000,16742,16742000,FTC franchise API raw amount values are assumed to be in KRW thousand units based on franchise disclosure conventions.
area_industry_average_out,2025,대구,분식,(단위 :천원),215454,215454000,14786,14786000,FTC franchise API raw amount values are assumed to be in KRW thousand units based on franchise disclosure conventions.
area_industry_average_out,2025,부산,분식,(단위 :천원),215439,215439000,14760,14760000,FTC franchise API raw amount values are assumed to be in KRW thousand units based on franchise disclosure conventions.
area_industry_average_out,2025,서울,분식,(단위 :천원),341157,341157000,25936,25936000,FTC franchise API raw amount values are assumed to be in KRW thousand units based on franchise disclosure conventions.
area_industry_average_out,2025,대전,서양식,(단위 :천원),350813,350813000,17731,17731000,FTC franchise API raw amount values are assumed to be in KRW thousand units based on franchise disclosure conventions.
area_industry_average_out,2025,광주,서양식,(단위 :천원),636565,636565000,21973,21973000,FTC franchise API raw amount values are assumed to be in KRW thousand units based on franchise disclosure conventions.
area_industry_average_out,2025,인천,서양식,(단위 :천원),524638,524638000,18622,18622000,FTC franchise API raw amount values are assumed to be in KRW thousand units based on franchise disclosure conventions.
area_industry_average_out,2025,대구,서양식,(단위 :천원),326628,326628000,14049,14049000,FTC franchise API raw amount values are assumed to be in KRW thousand units based on franchise disclosure conventions.
area_industry_average_out,2025,부산,서양식,(단위 :천원),344852,344852000,13428,13428000,FTC franchise API raw amount values are assumed to be in KRW thousand units based on franchise disclosure conventions.
area_industry_average_out,2025,서울,서양식,(단위 :천원),440612,440612000,26457,26457000,FTC franchise API raw amount values are assumed to be in KRW thousand units based on franchise disclosure conventions.
area_industry_average_out,2025,세종,일식,(단위 :천원),234097,234097000,18919,18919000,FTC franchise API raw amount values are assumed to be in KRW thousand units based on franchise disclosure conventions.
area_industry_average_out,2025,제주,일식,(단위 :천원),247998,247998000,14884,14884000,FTC franchise API raw amount values are assumed to be in KRW thousand units based on franchise disclosure conventions.
area_industry_average_out,2025,경남,일식,(단위 :천원),544329,544329000,8615,8615000,FTC franchise API raw amount values are assumed to be in KRW thousand units based on franchise disclosure conventions.
area_industry_average_out,2025,세종,서양식,(단위 :천원),0,0,0,0,FTC franchise API raw amount values are assumed to be in KRW thousand units based on franchise disclosure conventions.
area_industry_average_out,2025,제주,서양식,(단위 :천원),481151,481151000,5608,5608000,FTC franchise API raw amount values are assumed to be in KRW thousand units based on franchise disclosure conventions.
area_industry_average_out,2025,경남,서양식,(단위 :천원),282131,282131000,9243,9243000,FTC franchise API raw amount values are assumed to be in KRW thousand units based on franchise disclosure conventions.
area_industry_average_out,2025,경북,서양식,(단위 :천원),333653,333653000,10396,10396000,FTC franchise API raw amount values are assumed to be in KRW thousand units based on franchise disclosure conventions.
area_industry_average_out,2025,전남,서양식,(단위 :천원),395937,395937000,9223,9223000,FTC franchise API raw amount values are assumed to be in KRW thousand units based on franchise disclosure conventions.
area_industry_average_out,2025,전북,서양식,(단위 :천원),595703,595703000,13361,13361000,FTC franchise API raw amount values are assumed to be in KRW thousand units based on franchise disclosure conventions.
area_industry_average_out,2025,충남,서양식,(단위 :천원),329633,329633000,10799,10799000,FTC franchise API raw amount values are assumed to be in KRW thousand units based on franchise disclosure conventions.
area_industry_average_out,2025,충북,서양식,(단위 :천원),124403,124403000,12440,12440000,FTC franchise API raw amount values are assumed to be in KRW thousand units based on franchise disclosure conventions.
area_industry_average_out,2025,세종,분식,(단위 :천원),224090,224090000,16089,16089000,FTC franchise API raw amount values are assumed to be in KRW thousand units based on franchise disclosure conventions.
area_industry_average_out,2025,제주,분식,(단위 :천원),218975,218975000,16762,16762000,FTC franchise API raw amount values are assumed to be in KRW thousand units based on franchise disclosure conventions.
area_industry_average_out,2025,경남,분식,(단위 :천원),207798,207798000,12685,12685000,FTC franchise API raw amount values are assumed to be in KRW thousand units based on franchise disclosure conventions.
area_industry_average_out,2025,경북,분식,(단위 :천원),180494,180494000,12354,12354000,FTC franchise API raw amount values are assumed to be in KRW thousand units based on franchise disclosure conventions.
area_industry_average_out,2025,전남,분식,(단위 :천원),228389,228389000,11797,11797000,FTC franchise API raw amount values are assumed to be in KRW thousand units based on franchise disclosure conventions.
area_industry_average_out,2025,전북,분식,(단위 :천원),245896,245896000,12531,12531000,FTC franchise API raw amount values are assumed to be in KRW thousand units based on franchise disclosure conventions.
area_industry_average_out,2025,충남,분식,(단위 :천원),199113,199113000,12441,12441000,FTC franchise API raw amount values are assumed to be in KRW thousand units based on franchise disclosure conventions.
area_industry_average_out,2025,충북,분식,(단위 :천원),210523,210523000,11983,11983000,FTC franchise API raw amount values are assumed to be in KRW thousand units based on franchise disclosure conventions.
area_industry_average_out,2025,강원,분식,(단위 :천원),191910,191910000,11670,11670000,FTC franchise API raw amount values are assumed to be in KRW thousand units based on franchise disclosure conventions.
area_industry_average_out,2025,경기,분식,(단위 :천원),244634,244634000,17374,17374000,FTC franchise API raw amount values are assumed to be in KRW thousand units based on franchise disclosure conventions.
area_industry_average_out,2025,울산,분식,(단위 :천원),246492,246492000,15357,15357000,FTC franchise API raw amount values are assumed to be in KRW thousand units based on franchise disclosure conventions.
area_industry_average_out,2025,대전,분식,(단위 :천원),264993,264993000,15556,15556000,FTC franchise API raw amount values are assumed to be in KRW thousand units based on franchise disclosure conventions.
area_industry_average_out,2025,강원,중식,(단위 :천원),409049,409049000,14222,14222000,FTC franchise API raw amount values are assumed to be in KRW thousand units based on franchise disclosure conventions.
area_industry_average_out,2025,경기,중식,(단위 :천원),475477,475477000,16955,16955000,FTC franchise API raw amount values are assumed to be in KRW thousand units based on franchise disclosure conventions.
area_industry_average_out,2025,울산,중식,(단위 :천원),419231,419231000,12757,12757000,FTC franchise API raw amount values are assumed to be in KRW thousand units based on franchise disclosure conventions.
area_industry_average_out,2025,대전,중식,(단위 :천원),701639,701639000,19422,19422000,FTC franchise API raw amount values are assumed to be in KRW thousand units based on franchise disclosure conventions.
area_industry_average_out,2025,광주,중식,(단위 :천원),541497,541497000,15313,15313000,FTC franchise API raw amount values are assumed to be in KRW thousand units based on franchise disclosure conventions.
area_industry_average_out,2025,인천,중식,(단위 :천원),457423,457423000,17603,17603000,FTC franchise API raw amount values are assumed to be in KRW thousand units based on franchise disclosure conventions.
area_industry_average_out,2025,대구,중식,(단위 :천원),399575,399575000,18503,18503000,FTC franchise API raw amount values are assumed to be in KRW thousand units based on franchise disclosure conventions.
area_industry_average_out,2025,부산,중식,(단위 :천원),540510,540510000,17745,17745000,FTC franchise API raw amount values are assumed to be in KRW thousand units based on franchise disclosure conventions.
area_industry_average_out,2025,강원,서양식,(단위 :천원),418960,418960000,13245,13245000,FTC franchise API raw amount values are assumed to be in KRW thousand units based on franchise disclosure conventions.
area_industry_average_out,2025,경기,서양식,(단위 :천원),366438,366438000,15567,15567000,FTC franchise API raw amount values are assumed to be in KRW thousand units based on franchise disclosure conventions.
area_industry_average_out,2025,울산,서양식,(단위 :천원),403602,403602000,17721,17721000,FTC franchise API raw amount values are assumed to be in KRW thousand units based on franchise disclosure conventions.
area_industry_average_out,2025,서울,중식,(단위 :천원),775146,775146000,23496,23496000,FTC franchise API raw amount values are assumed to be in KRW thousand units based on franchise disclosure conventions.
area_industry_average_out,2025,서울,일식,(단위 :천원),600859,600859000,24951,24951000,FTC franchise API raw amount values are assumed to be in KRW thousand units based on franchise disclosure conventions.
area_industry_average_out,2025,세종,중식,(단위 :천원),0,0,0,0,FTC franchise API raw amount values are assumed to be in KRW thousand units based on franchise disclosure conventions.
area_industry_average_out,2025,제주,중식,(단위 :천원),829939,829939000,22122,22122000,FTC franchise API raw amount values are assumed to be in KRW thousand units based on franchise disclosure conventions.
area_industry_average_out,2025,경남,중식,(단위 :천원),353107,353107000,11545,11545000,FTC franchise API raw amount values are assumed to be in KRW thousand units based on franchise disclosure conventions.
area_industry_average_out,2025,경북,중식,(단위 :천원),425560,425560000,13962,13962000,FTC franchise API raw amount values are assumed to be in KRW thousand units based on franchise disclosure conventions.
area_industry_average_out,2025,전남,중식,(단위 :천원),340021,340021000,11255,11255000,FTC franchise API raw amount values are assumed to be in KRW thousand units based on franchise disclosure conventions.
area_industry_average_out,2025,전북,중식,(단위 :천원),572589,572589000,12785,12785000,FTC franchise API raw amount values are assumed to be in KRW thousand units based on franchise disclosure conventions.
area_industry_average_out,2025,충남,중식,(단위 :천원),419531,419531000,11812,11812000,FTC franchise API raw amount values are assumed to be in KRW thousand units based on franchise disclosure conventions.
area_industry_average_out,2025,충북,중식,(단위 :천원),447054,447054000,13961,13961000,FTC franchise API raw amount values are assumed to be in KRW thousand units based on franchise disclosure conventions.
area_industry_average_out,2025,경북,일식,(단위 :천원),315613,315613000,11721,11721000,FTC franchise API raw amount values are assumed to be in KRW thousand units based on franchise disclosure conventions.
area_industry_average_out,2025,전남,일식,(단위 :천원),155404,155404000,7086,7086000,FTC franchise API raw amount values are assumed to be in KRW thousand units based on franchise disclosure conventions.
area_industry_average_out,2025,전북,일식,(단위 :천원),432148,432148000,15594,15594000,FTC franchise API raw amount values are assumed to be in KRW thousand units based on franchise disclosure conventions.
area_industry_average_out,2025,충남,일식,(단위 :천원),276585,276585000,13303,13303000,FTC franchise API raw amount values are assumed to be in KRW thousand units based on franchise disclosure conventions.
area_industry_average_out,2025,충북,일식,(단위 :천원),368651,368651000,13982,13982000,FTC franchise API raw amount values are assumed to be in KRW thousand units based on franchise disclosure conventions.
area_industry_average_out,2025,강원,일식,(단위 :천원),2105689,2105689000,16509,16509000,FTC franchise API raw amount values are assumed to be in KRW thousand units based on franchise disclosure conventions.
area_industry_average_out,2025,경기,일식,(단위 :천원),467110,467110000,20225,20225000,FTC franchise API raw amount values are assumed to be in KRW thousand units based on franchise disclosure conventions.
area_industry_average_out,2025,울산,일식,(단위 :천원),176894,176894000,13707,13707000,FTC franchise API raw amount values are assumed to be in KRW thousand units based on franchise disclosure conventions.
area_industry_average_out,2025,대전,일식,(단위 :천원),512477,512477000,14840,14840000,FTC franchise API raw amount values are assumed to be in KRW thousand units based on franchise disclosure conventions.
area_industry_average_out,2025,광주,일식,(단위 :천원),712941,712941000,20588,20588000,FTC franchise API raw amount values are assumed to be in KRW thousand units based on franchise disclosure conventions.
area_industry_average_out,2025,인천,일식,(단위 :천원),856787,856787000,24713,24713000,FTC franchise API raw amount values are assumed to be in KRW thousand units based on franchise disclosure conventions.
area_industry_average_out,2025,세종,주점,(단위 :천원),308939,308939000,14195,14195000,FTC franchise API raw amount values are assumed to be in KRW thousand units based on franchise disclosure conventions.
area_industry_average_out,2025,제주,주점,(단위 :천원),269725,269725000,9064,9064000,FTC franchise API raw amount values are assumed to be in KRW thousand units based on franchise disclosure conventions.
area_industry_average_out,2025,충남,제과제빵,(단위 :천원),241151,241151000,16248,16248000,FTC franchise API raw amount values are assumed to be in KRW thousand units based on franchise disclosure conventions.
area_industry_average_out,2025,충북,제과제빵,(단위 :천원),308225,308225000,26441,26441000,FTC franchise API raw amount values are assumed to be in KRW thousand units based on franchise disclosure conventions.
area_industry_average_out,2025,강원,제과제빵,(단위 :천원),296927,296927000,19998,19998000,FTC franchise API raw amount values are assumed to be in KRW thousand units based on franchise disclosure conventions.
area_industry_average_out,2025,경기,제과제빵,(단위 :천원),288193,288193000,15384,15384000,FTC franchise API raw amount values are assumed to be in KRW thousand units based on franchise disclosure conventions.
area_industry_average_out,2025,울산,제과제빵,(단위 :천원),326268,326268000,13045,13045000,FTC franchise API raw amount values are assumed to be in KRW thousand units based on franchise disclosure conventions.
area_industry_average_out,2025,세종,아이스크림/빙수 ,(단위 :천원),416623,416623000,26990,26990000,FTC franchise API raw amount values are assumed to be in KRW thousand units based on franchise disclosure conventions.
area_industry_average_out,2025,제주,아이스크림/빙수 ,(단위 :천원),521249,521249000,40943,40943000,FTC franchise API raw amount values are assumed to be in KRW thousand units based on franchise disclosure conventions.
area_industry_average_out,2025,경남,아이스크림/빙수 ,(단위 :천원),277106,277106000,17797,17797000,FTC franchise API raw amount values are assumed to be in KRW thousand units based on franchise disclosure conventions.
area_industry_average_out,2025,경북,아이스크림/빙수 ,(단위 :천원),236864,236864000,15521,15521000,FTC franchise API raw amount values are assumed to be in KRW thousand units based on franchise disclosure conventions.
area_industry_average_out,2025,전남,아이스크림/빙수 ,(단위 :천원),371070,371070000,21535,21535000,FTC franchise API raw amount values are assumed to be in KRW thousand units based on franchise disclosure conventions.
area_industry_average_out,2025,전북,아이스크림/빙수 ,(단위 :천원),458589,458589000,22958,22958000,FTC franchise API raw amount values are assumed to be in KRW thousand units based on franchise disclosure conventions.
area_industry_average_out,2025,충남,아이스크림/빙수 ,(단위 :천원),459316,459316000,23570,23570000,FTC franchise API raw amount values are assumed to be in KRW thousand units based on franchise disclosure conventions.
area_industry_average_out,2025,충북,아이스크림/빙수 ,(단위 :천원),352132,352132000,19302,19302000,FTC franchise API raw amount values are assumed to be in KRW thousand units based on franchise disclosure conventions.
area_industry_average_out,2025,강원,아이스크림/빙수 ,(단위 :천원),355838,355838000,22365,22365000,FTC franchise API raw amount values are assumed to be in KRW thousand units based on franchise disclosure conventions.
area_industry_average_out,2025,경기,아이스크림/빙수 ,(단위 :천원),258580,258580000,19981,19981000,FTC franchise API raw amount values are assumed to be in KRW thousand units based on franchise disclosure conventions.
area_industry_average_out,2025,울산,아이스크림/빙수 ,(단위 :천원),421087,421087000,21029,21029000,FTC franchise API raw amount values are assumed to be in KRW thousand units based on franchise disclosure conventions.
area_industry_average_out,2025,대전,아이스크림/빙수 ,(단위 :천원),470076,470076000,31049,31049000,FTC franchise API raw amount values are assumed to be in KRW thousand units based on franchise disclosure conventions.
area_industry_average_out,2025,광주,아이스크림/빙수 ,(단위 :천원),410373,410373000,28399,28399000,FTC franchise API raw amount values are assumed to be in KRW thousand units based on franchise disclosure conventions.
area_industry_average_out,2025,인천,아이스크림/빙수 ,(단위 :천원),399407,399407000,25676,25676000,FTC franchise API raw amount values are assumed to be in KRW thousand units based on franchise disclosure conventions.
area_industry_average_out,2025,대구,아이스크림/빙수 ,(단위 :천원),395528,395528000,34780,34780000,FTC franchise API raw amount values are assumed to be in KRW thousand units based on franchise disclosure conventions.
area_industry_average_out,2025,부산,아이스크림/빙수 ,(단위 :천원),296225,296225000,17040,17040000,FTC franchise API raw amount values are assumed to be in KRW thousand units based on franchise disclosure conventions.
area_industry_average_out,2025,서울,아이스크림/빙수 ,(단위 :천원),377941,377941000,26641,26641000,FTC franchise API raw amount values are assumed to be in KRW thousand units based on franchise disclosure conventions.
area_industry_average_out,2025,인천,커피,(단위 :천원),206765,206765000,11595,11595000,FTC franchise API raw amount values are assumed to be in KRW thousand units based on franchise disclosure conventions.
area_industry_average_out,2025,대구,커피,(단위 :천원),199213,199213000,9741,9741000,FTC franchise API raw amount values are assumed to be in KRW thousand units based on franchise disclosure conventions.
area_industry_average_out,2025,부산,커피,(단위 :천원),189216,189216000,12052,12052000,FTC franchise API raw amount values are assumed to be in KRW thousand units based on franchise disclosure conventions.
area_industry_average_out,2025,서울,커피,(단위 :천원),213292,213292000,14600,14600000,FTC franchise API raw amount values are assumed to be in KRW thousand units based on franchise disclosure conventions.
area_industry_average_out,2025,전남,음료 (커피 외),(단위 :천원),201339,201339000,7921,7921000,FTC franchise API raw amount values are assumed to be in KRW thousand units based on franchise disclosure conventions.
area_industry_average_out,2025,전북,음료 (커피 외),(단위 :천원),165416,165416000,7225,7225000,FTC franchise API raw amount values are assumed to be in KRW thousand units based on franchise disclosure conventions.
area_industry_average_out,2025,충남,음료 (커피 외),(단위 :천원),194056,194056000,8686,8686000,FTC franchise API raw amount values are assumed to be in KRW thousand units based on franchise disclosure conventions.
area_industry_average_out,2025,충북,음료 (커피 외),(단위 :천원),229326,229326000,13026,13026000,FTC franchise API raw amount values are assumed to be in KRW thousand units based on franchise disclosure conventions.
area_industry_average_out,2025,강원,음료 (커피 외),(단위 :천원),182299,182299000,8090,8090000,FTC franchise API raw amount values are assumed to be in KRW thousand units based on franchise disclosure conventions.
area_industry_average_out,2025,경기,음료 (커피 외),(단위 :천원),197727,197727000,13497,13497000,FTC franchise API raw amount values are assumed to be in KRW thousand units based on franchise disclosure conventions.
area_industry_average_out,2025,울산,음료 (커피 외),(단위 :천원),360279,360279000,12437,12437000,FTC franchise API raw amount values are assumed to be in KRW thousand units based on franchise disclosure conventions.
area_industry_average_out,2025,대전,음료 (커피 외),(단위 :천원),264938,264938000,10714,10714000,FTC franchise API raw amount values are assumed to be in KRW thousand units based on franchise disclosure conventions.
area_industry_average_out,2025,광주,음료 (커피 외),(단위 :천원),230552,230552000,11151,11151000,FTC franchise API raw amount values are assumed to be in KRW thousand units based on franchise disclosure conventions.
area_industry_average_out,2025,인천,음료 (커피 외),(단위 :천원),207008,207008000,11300,11300000,FTC franchise API raw amount values are assumed to be in KRW thousand units based on franchise disclosure conventions.
area_industry_average_out,2025,대구,음료 (커피 외),(단위 :천원),393184,393184000,10601,10601000,FTC franchise API raw amount values are assumed to be in KRW thousand units based on franchise disclosure conventions.
area_industry_average_out,2025,부산,음료 (커피 외),(단위 :천원),234762,234762000,14362,14362000,FTC franchise API raw amount values are assumed to be in KRW thousand units based on franchise disclosure conventions.
area_industry_average_out,2025,서울,음료 (커피 외),(단위 :천원),222886,222886000,15487,15487000,FTC franchise API raw amount values are assumed to be in KRW thousand units based on franchise disclosure conventions.
area_industry_average_out,2025,세종,커피,(단위 :천원),328123,328123000,12337,12337000,FTC franchise API raw amount values are assumed to be in KRW thousand units based on franchise disclosure conventions.
area_industry_average_out,2025,제주,커피,(단위 :천원),228520,228520000,8854,8854000,FTC franchise API raw amount values are assumed to be in KRW thousand units based on franchise disclosure conventions.
area_industry_average_out,2025,경남,커피,(단위 :천원),193814,193814000,10468,10468000,FTC franchise API raw amount values are assumed to be in KRW thousand units based on franchise disclosure conventions.
area_industry_average_out,2025,경북,커피,(단위 :천원),199744,199744000,9598,9598000,FTC franchise API raw amount values are assumed to be in KRW thousand units based on franchise disclosure conventions.
area_industry_average_out,2025,전남,커피,(단위 :천원),202820,202820000,8667,8667000,FTC franchise API raw amount values are assumed to be in KRW thousand units based on franchise disclosure conventions.
area_industry_average_out,2025,전북,커피,(단위 :천원),218225,218225000,9226,9226000,FTC franchise API raw amount values are assumed to be in KRW thousand units based on franchise disclosure conventions.
area_industry_average_out,2025,충남,커피,(단위 :천원),226062,226062000,11640,11640000,FTC franchise API raw amount values are assumed to be in KRW thousand units based on franchise disclosure conventions.
area_industry_average_out,2025,충북,커피,(단위 :천원),210612,210612000,11358,11358000,FTC franchise API raw amount values are assumed to be in KRW thousand units based on franchise disclosure conventions.
area_industry_average_out,2025,강원,커피,(단위 :천원),234212,234212000,11245,11245000,FTC franchise API raw amount values are assumed to be in KRW thousand units based on franchise disclosure conventions.
area_industry_average_out,2025,경기,커피,(단위 :천원),181816,181816000,10609,10609000,FTC franchise API raw amount values are assumed to be in KRW thousand units based on franchise disclosure conventions.
area_industry_average_out,2025,울산,커피,(단위 :천원),195398,195398000,10022,10022000,FTC franchise API raw amount values are assumed to be in KRW thousand units based on franchise disclosure conventions.
area_industry_average_out,2025,대전,커피,(단위 :천원),236174,236174000,11046,11046000,FTC franchise API raw amount values are assumed to be in KRW thousand units based on franchise disclosure conventions.
area_industry_average_out,2025,광주,커피,(단위 :천원),221754,221754000,10365,10365000,FTC franchise API raw amount values are assumed to be in KRW thousand units based on franchise disclosure conventions.
area_industry_average_out,2025,세종,음료 (커피 외),(단위 :천원),183488,183488000,11320,11320000,FTC franchise API raw amount values are assumed to be in KRW thousand units based on franchise disclosure conventions.
area_industry_average_out,2025,제주,음료 (커피 외),(단위 :천원),213514,213514000,12624,12624000,FTC franchise API raw amount values are assumed to be in KRW thousand units based on franchise disclosure conventions.
area_industry_average_out,2025,경남,음료 (커피 외),(단위 :천원),161828,161828000,8292,8292000,FTC franchise API raw amount values are assumed to be in KRW thousand units based on franchise disclosure conventions.
area_industry_average_out,2025,경북,음료 (커피 외),(단위 :천원),208247,208247000,11040,11040000,FTC franchise API raw amount values are assumed to be in KRW thousand units based on franchise disclosure conventions.
area_industry_average_out,2025,세종,기타 외식,(단위 :천원),404507,404507000,26967,26967000,FTC franchise API raw amount values are assumed to be in KRW thousand units based on franchise disclosure conventions.
area_industry_average_out,2025,제주,기타 외식,(단위 :천원),265873,265873000,14177,14177000,FTC franchise API raw amount values are assumed to be in KRW thousand units based on franchise disclosure conventions.
area_industry_average_out,2025,경남,기타 외식,(단위 :천원),219670,219670000,9268,9268000,FTC franchise API raw amount values are assumed to be in KRW thousand units based on franchise disclosure conventions.
area_industry_average_out,2025,경북,기타 외식,(단위 :천원),257718,257718000,26601,26601000,FTC franchise API raw amount values are assumed to be in KRW thousand units based on franchise disclosure conventions.
area_industry_average_out,2025,전남,기타 외식,(단위 :천원),238714,238714000,9613,9613000,FTC franchise API raw amount values are assumed to be in KRW thousand units based on franchise disclosure conventions.
area_industry_average_out,2025,전북,기타 외식,(단위 :천원),244040,244040000,10427,10427000,FTC franchise API raw amount values are assumed to be in KRW thousand units based on franchise disclosure conventions.
area_industry_average_out,2025,충남,기타 외식,(단위 :천원),247528,247528000,10109,10109000,FTC franchise API raw amount values are assumed to be in KRW thousand units based on franchise disclosure conventions.
area_industry_average_out,2025,충북,기타 외식,(단위 :천원),228896,228896000,8979,8979000,FTC franchise API raw amount values are assumed to be in KRW thousand units based on franchise disclosure conventions.
area_industry_average_out,2025,강원,기타 외식,(단위 :천원),284298,284298000,10468,10468000,FTC franchise API raw amount values are assumed to be in KRW thousand units based on franchise disclosure conventions.
area_industry_average_out,2025,경기,기타 외식,(단위 :천원),305628,305628000,14841,14841000,FTC franchise API raw amount values are assumed to be in KRW thousand units based on franchise disclosure conventions.
area_industry_average_out,2025,울산,기타 외식,(단위 :천원),256336,256336000,10568,10568000,FTC franchise API raw amount values are assumed to be in KRW thousand units based on franchise disclosure conventions.
area_industry_average_out,2025,대전,기타 외식,(단위 :천원),239028,239028000,12362,12362000,FTC franchise API raw amount values are assumed to be in KRW thousand units based on franchise disclosure conventions.
area_industry_average_out,2025,광주,기타 외식,(단위 :천원),329707,329707000,13884,13884000,FTC franchise API raw amount values are assumed to be in KRW thousand units based on franchise disclosure conventions.
area_industry_average_out,2025,인천,기타 외식,(단위 :천원),357160,357160000,239769,239769000,FTC franchise API raw amount values are assumed to be in KRW thousand units based on franchise disclosure conventions.
area_industry_average_out,2025,대구,기타 외식,(단위 :천원),325487,325487000,14440,14440000,FTC franchise API raw amount values are assumed to be in KRW thousand units based on franchise disclosure conventions.
area_industry_average_out,2025,부산,기타 외식,(단위 :천원),263821,263821000,14070,14070000,FTC franchise API raw amount values are assumed to be in KRW thousand units based on franchise disclosure conventions.
area_industry_average_out,2025,세종,치킨,(단위 :천원),433819,433819000,24491,24491000,FTC franchise API raw amount values are assumed to be in KRW thousand units based on franchise disclosure conventions.
area_industry_average_out,2025,제주,치킨,(단위 :천원),308318,308318000,16231,16231000,FTC franchise API raw amount values are assumed to be in KRW thousand units based on franchise disclosure conventions.
area_industry_average_out,2025,경남,치킨,(단위 :천원),205856,205856000,12285,12285000,FTC franchise API raw amount values are assumed to be in KRW thousand units based on franchise disclosure conventions.
area_industry_average_out,2025,경북,치킨,(단위 :천원),195015,195015000,10486,10486000,FTC franchise API raw amount values are assumed to be in KRW thousand units based on franchise disclosure conventions.
area_industry_average_out,2025,전남,치킨,(단위 :천원),230526,230526000,11650,11650000,FTC franchise API raw amount values are assumed to be in KRW thousand units based on franchise disclosure conventions.
area_industry_average_out,2025,전북,치킨,(단위 :천원),227515,227515000,11771,11771000,FTC franchise API raw amount values are assumed to be in KRW thousand units based on franchise disclosure conventions.
area_industry_average_out,2025,경남,주점,(단위 :천원),234354,234354000,8379,8379000,FTC franchise API raw amount values are assumed to be in KRW thousand units based on franchise disclosure conventions.
area_industry_average_out,2025,경북,주점,(단위 :천원),188696,188696000,7824,7824000,FTC franchise API raw amount values are assumed to be in KRW thousand units based on franchise disclosure conventions.
area_industry_average_out,2025,전남,주점,(단위 :천원),235264,235264000,8675,8675000,FTC franchise API raw amount values are assumed to be in KRW thousand units based on franchise disclosure conventions.
area_industry_average_out,2025,전북,주점,(단위 :천원),277586,277586000,9300,9300000,FTC franchise API raw amount values are assumed to be in KRW thousand units based on franchise disclosure conventions.
area_industry_average_out,2025,충남,주점,(단위 :천원),290949,290949000,11469,11469000,FTC franchise API raw amount values are assumed to be in KRW thousand units based on franchise disclosure conventions.
area_industry_average_out,2025,충북,주점,(단위 :천원),257471,257471000,9953,9953000,FTC franchise API raw amount values are assumed to be in KRW thousand units based on franchise disclosure conventions.
area_industry_average_out,2025,강원,주점,(단위 :천원),211938,211938000,7505,7505000,FTC franchise API raw amount values are assumed to be in KRW thousand units based on franchise disclosure conventions.
area_industry_average_out,2025,경기,주점,(단위 :천원),348279,348279000,11322,11322000,FTC franchise API raw amount values are assumed to be in KRW thousand units based on franchise disclosure conventions.
area_industry_average_out,2025,울산,주점,(단위 :천원),255029,255029000,7646,7646000,FTC franchise API raw amount values are assumed to be in KRW thousand units based on franchise disclosure conventions.
area_industry_average_out,2025,대전,주점,(단위 :천원),341294,341294000,10401,10401000,FTC franchise API raw amount values are assumed to be in KRW thousand units based on franchise disclosure conventions.
area_industry_average_out,2025,광주,주점,(단위 :천원),347277,347277000,10448,10448000,FTC franchise API raw amount values are assumed to be in KRW thousand units based on franchise disclosure conventions.
area_industry_average_out,2025,인천,주점,(단위 :천원),347677,347677000,11779,11779000,FTC franchise API raw amount values are assumed to be in KRW thousand units based on franchise disclosure conventions.
area_industry_average_out,2025,대구,주점,(단위 :천원),263975,263975000,10237,10237000,FTC franchise API raw amount values are assumed to be in KRW thousand units based on franchise disclosure conventions.
area_industry_average_out,2025,부산,주점,(단위 :천원),278368,278368000,9882,9882000,FTC franchise API raw amount values are assumed to be in KRW thousand units based on franchise disclosure conventions.
area_industry_average_out,2025,서울,주점,(단위 :천원),477803,477803000,15767,15767000,FTC franchise API raw amount values are assumed to be in KRW thousand units based on franchise disclosure conventions.
area_industry_average_out,2025,서울,기타 외식,(단위 :천원),455484,455484000,20974,20974000,FTC franchise API raw amount values are assumed to be in KRW thousand units based on franchise disclosure conventions.
area_industry_average_out,2025,대구,일식,(단위 :천원),305084,305084000,14906,14906000,FTC franchise API raw amount values are assumed to be in KRW thousand units based on franchise disclosure conventions.
area_industry_average_out,2025,부산,일식,(단위 :천원),645423,645423000,16718,16718000,FTC franchise API raw amount values are assumed to be in KRW thousand units based on franchise disclosure conventions.
area_industry_average_out,2025,강원,기타 외국식,(단위 :천원),199053,199053000,24057,24057000,FTC franchise API raw amount values are assumed to be in KRW thousand units based on franchise disclosure conventions.
area_industry_average_out,2025,경기,기타 외국식,(단위 :천원),330858,330858000,16645,16645000,FTC franchise API raw amount values are assumed to be in KRW thousand units based on franchise disclosure conventions.
area_industry_average_out,2025,울산,기타 외국식,(단위 :천원),197944,197944000,17315,17315000,FTC franchise API raw amount values are assumed to be in KRW thousand units based on franchise disclosure conventions.
area_industry_average_out,2025,대전,기타 외국식,(단위 :천원),0,0,0,0,FTC franchise API raw amount values are assumed to be in KRW thousand units based on franchise disclosure conventions.
area_industry_average_out,2025,광주,기타 외국식,(단위 :천원),169341,169341000,8595,8595000,FTC franchise API raw amount values are assumed to be in KRW thousand units based on franchise disclosure conventions.
area_industry_average_out,2025,인천,기타 외국식,(단위 :천원),336781,336781000,22693,22693000,FTC franchise API raw amount values are assumed to be in KRW thousand units based on franchise disclosure conventions.
area_industry_average_out,2025,대구,기타 외국식,(단위 :천원),278773,278773000,24700,24700000,FTC franchise API raw amount values are assumed to be in KRW thousand units based on franchise disclosure conventions.
area_industry_average_out,2025,부산,기타 외국식,(단위 :천원),211638,211638000,17767,17767000,FTC franchise API raw amount values are assumed to be in KRW thousand units based on franchise disclosure conventions.
area_industry_average_out,2025,서울,기타 외국식,(단위 :천원),444627,444627000,22757,22757000,FTC franchise API raw amount values are assumed to be in KRW thousand units based on franchise disclosure conventions.
area_industry_average_out,2025,세종,기타 외국식,(단위 :천원),278320,278320000,22445,22445000,FTC franchise API raw amount values are assumed to be in KRW thousand units based on franchise disclosure conventions.
area_industry_average_out,2025,제주,기타 외국식,(단위 :천원),0,0,0,0,FTC franchise API raw amount values are assumed to be in KRW thousand units based on franchise disclosure conventions.
area_industry_average_out,2025,경남,기타 외국식,(단위 :천원),271518,271518000,9632,9632000,FTC franchise API raw amount values are assumed to be in KRW thousand units based on franchise disclosure conventions.
area_industry_average_out,2025,경북,기타 외국식,(단위 :천원),224565,224565000,11558,11558000,FTC franchise API raw amount values are assumed to be in KRW thousand units based on franchise disclosure conventions.
area_industry_average_out,2025,전남,기타 외국식,(단위 :천원),136266,136266000,6364,6364000,FTC franchise API raw amount values are assumed to be in KRW thousand units based on franchise disclosure conventions.
area_industry_average_out,2025,전북,기타 외국식,(단위 :천원),107237,107237000,5502,5502000,FTC franchise API raw amount values are assumed to be in KRW thousand units based on franchise disclosure conventions.
area_industry_average_out,2025,충남,기타 외국식,(단위 :천원),588299,588299000,9500,9500000,FTC franchise API raw amount values are assumed to be in KRW thousand units based on franchise disclosure conventions.
area_industry_average_out,2025,충북,기타 외국식,(단위 :천원),191482,191482000,14942,14942000,FTC franchise API raw amount values are assumed to be in KRW thousand units based on franchise disclosure conventions.
area_industry_average_out,2025,전남,패스트푸드,(단위 :천원),488901,488901000,15025,15025000,FTC franchise API raw amount values are assumed to be in KRW thousand units based on franchise disclosure conventions.
area_industry_average_out,2025,전북,패스트푸드,(단위 :천원),532049,532049000,15856,15856000,FTC franchise API raw amount values are assumed to be in KRW thousand units based on franchise disclosure conventions.
area_industry_average_out,2025,충남,패스트푸드,(단위 :천원),487008,487008000,16171,16171000,FTC franchise API raw amount values are assumed to be in KRW thousand units based on franchise disclosure conventions.
area_industry_average_out,2025,충북,패스트푸드,(단위 :천원),673060,673060000,18087,18087000,FTC franchise API raw amount values are assumed to be in KRW thousand units based on franchise disclosure conventions.
area_industry_average_out,2025,강원,패스트푸드,(단위 :천원),503656,503656000,20612,20612000,FTC franchise API raw amount values are assumed to be in KRW thousand units based on franchise disclosure conventions.
area_industry_average_out,2025,경기,패스트푸드,(단위 :천원),416951,416951000,15459,15459000,FTC franchise API raw amount values are assumed to be in KRW thousand units based on franchise disclosure conventions.
area_industry_average_out,2025,울산,패스트푸드,(단위 :천원),430808,430808000,15396,15396000,FTC franchise API raw amount values are assumed to be in KRW thousand units based on franchise disclosure conventions.
area_industry_average_out,2025,대전,패스트푸드,(단위 :천원),831092,831092000,16307,16307000,FTC franchise API raw amount values are assumed to be in KRW thousand units based on franchise disclosure conventions.
area_industry_average_out,2025,광주,패스트푸드,(단위 :천원),593198,593198000,20391,20391000,FTC franchise API raw amount values are assumed to be in KRW thousand units based on franchise disclosure conventions.
area_industry_average_out,2025,인천,패스트푸드,(단위 :천원),1037556,1037556000,27834,27834000,FTC franchise API raw amount values are assumed to be in KRW thousand units based on franchise disclosure conventions.
area_industry_average_out,2025,대구,패스트푸드,(단위 :천원),470831,470831000,16717,16717000,FTC franchise API raw amount values are assumed to be in KRW thousand units based on franchise disclosure conventions.
area_industry_average_out,2025,부산,패스트푸드,(단위 :천원),795485,795485000,18194,18194000,FTC franchise API raw amount values are assumed to be in KRW thousand units based on franchise disclosure conventions.
area_industry_average_out,2025,서울,패스트푸드,(단위 :천원),521235,521235000,24269,24269000,FTC franchise API raw amount values are assumed to be in KRW thousand units based on franchise disclosure conventions.
area_industry_average_out,2025,세종,패스트푸드,(단위 :천원),563531,563531000,21115,21115000,FTC franchise API raw amount values are assumed to be in KRW thousand units based on franchise disclosure conventions.
area_industry_average_out,2025,제주,패스트푸드,(단위 :천원),389961,389961000,15447,15447000,FTC franchise API raw amount values are assumed to be in KRW thousand units based on franchise disclosure conventions.
area_industry_average_out,2025,경남,패스트푸드,(단위 :천원),407466,407466000,13135,13135000,FTC franchise API raw amount values are assumed to be in KRW thousand units based on franchise disclosure conventions.
area_industry_average_out,2025,경북,패스트푸드,(단위 :천원),396946,396946000,16272,16272000,FTC franchise API raw amount values are assumed to be in KRW thousand units based on franchise disclosure conventions.
area_industry_average_out,2025,대전,제과제빵,(단위 :천원),261808,261808000,13607,13607000,FTC franchise API raw amount values are assumed to be in KRW thousand units based on franchise disclosure conventions.
area_industry_average_out,2025,광주,제과제빵,(단위 :천원),335804,335804000,15610,15610000,FTC franchise API raw amount values are assumed to be in KRW thousand units based on franchise disclosure conventions.
area_industry_average_out,2025,인천,제과제빵,(단위 :천원),312709,312709000,21542,21542000,FTC franchise API raw amount values are assumed to be in KRW thousand units based on franchise disclosure conventions.
area_industry_average_out,2025,대구,제과제빵,(단위 :천원),353943,353943000,15954,15954000,FTC franchise API raw amount values are assumed to be in KRW thousand units based on franchise disclosure conventions.
area_industry_average_out,2025,부산,제과제빵,(단위 :천원),265720,265720000,19295,19295000,FTC franchise API raw amount values are assumed to be in KRW thousand units based on franchise disclosure conventions.
area_industry_average_out,2025,서울,제과제빵,(단위 :천원),440820,440820000,25768,25768000,FTC franchise API raw amount values are assumed to be in KRW thousand units based on franchise disclosure conventions.
area_industry_average_out,2025,세종,피자,(단위 :천원),141218,141218000,12740,12740000,FTC franchise API raw amount values are assumed to be in KRW thousand units based on franchise disclosure conventions.
area_industry_average_out,2025,제주,피자,(단위 :천원),288534,288534000,17074,17074000,FTC franchise API raw amount values are assumed to be in KRW thousand units based on franchise disclosure conventions.
area_industry_average_out,2025,경남,피자,(단위 :천원),234890,234890000,13930,13930000,FTC franchise API raw amount values are assumed to be in KRW thousand units based on franchise disclosure conventions.
area_industry_average_out,2025,경북,피자,(단위 :천원),207505,207505000,12145,12145000,FTC franchise API raw amount values are assumed to be in KRW thousand units based on franchise disclosure conventions.
area_industry_average_out,2025,전남,피자,(단위 :천원),260349,260349000,14819,14819000,FTC franchise API raw amount values are assumed to be in KRW thousand units based on franchise disclosure conventions.
area_industry_average_out,2025,전북,피자,(단위 :천원),264488,264488000,17443,17443000,FTC franchise API raw amount values are assumed to be in KRW thousand units based on franchise disclosure conventions.
area_industry_average_out,2025,충남,피자,(단위 :천원),302609,302609000,18508,18508000,FTC franchise API raw amount values are assumed to be in KRW thousand units based on franchise disclosure conventions.
area_industry_average_out,2025,충북,피자,(단위 :천원),259494,259494000,16181,16181000,FTC franchise API raw amount values are assumed to be in KRW thousand units based on franchise disclosure conventions.
area_industry_average_out,2025,강원,피자,(단위 :천원),244758,244758000,13770,13770000,FTC franchise API raw amount values are assumed to be in KRW thousand units based on franchise disclosure conventions.
area_industry_average_out,2025,경기,피자,(단위 :천원),326085,326085000,22354,22354000,FTC franchise API raw amount values are assumed to be in KRW thousand units based on franchise disclosure conventions.
area_industry_average_out,2025,울산,피자,(단위 :천원),324219,324219000,19361,19361000,FTC franchise API raw amount values are assumed to be in KRW thousand units based on franchise disclosure conventions.
area_industry_average_out,2025,대전,피자,(단위 :천원),339060,339060000,21518,21518000,FTC franchise API raw amount values are assumed to be in KRW thousand units based on franchise disclosure conventions.
area_industry_average_out,2025,광주,피자,(단위 :천원),312520,312520000,18148,18148000,FTC franchise API raw amount values are assumed to be in KRW thousand units based on franchise disclosure conventions.
area_industry_average_out,2025,인천,피자,(단위 :천원),374727,374727000,24193,24193000,FTC franchise API raw amount values are assumed to be in KRW thousand units based on franchise disclosure conventions.
area_industry_average_out,2025,대구,피자,(단위 :천원),284691,284691000,16187,16187000,FTC franchise API raw amount values are assumed to be in KRW thousand units based on franchise disclosure conventions.
area_industry_average_out,2025,부산,피자,(단위 :천원),337539,337539000,18632,18632000,FTC franchise API raw amount values are assumed to be in KRW thousand units based on franchise disclosure conventions.
area_industry_average_out,2025,서울,피자,(단위 :천원),496329,496329000,33353,33353000,FTC franchise API raw amount values are assumed to be in KRW thousand units based on franchise disclosure conventions.
area_industry_average_out,2025,세종,제과제빵,(단위 :천원),421760,421760000,18252,18252000,FTC franchise API raw amount values are assumed to be in KRW thousand units based on franchise disclosure conventions.
area_industry_average_out,2025,제주,제과제빵,(단위 :천원),350657,350657000,14509,14509000,FTC franchise API raw amount values are assumed to be in KRW thousand units based on franchise disclosure conventions.
area_industry_average_out,2025,경남,제과제빵,(단위 :천원),264697,264697000,14941,14941000,FTC franchise API raw amount values are assumed to be in KRW thousand units based on franchise disclosure conventions.
area_industry_average_out,2025,경북,제과제빵,(단위 :천원),262870,262870000,12955,12955000,FTC franchise API raw amount values are assumed to be in KRW thousand units based on franchise disclosure conventions.
area_industry_average_out,2025,전남,제과제빵,(단위 :천원),320486,320486000,15407,15407000,FTC franchise API raw amount values are assumed to be in KRW thousand units based on franchise disclosure conventions.
area_industry_average_out,2025,전북,제과제빵,(단위 :천원),254987,254987000,14871,14871000,FTC franchise API raw amount values are assumed to be in KRW thousand units based on franchise disclosure conventions.
area_industry_average_out,2025,충남,치킨,(단위 :천원),231894,231894000,13139,13139000,FTC franchise API raw amount values are assumed to be in KRW thousand units based on franchise disclosure conventions.
area_industry_average_out,2025,충북,치킨,(단위 :천원),229206,229206000,13162,13162000,FTC franchise API raw amount values are assumed to be in KRW thousand units based on franchise disclosure conventions.
area_industry_average_out,2025,강원,치킨,(단위 :천원),209657,209657000,11256,11256000,FTC franchise API raw amount values are assumed to be in KRW thousand units based on franchise disclosure conventions.
area_industry_average_out,2025,경기,치킨,(단위 :천원),233428,233428000,14684,14684000,FTC franchise API raw amount values are assumed to be in KRW thousand units based on franchise disclosure conventions.
area_industry_average_out,2025,울산,치킨,(단위 :천원),264131,264131000,16230,16230000,FTC franchise API raw amount values are assumed to be in KRW thousand units based on franchise disclosure conventions.
area_industry_average_out,2025,대전,치킨,(단위 :천원),301627,301627000,19022,19022000,FTC franchise API raw amount values are assumed to be in KRW thousand units based on franchise disclosure conventions.
area_industry_average_out,2025,광주,치킨,(단위 :천원),293571,293571000,17865,17865000,FTC franchise API raw amount values are assumed to be in KRW thousand units based on franchise disclosure conventions.
area_industry_average_out,2025,인천,치킨,(단위 :천원),296821,296821000,18355,18355000,FTC franchise API raw amount values are assumed to be in KRW thousand units based on franchise disclosure conventions.
area_industry_average_out,2025,대구,치킨,(단위 :천원),258914,258914000,14625,14625000,FTC franchise API raw amount values are assumed to be in KRW thousand units based on franchise disclosure conventions.
area_industry_average_out,2025,부산,치킨,(단위 :천원),247519,247519000,15067,15067000,FTC franchise API raw amount values are assumed to be in KRW thousand units based on franchise disclosure conventions.
area_industry_average_out,2025,서울,치킨,(단위 :천원),330664,330664000,21305,21305000,FTC franchise API raw amount values are assumed to be in KRW thousand units based on franchise disclosure conventions.
